Date,ADANIENT.NS,ADANIPORTS.NS,APOLLOHOSP.NS,ASIANPAINT.NS,AXISBANK.NS,BAJAJ-AUTO.NS,BAJAJFINSV.NS,BAJFINANCE.NS,BEL.NS,BHARTIARTL.NS,CIPLA.NS,COALINDIA.NS,DRREDDY.NS,EICHERMOT.NS,ETERNAL.NS,GRASIM.NS,HCLTECH.NS,HDFCBANK.NS,HDFCLIFE.NS,HINDALCO.NS,HINDUNILVR.NS,ICICIBANK.NS,INDIGO.NS,INFY.NS,ITC.NS,JIOFIN.NS,JSWSTEEL.NS,KOTAKBANK.NS,LT.NS,M&M.NS,MARUTI.NS,MAXHEALTH.NS,NESTLEIND.NS,NTPC.NS,ONGC.NS,POWERGRID.NS,RELIANCE.NS,SBILIFE.NS,SBIN.NS,SHRIRAMFIN.NS,SUNPHARMA.NS,TATACONSUM.NS,TATASTEEL.NS,TCS.NS,TECHM.NS,TITAN.NS,TMPV.NS,TRENT.NS,ULTRACEMCO.NS,WIPRO.NS
2023-01-02,3864.7,810.07,4444.91,2995.24,929.79,3395.29,1547.45,646.47,96.51,791.5,1051.32,180.78,834.87,3116.38,60.65,1696.46,918.12,782.86,559.69,466.74,2436.17,872.4,2009.6,1388.53,280.76,,760.64,364.44,2034.24,1219.23,8121.57,439.75,948.14,150.12,123.35,139.22,1164.07,1220.89,581.6,258.35,966.35,750.84,106.12,2932.39,928.05,2582.33,,1353.9,6863.68,183.36
2023-01-03,3836.64,809.33,4424.11,2955.57,942.25,3344.13,1546.45,646.47,96.41,795.52,1041.39,179.38,830.96,3118.17,58.85,1695.58,918.03,780.55,564.64,477.09,2413.59,876.79,2025.58,1393.9,281.27,,764.83,363.33,2029.48,1230.93,8136.13,449.11,947.29,150.98,125.36,139.68,1170.94,1235.49,581.17,258.87,958.24,746.06,111.13,2924.3,923.58,2543.7,,1337.95,6912.89,183.38
2023-01-04,3833.74,807.91,4451.84,2943.93,960.95,3368.07,1559.43,649.42,96.8,803.97,1050.05,178.86,830.21,3113.49,58.4,1693.51,915.56,786.71,593.37,467.77,2414.02,877.28,2044.54,1394.95,281.56,,755.22,365.85,2032.35,1220.55,8132.25,442.98,956.04,150.84,124.61,139.77,1167.26,1258.96,578.67,254.94,976.58,748.5,110.16,2973.48,933.42,2594.02,,1341.99,6883.44,185.46
2023-01-05,3821.81,801.26,4412.72,2948.34,957.46,3349.29,1545.46,639.08,95.16,809.91,1046.21,172.85,836.1,3118.32,56.95,1670.31,920.5,777.09,594.36,454.29,2401.76,879.13,2020.54,1381.1,278.85,,731.03,362.88,2021.7,1208.51,8199.2,443.98,944.44,150.98,122.14,137.5,1151.97,1251.32,574.08,252.66,973.78,743.14,108.07,2994.62,930.87,2566.49,,1308.04,6898.14,181.96
2023-01-06,3823.75,807.02,4399.4,2919.68,944.05,3396.23,1471.13,603.63,95.93,792.78,1059.2,174.6,842.86,3148.25,56.2,1670.41,922.45,770.83,602.28,457.97,2441.94,857.72,2035.56,1348.18,283.98,,739.06,364.08,2031.62,1220.84,8213.81,438.06,957.0,153.18,122.85,135.07,1153.41,1261.54,574.46,250.57,979.47,744.89,108.53,2967.46,920.39,2535.78,,1277.14,6890.32,180.56
2023-01-09,3837.74,797.72,4381.87,2903.48,944.3,3436.12,1444.62,592.8,96.03,788.01,1052.78,171.69,841.61,3154.92,56.0,1671.39,923.29,767.94,609.27,461.89,2450.79,853.13,2020.59,1328.18,285.89,,726.0,359.1,2048.92,1240.62,8179.68,435.52,963.53,153.0,125.03,135.75,1161.92,1265.96,572.19,245.86,979.47,746.26,108.44,2903.61,909.86,2506.01,,1250.02,6922.78,180.09
2023-01-10,3853.71,804.16,4367.66,2894.6,961.45,3408.05,1426.65,590.73,96.12,810.99,1057.4,171.41,846.88,3150.19,56.0,1645.88,937.47,769.87,602.78,468.75,2483.63,854.25,2020.78,1359.18,286.7,,733.39,360.6,2072.15,1277.22,8136.13,448.96,969.72,153.13,124.44,136.2,1189.63,1296.68,575.45,250.14,980.44,747.97,109.14,2953.97,923.58,2471.39,,1221.3,6932.56,182.89
2023-01-11,3654.99,787.43,4431.04,2885.63,950.48,3365.25,1415.67,583.94,96.46,760.82,1049.81,173.24,843.93,3058.97,55.0,1623.8,944.54,754.45,594.36,472.58,2502.51,842.05,2040.7,1348.18,284.32,,739.06,358.9,2047.07,1282.09,8092.1,451.94,970.05,151.38,125.19,137.7,1165.21,1299.46,564.1,252.29,976.58,752.89,110.81,2958.56,919.43,2449.6,,1226.39,6832.31,183.36
2023-01-12,3637.51,784.18,4328.98,2850.81,946.84,3321.18,1402.69,581.63,96.55,751.0,1024.6,171.81,838.05,3042.02,54.7,1612.1,937.47,764.0,596.79,485.43,2447.71,844.59,2111.38,1359.14,282.88,,747.34,360.29,2058.74,1282.58,8073.03,447.96,954.99,149.99,123.69,138.57,1152.59,1281.74,565.48,253.71,995.83,741.19,110.34,2993.54,920.84,2426.82,,1211.34,6907.98,184.64
2023-01-13,3646.2,783.1,4323.09,2837.23,933.03,3360.56,1392.46,582.95,95.64,743.15,1035.5,170.77,847.66,2998.57,54.1,1620.8,922.36,769.27,593.81,478.22,2451.59,843.81,2097.06,1360.56,279.87,,753.84,354.81,2101.31,1291.35,8152.64,450.55,964.25,149.36,122.6,138.61,1122.25,1309.23,565.48,247.75,995.06,736.41,109.97,3006.04,915.78,2433.65,,1210.34,7055.53,184.76
2023-01-16,3714.9,784.48,4322.35,2837.23,937.97,3388.67,1395.85,590.83,96.55,752.38,1041.83,171.81,850.74,3047.38,54.0,1631.67,960.44,777.09,599.31,481.45,2487.32,856.06,2113.38,1384.86,280.29,,757.54,356.3,2086.83,1299.15,8233.22,450.95,958.94,151.56,123.69,139.51,1128.78,1309.78,570.3,243.78,995.49,733.48,112.66,3050.55,919.2,2405.03,,1203.31,7148.95,181.96
2023-01-17,3615.04,775.96,4274.76,2837.23,912.53,3369.94,1386.72,592.8,98.38,745.26,1034.34,170.41,850.59,3043.96,53.0,1614.46,970.07,764.96,601.29,472.43,2466.03,846.01,2107.14,1400.45,280.16,,747.39,354.91,2079.93,1285.46,8165.12,453.73,953.9,149.72,124.19,139.94,1122.07,1295.04,570.3,241.65,999.21,725.58,111.08,3062.5,942.72,2382.25,,1196.33,7158.78,186.64
2023-01-18,3643.0,771.68,4295.36,2859.49,919.46,3402.8,1377.53,591.22,99.1,754.15,1040.27,170.49,853.1,3062.3,50.4,1640.03,988.67,772.27,604.26,479.05,2525.23,843.57,2082.48,1416.73,283.39,,747.93,359.48,2158.75,1286.82,8226.43,453.19,964.25,150.53,124.15,141.66,1129.14,1299.31,563.58,241.7,996.55,731.44,111.32,3108.48,953.71,2395.12,,1194.39,7250.23,185.92
2023-01-19,3465.25,771.63,4298.13,2866.23,921.16,3379.28,1362.76,589.16,98.04,761.8,1035.02,172.81,855.67,3054.63,50.3,1645.92,982.82,787.67,595.5,483.61,2527.22,847.03,2076.49,1412.28,283.39,,751.82,359.59,2196.51,1284.14,8232.25,448.21,958.13,153.13,123.98,141.98,1128.87,1303.28,558.95,242.83,1001.76,731.63,112.99,3108.48,951.75,2369.86,,1219.26,7139.11,187.6
2023-01-20,3445.27,763.81,4260.69,2762.54,928.79,3363.42,1357.77,592.06,98.91,761.66,1038.42,179.26,849.22,3066.17,51.4,1648.78,990.57,791.09,602.28,488.37,2413.54,852.4,2125.96,1410.54,281.69,,748.91,354.69,2218.48,1290.43,8215.8,443.98,950.24,152.68,127.29,143.41,1129.83,1314.25,561.6,244.72,1007.5,719.73,114.47,3094.69,959.59,2367.34,,1200.97,7092.26,188.28
2023-01-23,3438.33,766.12,4253.17,2715.98,933.53,3363.84,1327.81,579.11,98.38,753.85,1025.19,182.17,854.71,3057.77,51.9,1635.11,990.53,801.75,589.41,484.45,2423.01,860.69,2106.44,1407.79,285.08,,726.79,356.9,2191.8,1287.8,8233.22,436.02,930.42,152.24,127.75,145.35,1117.96,1275.49,566.04,242.47,998.77,720.85,114.47,3115.84,960.5,2361.39,,1184.67,7006.36,189.05
2023-01-24,3442.73,757.07,4308.18,2711.13,932.53,3403.74,1334.05,580.23,97.61,758.86,1036.48,183.53,850.99,3109.05,51.0,1606.6,1003.81,805.98,585.44,487.09,2464.65,857.76,2115.43,1430.72,286.61,,724.28,357.44,2181.79,1301.2,8204.1,438.01,937.67,150.26,127.58,146.81,1113.85,1286.41,570.77,243.57,1013.25,725.44,113.64,3149.87,975.55,2350.05,,1173.45,6767.41,191.01
2023-01-25,3417.31,741.17,4273.52,2726.55,902.61,3462.87,1332.71,576.07,96.31,760.77,1036.38,181.62,835.12,3115.95,52.0,1576.31,1011.79,813.85,584.45,474.74,2461.34,852.2,2099.45,1418.8,287.54,,712.45,350.32,2139.31,1291.26,8493.33,432.63,935.2,149.18,126.66,143.21,1101.28,1263.77,563.54,239.91,994.24,722.02,111.64,3150.15,970.99,2347.58,,1202.21,6692.62,189.42
2023-01-27,3330.43,688.02,4187.4,2683.58,889.99,3614.01,1312.94,572.61,95.74,760.77,995.85,180.98,839.04,3119.23,49.0,1567.22,1001.0,785.27,580.94,483.95,2494.47,818.88,2105.44,1417.88,290.0,,717.18,349.35,2113.75,1284.63,8571.53,436.96,930.91,149.4,127.66,142.3,1088.47,1254.34,537.2,237.35,1008.37,721.73,113.08,3150.79,958.22,2345.99,,1208.34,6621.87,187.81
2023-01-30,2846.1,610.26,4195.82,2642.26,849.65,3698.49,1318.63,568.19,89.35,757.48,1028.69,177.31,846.87,3051.78,47.9,1553.35,994.63,767.46,581.28,469.74,2470.33,780.67,2086.47,1402.1,294.33,,714.42,341.57,2069.72,1286.58,8523.52,450.45,928.29,150.62,123.52,141.46,1064.41,1212.95,506.93,234.32,1005.48,717.78,111.73,3145.27,939.17,2309.94,,1176.34,6634.65,186.17
2023-01-31,2975.92,590.57,4198.8,2677.18,870.69,3640.29,1352.17,595.75,86.8,760.82,1015.07,179.38,851.78,3091.32,48.0,1575.57,1012.82,779.35,582.42,465.76,2430.58,806.04,2086.47,1420.54,293.57,,698.36,345.04,2060.53,1316.01,8599.16,438.06,928.0,152.64,121.55,137.96,1087.37,1234.49,515.44,235.95,1018.07,717.78,110.16,3171.94,934.52,2324.79,,1176.79,6809.69,188.16
2023-02-01,2990.9,617.15,4233.95,2667.29,873.98,3594.72,1345.78,585.32,93.24,761.75,991.71,181.77,850.99,3167.57,50.0,1566.28,1013.71,781.42,577.42,463.85,2461.06,823.07,2116.67,1414.39,299.51,,711.47,347.93,2073.22,1351.34,8676.93,461.5,923.17,154.8,122.1,146.0,1086.44,1210.52,530.95,251.15,1000.17,719.0,111.41,3092.85,928.18,2385.76,,1200.37,6967.03,187.78
2023-02-02,2345.63,501.99,4221.08,2658.75,848.7,3566.13,1266.91,573.01,86.08,751.1,998.62,176.19,845.51,3153.08,48.4,1548.59,1014.42,773.77,494.31,457.97,2432.0,808.39,2086.47,1423.38,306.8,,719.1,342.95,2075.75,1313.82,8509.93,438.01,924.57,152.77,119.75,140.16,1058.16,1082.13,491.99,244.51,974.6,720.51,113.13,3151.71,936.62,2318.9,,1211.43,6981.78,188.2
2023-02-03,1487.96,451.79,4204.24,2624.46,870.69,3552.99,1302.86,568.18,89.78,765.63,994.63,173.8,857.66,3122.57,48.15,1573.17,1028.87,775.16,491.34,458.7,2498.73,843.76,2131.9,1465.11,324.03,,716.39,353.03,2115.94,1324.68,8679.84,439.0,918.6,151.69,120.17,138.35,1072.31,1106.75,506.93,240.41,971.75,718.9,111.36,3222.52,934.02,2298.15,,1213.33,7065.31,192.95
2023-02-06,1572.84,490.18,4170.57,2677.57,869.55,3610.77,1335.25,590.83,89.87,775.25,992.68,174.76,858.67,3182.05,48.7,1590.67,1012.1,798.74,482.42,448.16,2490.21,840.69,2176.32,1465.57,324.54,,717.23,353.91,2103.59,1356.55,8667.17,430.59,918.34,151.69,118.66,138.51,1056.79,1118.85,528.5,238.29,984.3,710.37,111.32,3194.15,917.2,2451.43,,1237.26,7037.14,189.61
2023-02-07,1568.85,541.36,4263.67,2679.12,884.51,3635.6,1342.94,602.94,90.84,779.37,1002.22,175.08,858.77,3164.72,48.0,1592.44,1023.38,798.45,479.35,431.49,2503.46,834.34,2066.51,1438.97,325.73,,697.67,349.37,2101.65,1347.78,8648.77,438.65,919.5,153.54,120.5,141.46,1055.42,1134.54,518.28,244.7,990.33,713.69,104.45,3190.24,916.28,2433.06,,1228.38,7035.81,189.65
2023-02-08,1867.29,555.14,4278.52,2684.94,879.77,3659.86,1354.72,607.08,91.27,763.77,1007.28,175.4,872.36,3162.74,51.2,1589.83,1010.95,795.97,480.24,423.64,2453.96,831.9,2021.98,1435.76,317.96,,707.33,354.67,2100.0,1338.67,8517.7,438.01,915.92,152.71,121.76,141.38,1055.88,1131.56,520.17,245.44,976.91,713.73,103.38,3198.66,918.56,2423.85,,1208.44,6995.54,187.55
2023-02-09,2165.03,578.02,4305.61,2698.47,873.84,3642.07,1367.75,627.75,92.61,755.91,997.84,176.42,871.19,3125.12,54.7,1609.1,1019.95,798.74,503.77,428.55,2448.56,837.76,2036.76,1463.92,317.33,,722.31,352.51,2089.74,1337.16,8546.14,437.01,918.29,153.03,121.13,140.81,1074.34,1161.93,522.06,247.46,975.16,706.57,104.03,3232.64,921.8,2443.66,,1286.11,7129.28,190.24
2023-02-10,1766.58,564.59,4343.29,2745.08,869.75,3609.31,1403.69,635.53,92.42,754.88,993.66,174.79,880.98,3114.5,52.7,1612.5,1003.72,793.35,514.91,435.95,2446.67,834.88,2044.54,1479.28,315.8,,711.47,352.5,2080.22,1343.54,8541.78,438.5,918.82,152.25,122.39,140.75,1075.0,1171.12,516.86,249.64,978.85,704.13,102.97,3237.24,922.26,2428.8,,1337.85,7055.53,190.36
2023-02-13,1847.47,578.66,4387.86,2730.05,864.96,3614.8,1401.69,633.66,93.1,756.89,1008.25,172.75,883.75,3114.45,53.0,1607.58,999.67,796.33,517.64,426.1,2423.01,832.78,2038.55,1464.65,316.48,,705.55,353.93,2112.1,1340.08,8531.29,435.62,922.93,152.25,123.48,142.21,1068.29,1171.46,523.96,241.81,980.26,708.61,100.93,3263.91,925.4,2456.54,,1330.97,7094.86,189.72
2023-02-14,1732.62,542.34,4338.39,2720.59,860.27,3656.2,1387.72,625.67,91.7,754.93,999.2,174.01,890.99,3150.14,51.8,1595.78,999.44,801.14,510.55,421.19,2446.67,833.27,2053.53,1453.37,318.17,,711.12,352.91,2152.92,1323.51,8558.48,426.26,923.88,155.38,124.48,144.17,1063.61,1169.28,510.67,238.67,989.74,700.23,101.62,3223.44,917.24,2505.02,,1303.41,7095.01,188.48
2023-02-15,1777.56,558.88,4129.96,2693.67,869.7,3629.59,1395.7,635.14,90.97,760.82,999.35,172.34,891.57,3093.21,50.55,1577.79,1003.01,807.4,505.95,427.08,2413.54,845.47,2028.57,1452.73,329.21,,709.6,352.61,2124.73,1329.56,8519.11,421.08,921.96,153.08,124.77,141.64,1084.64,1152.31,510.72,239.33,974.19,703.2,101.11,3206.89,925.31,2479.76,,1314.57,7019.14,188.34
2023-02-16,1817.51,570.89,4466.65,2713.07,870.49,3670.33,1426.65,640.56,92.76,775.2,1004.12,174.38,890.49,3215.81,50.8,1604.83,1015.14,805.09,514.12,428.45,2423.01,854.79,1918.81,1467.4,329.42,,720.14,357.7,2125.51,1345.05,8621.58,419.79,939.12,153.08,125.61,144.07,1118.17,1177.52,517.19,242.45,971.17,714.08,102.97,3243.86,980.1,2506.06,,1345.93,7067.97,191.2
2023-02-17,1797.53,569.9,4595.6,2718.84,858.73,3651.55,1417.72,631.2,94.36,771.57,1007.77,175.48,882.4,3174.38,51.25,1597.84,1000.07,799.22,509.71,426.34,2389.88,846.59,1895.75,1461.9,328.61,,715.41,355.53,2108.99,1325.42,8531.29,428.3,946.13,154.0,130.22,142.14,1104.72,1166.9,509.3,236.38,964.66,713.1,103.48,3242.89,1010.28,2491.2,,1355.9,7056.51,190.28
2023-02-20,1647.74,558.39,4548.9,2759.63,857.43,3656.2,1415.67,632.68,93.54,766.96,971.27,177.93,886.09,3186.88,51.9,1616.43,989.24,798.74,501.54,421.58,2383.26,841.81,1882.77,1453.6,331.75,,717.77,352.53,2171.1,1308.02,8551.44,434.97,919.79,154.65,131.64,143.21,1116.13,1135.53,503.15,238.07,962.67,708.96,104.17,3220.68,1029.79,2476.35,,1355.95,7179.43,189.56
2023-02-21,1623.77,575.81,4566.73,2751.87,846.76,3686.29,1407.08,629.73,92.81,768.72,943.83,178.71,883.01,3177.23,54.6,1607.58,999.44,789.12,506.1,429.28,2392.72,833.76,1891.8,1466.21,332.01,,719.35,347.93,2176.25,1320.1,8441.0,426.06,912.59,155.89,129.72,144.5,1106.55,1155.58,498.51,235.83,962.52,707.49,104.73,3213.33,1044.84,2462.43,,1338.95,7320.83,190.54
2023-02-22,1532.9,574.33,4461.75,2725.63,837.78,3601.9,1387.62,623.43,92.57,762.78,940.71,175.24,879.6,3157.91,54.85,1606.84,976.26,788.63,495.89,422.17,2381.51,830.68,1853.87,1433.47,329.42,,709.6,343.73,2166.53,1312.7,8423.03,429.2,912.67,159.49,129.17,143.47,1107.44,1140.39,492.51,229.03,944.58,708.03,105.05,3140.63,1022.96,2428.75,,1324.94,7205.0,186.85
2023-02-23,1378.11,531.02,4428.42,2720.83,830.85,3611.66,1359.76,611.9,91.99,759.84,939.16,173.93,877.48,3153.08,53.0,1555.47,985.0,776.12,489.8,422.08,2358.65,816.34,1828.01,1439.75,331.54,,691.66,340.43,2142.23,1291.6,8440.46,430.29,901.9,157.64,128.71,142.81,1085.55,1128.43,488.92,228.83,945.99,705.05,103.48,3146.19,1027.51,2409.49,,1340.94,7121.21,185.12
2023-02-24,1408.07,548.25,4418.23,2630.72,847.85,3598.56,1351.48,615.82,92.52,761.51,935.36,176.42,875.28,3138.5,55.5,1554.09,978.05,778.48,483.91,429.53,2358.84,823.56,1861.85,1430.72,335.46,,694.72,341.55,2099.46,1286.67,8457.5,426.31,905.83,157.0,130.45,141.08,1082.81,1127.69,495.77,227.47,943.66,699.25,104.36,3147.57,1036.63,2377.29,,1327.98,7092.75,185.19
2023-02-27,1298.22,550.22,4447.94,2658.17,849.6,3567.02,1355.72,612.0,92.23,739.22,939.74,177.24,880.42,3090.31,54.7,1554.48,971.81,763.08,478.31,406.97,2353.92,813.41,1835.9,1412.38,332.1,,674.51,338.62,2074.24,1237.8,8378.86,429.64,903.84,157.83,132.39,143.77,1087.38,1113.74,492.84,230.43,943.56,702.18,101.85,3117.68,1011.1,2376.4,,1302.31,7099.78,183.69
2023-02-28,1143.43,554.16,4412.23,2667.48,853.69,3423.45,1361.96,612.5,92.04,741.19,920.57,176.91,870.21,3024.64,53.7,1551.53,966.01,766.02,486.28,405.5,2337.59,834.25,1836.6,1390.0,329.86,,673.97,344.13,2055.72,1231.61,8398.28,425.21,900.46,159.35,132.52,146.53,1075.55,1123.02,498.66,227.89,942.1,694.38,99.12,3061.12,1019.31,2378.38,,1284.96,7062.46,183.27
2023-03-01,1422.05,588.61,4365.28,2743.14,843.81,3445.04,1333.5,600.69,92.09,728.82,883.49,175.93,846.18,2999.53,53.5,1541.7,960.53,775.64,484.3,394.22,2326.47,843.13,1865.8,1368.72,322.74,,658.26,344.79,2041.14,1243.55,8369.15,426.31,903.84,157.64,130.67,147.16,1070.03,1118.31,494.87,228.27,924.6,695.3,97.12,3056.06,1003.13,2347.58,,1282.62,7106.66,181.52
2023-03-02,1497.85,594.46,4392.4,2746.05,863.71,3502.35,1372.74,607.1,94.02,737.26,877.79,178.67,854.33,3046.95,54.75,1567.27,972.07,766.98,485.39,406.97,2334.28,832.39,1842.79,1361.93,327.27,,670.23,346.06,2070.25,1246.08,8515.76,431.54,908.67,158.79,132.82,144.8,1066.83,1113.4,506.88,231.29,933.35,699.11,98.38,3091.01,1021.13,2359.81,,1287.6,7153.03,181.8
2023-03-03,1686.54,652.58,4380.25,2751.92,847.5,3492.02,1354.77,602.83,94.07,731.37,867.14,182.88,865.03,3033.48,54.9,1575.13,994.1,767.94,480.74,405.21,2334.04,836.05,1859.56,1363.54,325.11,,671.56,345.34,2080.02,1225.96,8342.01,428.0,896.54,158.61,132.39,146.39,1072.38,1092.01,512.61,229.9,940.21,691.45,98.33,3084.57,1019.31,2347.58,,1286.11,7207.95,182.68
2023-03-06,1964.01,679.16,4379.51,2757.69,854.69,3493.57,1355.02,604.62,93.2,752.67,861.3,182.1,869.81,3030.44,54.0,1573.12,1006.58,779.49,487.37,410.9,2349.14,850.69,1871.84,1370.69,332.79,,673.53,350.18,2097.76,1237.31,8388.57,426.06,895.23,159.44,132.99,148.79,1095.59,1123.62,534.26,230.73,943.07,695.35,99.72,3091.84,995.6,2389.72,,1302.66,7123.38,183.55
2023-03-08,2037.21,689.0,4378.42,2783.88,856.23,3495.54,1372.74,603.53,93.1,750.02,860.03,183.65,869.03,3057.48,53.45,1572.18,991.42,779.49,485.39,402.02,2353.92,845.71,1856.86,1367.02,334.6,,660.23,346.14,2091.69,1237.75,8374.01,422.08,889.58,162.02,134.58,150.74,1099.56,1121.63,529.63,235.46,933.35,695.35,97.68,3093.77,984.66,2373.73,,1315.07,7094.81,183.18
2023-03-09,2046.99,702.68,4362.65,2776.12,860.22,3577.58,1375.74,590.83,93.0,780.45,853.76,183.65,865.63,3100.93,55.1,1574.25,1000.29,784.28,490.35,403.05,2351.88,846.25,1908.08,1371.11,338.13,,667.22,346.79,2113.99,1258.22,8471.09,435.97,894.17,164.51,136.73,152.11,1102.9,1120.84,534.12,242.07,930.92,704.96,100.05,3113.08,986.49,2378.09,,1342.34,7146.0,183.71
2023-03-10,1867.44,674.04,4363.34,2758.66,857.33,3595.23,1337.8,577.54,91.21,758.86,855.61,182.1,857.26,3027.49,53.8,1558.42,985.18,774.9,482.97,395.21,2318.9,824.29,1866.8,1339.01,333.69,,658.5,340.35,2110.64,1217.28,8281.77,451.15,895.62,164.14,133.76,147.62,1068.89,1084.91,523.1,243.01,920.23,689.5,99.26,3046.77,952.75,2332.57,,1320.55,7080.11,181.42
2023-03-13,1914.37,692.64,4291.24,2738.78,843.37,3588.61,1323.82,577.93,90.97,763.23,858.96,183.12,857.66,3010.16,53.95,1575.13,999.4,764.05,485.39,401.09,2334.04,821.12,1886.76,1342.86,335.63,,672.84,338.76,2103.4,1191.65,8351.24,457.97,890.78,167.19,134.28,151.48,1063.18,1083.92,517.34,240.33,928.59,687.55,100.42,3065.26,1025.69,2350.3,,1336.95,7104.69,181.94
2023-03-14,1871.43,670.5,4309.09,2699.44,825.81,3546.84,1297.86,575.08,89.81,750.02,849.62,180.34,861.38,2929.42,52.0,1543.52,979.43,755.55,475.93,396.48,2330.25,807.02,1846.88,1321.58,332.62,,668.11,333.57,2084.25,1162.02,8296.28,463.69,886.92,164.74,133.93,149.55,1040.81,1066.84,499.03,236.6,927.03,678.77,99.26,3016.52,1028.43,2314.84,,1327.08,6962.11,180.79
2023-03-15,1758.49,651.16,4298.93,2689.01,835.84,3543.51,1287.88,571.14,90.44,744.13,851.57,181.28,854.12,2940.43,51.5,1535.8,976.31,759.28,468.6,400.06,2320.69,816.24,1875.83,1318.83,328.56,,671.07,332.58,2103.54,1137.36,8398.28,464.04,884.5,165.48,132.39,150.51,1042.68,1072.0,501.07,236.59,925.57,678.77,99.72,2988.93,1025.6,2357.48,,1340.94,7007.34,179.46
2023-03-16,1858.45,676.11,4295.16,2764.48,819.33,3511.64,1283.39,564.21,89.67,736.28,857.41,178.51,864.72,2918.12,50.9,1532.12,966.41,740.52,462.31,392.85,2295.19,809.65,1869.84,1300.3,328.22,,665.35,332.98,2123.66,1130.54,8213.9,464.88,869.52,164.33,129.98,152.41,1023.92,1066.51,490.29,233.0,928.73,671.95,99.49,2950.3,1008.37,2390.67,,1316.02,7016.78,175.55
2023-03-17,1898.4,677.68,4304.14,2836.21,832.79,3583.78,1302.81,565.23,90.05,736.28,863.59,181.32,863.68,2947.38,53.45,1543.67,970.2,749.42,459.69,381.72,2339.39,811.7,1865.2,1311.49,332.01,,660.23,334.89,2125.41,1143.11,8255.56,461.0,894.12,167.56,131.96,155.39,1024.72,1062.58,499.98,237.63,941.66,680.72,98.75,2897.42,1024.19,2443.81,,1344.93,7039.94,176.42
2023-03-20,1834.48,660.46,4286.28,2827.53,833.79,3557.68,1302.86,565.13,89.96,741.14,850.64,179.69,868.64,2872.64,53.6,1524.99,985.18,754.45,465.58,386.13,2316.43,816.78,1854.87,1302.05,321.92,,663.08,336.37,2129.69,1140.24,8074.82,472.8,913.5,163.73,131.53,149.65,1011.14,1066.16,498.04,241.11,923.63,673.9,98.42,2915.03,1036.45,2438.71,,1361.88,7153.86,175.39
2023-03-21,1834.43,660.95,4284.3,2772.39,837.88,3573.17,1256.93,551.62,89.96,746.1,843.59,178.18,870.78,2865.1,53.85,1573.17,979.83,756.37,462.61,380.2,2380.42,822.63,1881.77,1283.06,326.67,,661.7,340.46,2121.53,1140.87,8005.06,466.28,917.85,163.08,131.66,150.94,1012.94,1069.6,493.69,233.26,938.21,686.67,97.49,2890.8,1007.41,2451.58,,1342.29,7122.39,172.58
2023-03-22,1831.49,659.38,4239.72,2740.23,853.34,3681.36,1268.91,566.19,90.44,747.08,840.86,177.16,868.31,2848.4,53.4,1583.0,973.54,762.17,478.46,382.55,2340.29,836.93,1890.8,1286.73,325.07,,656.28,340.95,2157.29,1137.85,7996.32,463.04,918.77,163.96,131.01,148.12,1043.09,1113.82,493.88,238.66,930.44,683.65,97.17,2878.61,1000.16,2494.13,,1319.11,7237.45,172.04
2023-03-23,1791.54,644.71,4240.66,2732.57,844.76,3663.29,1289.83,572.07,89.28,744.13,844.75,174.1,878.05,2841.35,52.9,1582.9,960.22,754.35,492.77,379.51,2342.56,836.3,1885.76,1269.26,325.11,,652.24,338.79,2151.95,1131.52,8023.51,465.88,909.62,160.5,129.89,148.79,1035.33,1108.15,491.23,234.89,947.94,693.94,96.85,2864.68,991.14,2486.25,,1328.48,7248.26,170.66
2023-03-24,1793.54,647.86,4242.15,2713.85,844.01,3609.41,1279.19,571.52,91.47,749.58,845.82,174.18,872.35,2824.74,52.5,1578.08,956.65,750.62,489.85,393.05,2339.91,831.9,1906.78,1272.97,328.99,,661.36,334.18,2144.17,1131.08,8110.11,464.04,918.58,161.56,131.27,148.12,1024.95,1104.37,486.6,237.21,950.46,689.5,97.4,2895.95,1007.46,2492.99,,1340.94,7280.71,169.94
2023-03-27,1738.27,627.98,4269.13,2714.53,838.83,3599.88,1242.95,561.09,90.64,749.04,857.45,170.3,880.2,2813.73,50.7,1558.61,939.09,751.68,482.07,382.46,2352.02,834.29,1864.0,1271.37,325.93,,651.46,339.09,2114.09,1112.51,8009.92,461.6,918.34,159.21,128.56,148.05,1012.28,1104.07,479.5,233.0,952.8,689.4,95.13,2883.17,993.87,2456.54,,1312.68,7283.66,169.19
2023-03-28,1725.58,612.82,4298.98,2707.25,835.19,3586.78,1243.25,553.52,89.33,751.59,867.92,171.03,881.96,2795.57,50.2,1595.78,942.21,753.36,490.79,385.4,2375.5,834.88,1838.89,1276.73,327.87,,652.49,340.74,2106.99,1114.56,8064.19,457.32,913.5,158.01,129.16,146.96,1024.83,1099.2,483.71,229.03,959.6,672.92,95.41,2875.81,1001.99,2479.22,,1331.97,7359.38,169.78
2023-03-29,1600.75,584.03,4297.79,2700.9,830.3,3576.93,1227.28,547.72,87.82,737.26,870.01,171.48,891.86,2760.52,50.25,1592.04,932.58,762.17,486.68,387.26,2352.02,836.34,1814.98,1264.72,327.87,,653.62,338.98,2077.74,1105.15,8009.77,441.79,914.95,159.21,126.58,147.52,1022.1,1088.45,481.4,231.84,958.29,678.82,95.08,2877.65,980.74,2476.64,,1284.11,7296.25,167.44
2023-03-31,1785.55,633.78,4348.62,2673.35,852.64,3638.08,1250.24,560.7,91.76,738.39,865.0,173.32,898.44,2822.9,51.25,1608.27,965.92,767.75,492.33,396.23,2421.87,841.13,1831.41,1287.65,329.42,,669.09,344.04,2096.06,1118.46,8083.66,448.16,925.83,161.19,129.03,148.79,1029.4,1094.62,492.41,236.97,967.57,682.82,97.4,2933.7,998.34,2503.04,,1331.97,7448.97,169.94
2023-04-03,1748.05,628.52,4307.61,2664.52,861.72,3665.45,1270.91,556.86,96.34,741.19,885.63,174.87,911.36,2945.45,51.5,1602.47,971.76,773.5,497.33,398.64,2432.47,858.93,1896.79,1316.08,331.15,,680.33,345.74,2118.9,1131.81,8168.03,434.47,956.23,161.93,132.82,151.01,1070.48,1094.42,496.29,239.43,953.77,692.43,97.49,2965.89,1007.09,2502.0,,1388.8,7543.17,172.09
2023-04-05,1715.1,617.05,4214.88,2677.18,868.7,3749.18,1293.87,574.29,92.54,753.95,865.19,179.94,911.57,2879.78,52.1,1602.66,967.66,778.82,498.96,394.22,2378.05,865.18,1886.81,1283.98,326.75,,668.6,347.93,2109.18,1142.24,8273.95,426.06,950.19,164.42,134.75,150.51,1071.85,1103.92,498.42,242.26,957.66,699.25,96.57,2929.61,1004.72,2535.78,,1355.9,7448.87,172.91
2023-04-06,1702.66,626.99,4182.15,2723.21,859.52,3781.09,1277.2,567.3,95.03,748.65,874.92,181.69,920.19,2847.62,51.75,1636.24,988.79,793.23,501.34,393.24,2437.21,860.69,1930.54,1298.65,333.43,,677.96,348.93,2194.47,1124.69,8217.69,413.87,956.76,162.67,131.7,150.91,1058.23,1103.28,495.58,243.21,969.47,709.3,97.26,2965.94,1006.54,2558.56,,1362.88,7561.95,172.58
2023-04-10,1771.57,635.85,4180.17,2725.68,852.54,3787.71,1308.85,585.41,96.29,754.88,872.93,180.87,927.64,2877.85,52.15,1646.86,973.46,800.3,509.81,398.93,2427.98,858.79,1910.02,1305.94,334.04,,674.07,350.35,2220.86,1141.51,8210.5,434.12,952.17,162.16,129.55,149.58,1072.77,1113.72,500.55,246.59,986.83,709.0,96.94,2961.34,999.57,2543.7,,1363.13,7573.6,172.11
2023-04-11,1807.52,644.71,4227.77,2706.28,846.01,3829.91,1310.79,576.85,97.75,761.8,880.76,181.94,935.68,2868.63,54.65,1681.12,984.29,798.26,511.94,404.91,2404.08,852.59,1903.28,1310.48,335.07,,683.63,368.31,2254.98,1169.53,8330.31,440.99,949.66,164.24,135.05,152.04,1065.46,1105.27,502.06,246.76,980.6,707.98,97.91,3001.8,1010.19,2559.25,,1352.01,7586.54,174.69
2023-04-12,1811.52,645.69,4252.27,2672.86,852.64,3921.34,1318.83,574.78,97.51,759.84,884.66,182.96,933.79,2930.97,54.25,1686.73,973.59,802.59,509.17,411.78,2419.22,862.11,1876.83,1295.95,343.01,,709.4,367.27,2239.43,1172.94,8419.64,448.16,951.93,164.14,136.68,153.7,1066.54,1112.83,504.28,245.67,987.31,703.06,100.37,2968.65,1005.63,2555.64,,1350.07,7620.95,173.33
2023-04-13,1852.46,649.34,4293.23,2703.08,851.39,4008.26,1318.73,576.74,98.14,755.91,897.21,186.14,958.23,3032.37,53.2,1688.2,970.91,812.36,514.76,409.96,2389.88,869.57,1885.81,1292.92,341.07,,706.54,366.47,2230.48,1182.64,8376.97,476.83,942.5,162.3,135.95,150.98,1074.14,1121.13,500.6,247.55,993.92,704.13,99.72,2952.14,1003.13,2563.51,,1363.77,7576.75,173.0
2023-04-17,1868.19,652.58,4373.56,2740.23,879.67,4046.75,1342.79,590.63,98.34,774.56,890.5,184.18,956.06,3124.11,54.2,1660.72,940.6,827.61,537.4,414.18,2435.31,895.14,1886.81,1146.68,338.82,,703.58,376.63,2195.44,1188.0,8592.46,471.45,946.85,158.93,136.77,154.5,1106.98,1114.32,499.37,245.86,971.71,699.25,99.81,2882.34,943.64,2575.4,,1351.91,7527.78,168.35
2023-04-18,1889.41,657.51,4343.8,2762.54,863.06,3993.48,1337.8,588.37,98.73,751.0,880.76,187.53,953.01,3117.98,54.05,1700.94,935.74,803.55,531.95,421.68,2423.01,886.01,1943.72,1164.71,344.95,,709.55,379.02,2157.78,1182.2,8439.98,468.87,976.34,156.77,137.67,157.35,1085.09,1139.54,515.77,251.01,971.27,698.47,99.44,2901.51,943.45,2578.42,,1359.19,7649.47,169.99
2023-04-19,1844.47,648.65,4319.01,2751.24,862.71,3927.63,1332.81,582.53,100.28,747.42,901.15,190.8,958.11,3152.07,53.6,1680.88,957.5,801.14,527.49,426.0,2411.65,874.26,1946.71,1150.4,341.54,,704.91,376.5,2146.21,1174.06,8437.16,464.14,998.56,155.61,136.08,152.11,1067.77,1134.22,514.5,254.81,975.64,690.47,100.05,2879.26,934.7,2555.64,,1356.89,7478.37,172.07
2023-04-20,1852.46,652.58,4284.6,2735.38,872.49,4003.57,1331.76,586.89,98.82,750.02,887.58,187.78,963.72,3195.28,54.15,1669.82,927.23,804.37,520.06,423.55,2383.07,870.69,1964.48,1128.71,344.95,,715.41,375.7,2162.64,1187.07,8417.69,469.26,995.43,154.09,137.2,153.33,1074.64,1117.7,511.85,259.11,971.37,681.7,100.37,2841.78,925.49,2553.26,,1359.54,7446.51,168.61
2023-04-21,1843.47,657.51,4304.14,2761.67,868.5,4058.01,1334.3,582.26,99.99,755.52,878.82,187.86,952.37,3128.94,54.3,1657.48,939.71,803.07,530.96,421.68,2358.65,872.94,1995.63,1126.32,345.21,,708.51,375.25,2177.37,1190.92,8426.82,464.49,994.49,156.44,136.6,153.97,1073.06,1130.83,515.44,256.33,966.7,685.99,100.18,2860.17,924.76,2569.06,,1396.77,7375.16,170.29
2023-04-24,1801.53,654.65,4326.25,2795.62,865.71,4044.21,1312.94,584.92,100.09,751.2,891.47,187.49,951.56,3094.17,55.5,1634.13,942.38,811.73,545.82,410.9,2368.11,883.14,1996.63,1126.23,353.57,,698.21,376.88,2157.78,1179.66,8327.4,451.4,995.84,155.38,137.2,153.43,1084.18,1100.39,514.31,257.39,947.94,688.52,98.7,2897.97,913.55,2546.77,,1389.55,7227.61,175.39
2023-04-25,1803.53,664.4,4373.51,2804.3,882.66,4073.97,1322.82,586.88,99.11,750.95,880.37,188.8,941.67,3066.17,56.4,1657.92,936.54,812.07,541.01,416.78,2357.56,884.4,1971.67,1124.35,352.45,,709.84,379.23,2168.52,1177.08,8262.35,444.97,1005.95,157.97,137.72,153.63,1080.07,1100.39,524.9,264.71,952.8,717.78,98.98,2927.31,917.2,2609.92,,1383.81,7331.75,176.89
2023-04-26,1851.46,660.46,4383.42,2810.02,875.08,4078.66,1343.59,600.68,98.14,765.63,887.43,187.86,942.94,3119.28,58.1,1658.56,940.6,798.74,524.03,417.37,2356.75,889.43,1986.64,1126.23,355.3,,709.5,374.35,2184.85,1181.22,8278.86,439.05,1000.61,157.78,137.54,155.46,1086.01,1100.39,531.52,272.31,948.71,715.78,98.79,2925.47,908.99,2608.09,,1374.69,7339.71,176.63
2023-04-27,1845.47,657.41,4383.33,2828.01,885.65,4036.42,1350.28,598.22,98.53,757.88,886.8,187.65,949.8,3136.95,58.6,1666.57,950.01,803.79,525.12,416.78,2379.42,887.53,2020.59,1128.07,355.47,,712.45,374.23,2211.97,1179.32,8320.6,440.54,1023.3,156.77,137.72,158.08,1084.18,1132.97,534.36,264.77,941.13,724.61,98.61,2929.15,910.81,2616.01,,1373.84,7334.8,176.04
2023-04-28,1865.49,655.73,4406.23,2832.33,882.76,4127.8,1366.7,614.85,99.26,775.4,894.24,189.9,964.22,3162.74,60.8,1676.4,961.16,810.62,512.24,425.12,2305.69,892.99,2024.28,1151.64,360.47,,725.26,380.03,2247.49,1193.89,8342.94,451.94,1028.92,158.52,137.37,157.39,1087.37,1142.18,537.01,255.31,957.61,739.24,100.0,2943.31,895.27,2647.16,,1370.85,7386.92,177.73
2023-05-02,1932.35,673.06,4492.32,2823.6,867.7,4167.79,1357.77,623.33,101.26,785.61,886.02,190.47,961.25,3212.91,64.5,1691.45,964.93,812.55,525.02,430.51,2339.53,901.68,2027.57,1150.58,367.37,,721.27,382.42,2306.69,1198.76,8371.77,458.81,1058.95,159.21,137.11,158.55,1112.12,1141.18,548.55,255.11,960.23,748.94,100.18,2975.13,930.32,2631.86,,1365.87,7419.86,181.94
2023-05-03,1916.37,664.4,4472.48,2830.44,861.57,4209.61,1342.79,614.27,101.4,779.96,896.29,192.8,970.36,3252.46,63.45,1696.07,963.02,810.74,538.88,432.47,2325.47,897.33,2141.38,1161.08,365.64,,720.34,382.62,2317.28,1205.88,8514.78,472.55,1056.27,161.93,140.04,159.41,1116.13,1142.67,539.7,250.22,943.56,758.64,101.85,2957.66,948.1,2649.69,,1405.2,7398.72,181.63
2023-05-04,1836.53,659.47,4472.73,2859.54,857.73,4174.22,1340.09,610.23,104.13,765.04,895.99,193.45,970.82,3226.48,63.5,1700.3,957.63,811.78,534.72,436.39,2353.87,897.77,2173.28,1163.79,366.77,,723.24,384.81,2295.61,1203.64,8540.66,469.51,1062.78,162.71,138.23,159.18,1105.25,1131.18,539.28,250.77,940.79,753.87,102.04,2924.69,941.81,2654.35,,1390.74,7389.57,179.95
2023-05-05,1952.12,672.07,4512.4,2881.85,864.86,4189.52,1369.25,628.25,104.23,774.66,909.96,194.27,975.27,3224.84,65.5,1722.37,967.38,788.63,537.89,434.43,2366.22,902.65,2165.34,1173.01,367.33,,725.56,389.23,2290.94,1201.49,8544.49,477.82,1058.94,162.62,138.45,158.62,1114.31,1166.06,548.73,251.15,946.96,758.64,102.83,2961.34,953.66,2645.33,,1400.46,7394.78,179.01
2023-05-08,1917.67,673.94,4572.9,2924.53,863.01,4200.7,1365.55,629.67,103.5,775.45,902.37,189.9,969.4,3255.45,64.6,1724.34,959.4,786.71,536.9,429.77,2371.66,904.6,2166.34,1157.83,371.68,,724.87,385.99,2310.82,1186.05,8782.75,485.29,1071.09,161.19,137.8,160.64,1118.42,1172.02,546.32,251.34,935.3,757.57,101.34,2984.33,949.06,2707.09,,1412.73,7502.95,178.19
2023-05-09,1897.4,674.34,4607.51,2925.55,879.87,4292.55,1408.63,654.84,104.37,782.32,909.96,191.78,964.12,3293.11,64.7,1751.13,971.18,793.88,547.31,435.95,2389.88,918.27,2209.27,1161.08,373.23,,722.9,391.77,2301.29,1207.54,8818.68,478.92,1068.66,163.41,141.84,162.1,1129.83,1177.94,553.27,256.96,935.2,770.1,101.67,2991.32,955.85,2727.25,,1417.76,7629.75,178.9
2023-05-10,1896.4,681.13,4555.09,2951.64,889.64,4275.79,1416.67,649.02,105.05,782.42,918.23,193.53,973.29,3280.17,61.0,1735.3,983.11,791.28,548.2,432.47,2386.1,912.02,2221.15,1170.62,365.6,,714.42,390.8,2320.1,1218.26,8863.14,481.06,1067.27,162.3,142.06,162.83,1136.68,1178.39,543.82,257.39,930.44,769.47,101.67,3025.71,955.49,2733.89,,1435.66,7630.79,179.6
2023-05-11,1922.36,683.1,4572.85,2960.47,888.65,4312.4,1418.66,655.72,105.39,780.01,921.1,193.21,916.47,3307.45,62.6,1744.64,981.3,801.22,556.77,425.61,2401.19,917.34,2229.23,1164.98,368.45,,716.89,392.79,2235.54,1218.26,8973.97,477.82,1073.47,163.77,142.79,164.53,1140.76,1183.07,541.17,255.52,927.32,771.57,101.3,3043.19,961.87,2731.91,,1441.24,7660.29,180.39
2023-05-12,2006.25,700.81,4557.03,3044.81,892.83,4266.4,1417.67,654.84,105.78,773.09,923.44,192.88,890.98,3399.34,62.5,1743.26,984.79,792.48,562.07,410.9,2455.19,917.05,2296.17,1149.48,362.54,,689.69,389.6,2160.36,1224.49,8991.45,506.69,1069.58,165.16,144.55,165.29,1127.46,1174.01,543.53,258.14,934.32,768.49,100.51,3015.74,951.89,2734.68,,1466.91,7709.4,179.88
2023-05-15,1957.22,688.81,4571.86,3040.15,908.24,4288.93,1421.66,661.18,104.28,778.49,914.83,191.62,876.31,3505.57,62.1,1724.58,996.53,804.51,554.64,400.6,2496.79,920.95,2236.22,1146.32,362.19,,691.66,390.21,2158.66,1247.4,8973.05,497.24,1059.92,160.45,142.27,161.67,1136.63,1175.11,547.36,255.88,926.55,769.47,99.3,3020.2,953.66,2747.75,,1481.52,7600.2,179.25
2023-05-16,1924.36,683.15,4586.78,3038.02,913.78,4302.54,1427.55,661.73,104.86,786.2,902.56,195.0,886.67,3543.23,64.0,1706.54,997.66,813.64,556.91,405.6,2527.12,927.05,2246.2,1160.17,370.82,,700.09,394.39,2191.41,1254.32,8950.81,519.53,1062.59,163.13,144.68,161.77,1138.5,1189.93,552.33,255.31,926.55,768.01,100.37,2994.63,975.46,2758.65,,1513.42,7640.62,181.23
2023-05-17,1897.4,676.45,4542.2,3041.9,915.28,4271.1,1428.05,668.13,105.93,773.58,900.18,196.8,886.05,3499.78,63.0,1700.3,988.87,803.03,556.72,403.84,2529.02,924.41,2289.98,1156.13,365.77,,691.12,388.76,2162.01,1232.88,8816.1,509.98,1057.99,163.64,144.42,160.01,1124.35,1176.8,554.22,251.34,915.12,766.79,99.63,2994.4,964.61,2758.65,,1498.42,7588.5,180.63
2023-05-18,1907.43,678.86,4472.73,3012.46,917.57,4261.66,1420.01,665.65,105.64,783.35,904.12,197.66,880.6,3511.37,,1700.3,981.11,802.06,558.7,403.05,2522.86,925.05,2310.0,1154.3,370.82,,690.58,383.62,2167.5,1237.7,8878.82,522.52,1061.37,163.22,143.99,160.08,1118.21,1156.7,558.29,255.78,916.82,764.01,98.79,2966.81,965.52,2755.68,,1503.55,7615.84,180.16
2023-05-19,1885.41,653.57,4418.19,3030.26,918.47,4256.08,1419.76,669.61,104.96,784.73,892.44,196.03,868.04,3443.91,63.95,1681.32,987.14,802.06,559.59,400.11,2487.99,928.46,2296.12,1151.96,363.01,,685.85,384.82,2130.56,1221.08,8796.35,531.83,1058.95,161.38,142.87,156.52,1111.14,1146.85,547.6,256.62,906.13,760.97,97.96,2952.14,963.28,2694.22,,1486.15,7509.83,179.97
2023-05-22,2007.25,687.92,4422.95,2977.88,920.56,4219.42,1408.68,668.05,105.69,786.34,891.71,195.54,864.33,3447.58,64.7,1684.37,993.27,800.6,551.76,398.15,2494.0,928.07,2261.13,1167.46,363.88,,681.91,387.81,2128.62,1227.27,8825.47,547.41,1054.04,159.81,141.07,155.89,1111.57,1151.58,546.18,252.67,900.15,754.62,97.4,2970.53,977.37,2676.04,,1489.39,7527.53,180.77
2023-05-23,2407.6,732.61,4566.95,2994.37,915.13,4256.97,1413.27,670.6,108.02,794.15,901.59,195.17,873.95,3423.92,63.05,1688.2,1015.62,802.54,562.36,401.29,2491.16,929.0,2286.19,1191.53,367.37,,699.64,386.85,2163.22,1233.41,8902.17,555.47,1041.94,161.33,142.36,155.46,1123.28,1141.18,547.51,250.39,911.48,755.21,97.49,3040.43,1006.54,2694.22,,1495.38,7547.2,185.68
2023-05-24,2705.29,727.39,4503.43,3021.53,908.74,4229.37,1434.89,666.56,105.05,788.21,898.77,194.64,875.3,3476.6,63.0,1666.57,996.62,792.11,557.31,400.99,2479.8,923.83,2274.11,1188.87,369.35,,689.79,383.21,2138.34,1228.0,8901.2,553.03,1039.7,160.45,141.84,157.95,1116.54,1163.57,548.36,257.72,909.53,756.54,97.49,3012.84,989.45,2649.69,,1500.41,7522.62,184.51
2023-05-25,2436.66,705.74,4531.24,3008.43,914.28,4229.47,1418.76,667.44,105.15,784.97,916.24,197.05,888.81,3487.13,64.8,1666.52,1005.82,786.34,560.68,396.68,2470.33,914.36,2276.8,1187.22,376.81,,682.89,382.42,2128.62,1247.5,8952.42,557.36,1044.37,161.33,142.92,157.88,1111.07,1169.39,550.44,259.03,923.34,754.22,97.4,3029.39,1000.16,2688.77,,1497.97,7517.01,186.61
2023-05-26,2561.49,717.65,4552.07,3029.29,915.57,4329.63,1428.65,674.2,106.66,812.75,920.57,195.86,883.15,3523.92,67.3,1673.36,1011.08,787.94,566.62,397.26,2464.42,917.1,2301.76,1197.77,382.37,,686.49,388.79,2147.09,1257.24,9061.4,538.0,1043.64,161.38,142.74,157.98,1122.07,1169.04,549.73,260.11,917.75,772.9,97.4,3028.93,1001.99,2682.33,,1511.85,7542.28,184.81
2023-05-29,2566.48,719.52,4596.7,3052.76,928.54,4374.31,1446.57,683.41,108.07,814.23,926.5,197.29,891.55,3573.17,,1659.98,1039.2,792.57,571.87,408.93,2527.12,930.81,2323.67,1222.26,383.75,,692.99,391.42,2162.64,1287.94,9160.43,539.94,1055.3,161.33,137.54,158.22,1150.83,1192.87,558.0,262.5,943.03,779.8,99.26,3090.83,1028.47,2719.03,,1529.03,7620.95,188.95
2023-05-30,2525.84,728.37,4633.39,3052.47,928.34,4332.21,1451.06,684.18,108.51,806.22,931.95,201.13,893.19,3584.23,67.5,1685.25,1023.78,795.05,570.58,413.35,2513.4,922.51,2331.06,1206.02,388.85,,690.87,390.37,2167.5,1296.18,9107.03,537.35,1053.12,163.22,137.29,156.69,1150.65,1208.49,562.73,266.94,938.21,781.33,101.07,3048.71,1016.57,2802.73,,1535.52,7734.04,187.08
2023-05-31,2478.6,724.44,4561.99,3057.37,934.87,4308.46,1462.59,689.79,107.63,804.02,934.48,202.48,884.12,3552.26,67.3,1694.59,1029.04,793.25,597.33,402.56,2514.39,926.56,2368.4,1210.47,396.17,,690.92,395.77,2139.41,1291.35,9174.95,539.54,1048.26,163.22,136.68,156.09,1141.24,1209.38,562.87,268.11,938.21,775.91,98.7,3043.19,1001.44,2775.98,,1558.98,7763.54,187.9
2023-06-01,2496.48,719.02,4650.25,3138.27,919.56,4305.83,1453.11,691.67,109.24,822.62,924.56,188.18,884.1,3586.4,68.7,1686.24,1041.01,788.38,587.87,401.14,2524.28,931.2,2368.5,1212.95,394.14,,688.7,392.39,2154.86,1285.5,9065.77,543.38,1058.27,160.09,132.99,154.73,1132.18,1235.2,560.94,264.72,952.6,787.59,98.24,3047.79,1022.96,2796.54,,1562.47,7739.94,189.42
2023-06-02,2531.53,726.41,4799.66,3142.2,920.21,4387.68,1457.6,696.76,110.41,817.56,940.03,186.63,895.68,3592.49,70.0,1679.4,1041.01,784.76,579.8,404.08,2564.98,920.22,2344.89,1216.66,387.96,,687.82,387.8,2158.75,1291.21,9115.77,529.59,1068.66,162.21,133.25,155.43,1128.0,1205.65,563.74,267.67,959.17,784.24,98.79,3059.05,1028.43,2803.22,,1564.12,7730.1,191.15
2023-06-05,2459.83,726.41,4926.9,3142.73,925.15,4400.64,1466.59,696.2,110.36,823.16,944.02,188.27,907.85,3585.87,71.3,1690.17,1037.38,785.75,572.61,416.63,2571.09,920.22,2388.96,1212.01,392.37,,698.61,387.81,2182.08,1315.52,9274.51,531.33,1068.61,162.11,133.68,157.05,1126.27,1201.87,567.4,268.74,977.44,785.67,100.79,3048.71,1024.87,2847.8,,1592.53,7765.5,191.24
2023-06-06,2471.61,731.23,4927.94,3111.5,948.59,4428.33,1464.09,691.76,113.18,819.23,946.84,187.69,903.73,3553.95,71.55,1710.72,1024.69,782.42,568.75,411.58,2555.52,923.63,2405.93,1197.69,388.67,,703.58,385.79,2205.41,1359.96,9348.79,507.69,1062.55,160.92,133.68,157.05,1133.69,1213.66,566.92,266.18,980.89,781.73,101.81,3016.52,1002.9,2833.88,,1602.46,7756.65,188.65
2023-06-07,2449.64,738.22,4923.43,3120.47,970.38,4446.59,1480.56,701.12,115.62,813.73,946.89,186.84,911.57,3578.1,72.5,1739.13,1028.13,780.38,577.52,409.92,2546.05,921.54,2406.93,1199.46,391.49,,704.82,393.19,2214.15,1386.67,9503.16,524.56,1056.51,162.25,132.04,157.22,1135.31,1219.08,566.92,264.77,986.83,782.76,101.58,2991.69,998.34,2867.61,,1602.51,7999.64,188.2
2023-06-08,2446.64,733.25,4978.52,3123.38,970.48,4506.57,1480.56,697.18,115.37,832.19,939.06,189.0,916.47,3599.34,74.8,1742.28,1023.82,780.28,588.86,415.75,2562.14,913.97,2427.9,1195.46,392.99,,719.1,386.19,2252.01,1376.83,9449.76,557.31,1091.01,164.84,132.82,158.91,1143.98,1241.37,568.8,267.23,986.83,813.13,103.43,2999.04,1003.81,2879.4,,1606.5,8033.96,189.0
2023-06-09,2444.6,726.41,4885.94,3134.22,964.45,4506.38,1468.58,690.56,114.89,823.21,940.13,187.0,917.66,3526.82,77.05,1694.1,1023.87,786.44,582.42,413.69,2545.06,918.66,2442.87,1192.03,383.69,,740.54,371.26,2279.28,1345.69,9393.93,556.86,1073.56,169.68,134.71,161.77,1144.44,1221.37,566.92,266.66,956.69,799.23,103.2,2984.33,983.75,2862.66,,1591.53,8022.16,186.82
2023-06-12,2456.63,723.65,4908.1,3110.2,970.43,4458.79,1470.58,694.24,117.76,819.58,947.18,186.43,920.39,3471.77,78.3,1695.48,1009.23,784.81,580.44,409.87,2503.46,915.34,2480.81,1183.66,387.96,,743.59,373.82,2298.72,1342.91,9344.9,569.31,1071.09,168.57,133.12,162.73,1130.06,1235.9,559.21,269.5,960.48,791.59,101.25,2956.74,971.9,2857.65,,1595.92,8024.62,186.99
2023-06-13,2495.58,729.36,4884.3,3134.41,971.73,4477.61,1467.58,699.15,116.74,822.77,937.21,187.86,921.37,3476.55,77.9,1705.9,1038.24,773.88,576.78,410.9,2488.88,913.29,2406.93,1208.2,388.85,,743.99,373.92,2280.1,1348.03,9308.98,566.47,1085.61,171.52,133.42,160.74,1138.96,1231.72,558.68,275.76,962.52,790.99,102.04,2998.12,984.25,2832.84,,1599.92,8075.75,186.12
2023-06-14,2466.52,724.78,4923.97,3188.12,983.39,4459.87,1487.55,707.22,119.12,816.78,955.21,187.78,922.9,3491.09,78.3,1715.73,1031.94,783.78,579.3,418.74,2528.07,923.19,2361.01,1214.19,393.48,,750.44,370.05,2286.96,1339.11,9242.96,572.39,1094.16,170.92,134.19,160.81,1150.83,1233.81,556.31,274.23,964.07,811.15,103.43,2983.13,984.66,2892.37,,1692.87,8170.6,185.35
2023-06-15,2465.62,725.72,4998.3,3198.86,985.74,4451.24,1477.52,698.66,118.2,811.87,955.65,187.2,920.71,3465.88,74.5,1759.0,1033.75,780.64,579.55,416.68,2568.72,917.97,2375.98,1202.67,392.37,,766.65,372.44,2289.0,1346.71,9276.94,583.0,1104.06,172.44,135.39,164.03,1164.89,1238.68,555.35,267.42,961.06,851.77,105.66,3006.8,983.71,2883.51,,1713.59,8240.46,185.72
2023-06-16,2495.78,729.36,5175.62,3214.24,980.2,4407.21,1476.57,706.04,119.07,807.45,973.22,186.63,949.77,3428.31,75.55,1748.57,1042.82,772.44,574.25,419.43,2545.77,906.85,2430.84,1196.21,395.9,,765.62,366.26,2297.5,1363.47,9315.83,587.33,1115.59,172.35,136.04,163.66,1168.72,1234.71,548.36,269.81,962.52,855.71,106.12,2962.05,987.85,2884.25,,1683.24,8225.66,180.32
2023-06-19,2500.57,738.12,5176.86,3240.7,981.25,4360.27,1520.45,710.17,123.02,824.63,979.3,186.63,970.58,3445.5,74.6,1759.24,1041.19,784.05,606.21,416.04,2578.3,910.95,2440.88,1202.71,400.97,,769.11,371.63,2312.32,1373.71,9357.53,594.64,1118.45,173.55,135.74,163.7,1179.59,1274.85,550.77,282.57,967.53,854.19,107.1,2955.57,983.75,2938.93,,1711.79,8218.83,178.66
2023-06-20,2431.66,726.41,5132.19,3236.94,963.4,4303.95,1540.66,726.34,121.7,812.95,986.7,186.02,956.46,3384.66,76.0,1737.36,1027.41,780.72,623.15,417.91,2547.76,898.7,2485.8,1202.71,401.01,,760.94,362.88,2298.67,1366.98,9252.67,598.53,1107.27,171.52,135.44,161.97,1162.95,1275.35,548.46,282.0,979.68,844.87,105.84,2977.8,997.06,2944.57,,1707.35,8130.33,178.57
2023-06-21,2423.38,728.28,5127.13,3240.55,975.72,4391.25,1523.39,716.38,122.82,816.78,983.15,186.06,964.88,3453.42,76.1,1740.31,1065.49,786.48,641.04,420.65,2562.98,905.58,2445.87,1208.24,398.55,,761.87,368.28,2315.24,1358.65,9225.48,585.78,1115.1,172.9,134.97,165.26,1167.26,1288.78,547.06,329.11,964.42,846.84,106.59,3011.16,1009.6,2945.86,,1721.28,8114.99,179.71
2023-06-22,2421.78,743.14,5087.51,3246.7,959.66,4378.16,1520.5,709.01,120.29,821.39,976.24,186.55,962.84,3464.87,75.5,1756.14,1061.09,798.16,638.56,413.74,2546.47,902.07,2474.77,1198.44,395.02,,743.2,367.98,2327.49,1343.98,9164.36,578.77,1107.52,172.9,137.72,171.37,1166.81,1289.33,546.04,338.59,959.7,849.8,105.94,3020.42,1018.31,2946.85,,1697.36,8139.18,180.53
2023-06-23,2389.02,729.36,5042.38,3188.12,957.46,4330.33,1505.02,691.37,120.49,828.56,973.17,185.49,960.78,3442.51,73.9,1720.6,1053.61,796.97,638.51,407.95,2529.92,903.68,2475.82,1186.4,394.58,,739.06,365.48,2351.15,1341.93,9145.87,574.39,1094.55,170.18,136.68,168.45,1154.43,1264.75,541.85,324.78,966.41,830.08,105.85,2999.39,1015.66,2944.38,,1707.35,8027.27,178.8
2023-06-26,2207.02,698.85,5008.22,3217.41,956.96,4341.27,1501.98,688.32,117.81,841.66,962.85,184.59,978.2,3428.26,74.15,1687.22,1058.46,800.6,616.15,402.07,2521.19,904.7,2447.86,1180.64,394.05,,738.96,365.27,2330.89,1340.08,9055.87,576.03,1093.92,172.81,134.97,166.05,1144.44,1260.52,536.07,320.11,966.41,841.91,104.99,2969.46,1014.02,2912.18,,1724.17,7925.79,177.73
2023-06-27,2325.76,712.97,4998.35,3197.88,964.45,4349.86,1509.52,692.26,118.88,840.83,996.58,184.88,988.34,3423.58,75.15,1697.1,1058.24,799.6,637.07,407.95,2530.68,907.53,2472.82,1189.7,393.34,,739.06,364.42,2320.54,1370.98,9213.83,606.89,1099.33,170.51,136.56,164.79,1139.67,1262.07,538.24,326.89,972.19,851.72,105.94,2966.68,1011.1,2944.87,,1763.26,8048.66,179.71
2023-06-28,2296.85,711.59,5102.48,3252.56,976.41,4346.19,1527.49,694.66,116.01,853.59,980.03,183.9,985.19,3423.48,77.0,1706.84,1064.09,812.77,663.11,411.63,2531.49,921.19,2539.71,1199.0,392.37,,756.8,368.07,2332.74,1373.17,9199.71,606.94,1101.21,171.57,135.7,166.59,1147.18,1283.46,551.73,328.04,967.38,842.41,106.81,2972.24,1021.13,2966.66,,1757.22,8064.54,179.48
2023-06-30,2434.61,740.97,5085.62,3274.05,974.52,4484.96,1519.3,702.12,118.2,863.9,982.85,186.14,1002.92,3418.75,75.0,1715.73,1061.28,829.31,648.0,411.73,2543.9,917.78,2638.54,1215.91,396.78,,774.83,368.45,2352.18,1367.03,9290.53,606.24,1105.09,173.46,138.4,170.37,1162.42,1294.45,553.42,326.33,993.39,838.02,106.9,2983.36,1016.25,3017.18,,1772.2,8161.79,180.07
2023-07-03,2401.71,732.8,5085.13,3285.76,987.38,4532.56,1526.29,708.11,122.68,863.9,993.17,189.08,1011.47,3467.86,,1720.65,1079.09,833.45,647.01,415.8,2563.98,914.36,2621.57,1236.17,398.19,,776.5,370.06,2408.74,1432.67,9458.55,597.28,1114.81,175.21,137.8,169.08,1167.74,1301.32,553.9,336.23,1023.77,854.68,107.53,3070.73,1035.72,3021.24,,1772.15,8243.41,184.23
2023-07-04,2393.72,728.42,5077.59,3279.61,979.51,4461.69,1563.35,756.51,120.73,857.81,980.96,189.7,1002.71,3433.19,,1769.81,1071.84,838.78,650.38,419.67,2577.39,924.36,2633.75,1249.47,410.01,,786.36,368.87,2389.3,1449.24,9417.72,602.26,1105.0,176.22,139.69,167.72,1198.3,1313.3,567.11,339.93,1011.13,846.5,108.44,3048.22,1024.37,3012.72,,1748.83,8356.5,184.16
2023-07-05,2387.72,729.36,5082.65,3272.43,966.44,4496.52,1629.18,779.25,119.32,852.12,989.76,189.33,1016.45,3293.88,,1740.31,1082.72,835.27,643.03,416.78,2576.34,919.29,2600.61,1262.06,411.2,,785.08,371.42,2392.03,1426.77,9414.81,595.29,1097.13,178.9,139.26,165.86,1191.0,1283.01,568.65,341.08,1025.72,846.84,107.81,3076.01,1049.21,3045.91,,1742.29,8289.58,184.32
2023-07-06,2395.86,730.74,5047.94,3329.7,958.46,4730.68,1613.25,768.97,119.07,848.54,984.9,189.0,1015.17,3138.6,,1748.08,1083.45,814.23,670.41,410.85,2633.55,931.64,2662.85,1247.84,420.9,,792.71,370.86,2398.93,1440.32,9708.94,604.95,1114.08,178.44,139.95,172.66,1175.96,1291.42,569.23,345.61,1011.13,833.93,107.29,3063.55,1071.28,3070.67,,1729.01,8274.88,184.51
2023-07-07,2392.88,728.33,5231.36,3305.29,974.66,4716.66,1610.05,763.43,121.07,849.17,982.42,189.49,1025.27,3100.5,74.8,1738.4,1068.35,810.33,656.55,415.7,2627.06,929.98,2709.42,1239.89,417.06,,784.39,373.25,2413.17,1507.62,9567.24,611.02,1124.77,181.43,142.27,174.39,1202.87,1286.04,568.85,340.51,1004.81,833.09,107.29,3059.33,1066.72,3110.29,,1746.59,8277.78,184.74
2023-07-10,2390.68,710.66,5137.04,3266.23,975.11,4691.02,1610.15,753.78,120.92,851.14,996.58,191.94,1018.4,3099.97,73.45,1725.42,1051.89,808.39,655.95,414.82,2585.84,923.15,2636.54,1242.26,414.42,,777.49,369.46,2381.33,1527.21,9567.24,607.24,1110.87,177.65,140.9,169.67,1227.47,1294.1,573.33,331.67,1007.24,829.59,107.53,3080.41,1057.56,3125.15,,1712.29,8210.96,185.14
2023-07-11,2421.6,712.58,5157.03,3271.07,966.33,4777.6,1596.21,748.3,120.19,873.72,991.66,190.96,1016.3,3088.33,,1714.55,1026.27,809.36,666.88,420.95,2535.45,925.49,2665.5,1239.38,410.89,,807.04,373.65,2378.61,1518.68,9510.93,611.86,1098.29,177.65,140.34,167.38,1256.69,1292.16,573.67,331.85,1022.8,814.31,110.73,3052.85,1052.72,3033.87,,1674.05,8255.51,182.4
2023-07-12,2427.75,720.35,5218.17,3327.75,955.15,4768.41,1593.87,738.7,124.92,873.67,997.55,191.94,1017.48,3159.84,,1738.0,1015.35,805.64,671.75,417.27,2581.11,925.49,2715.41,1255.69,421.25,,796.1,373.83,2410.79,1529.16,9607.05,618.19,1114.27,178.67,142.66,168.71,1262.81,1284.45,567.88,337.65,1045.16,832.99,110.3,3039.83,1063.07,3084.54,,1694.37,8224.73,184.23
2023-07-13,2394.88,713.56,5246.19,3344.35,954.75,4760.67,1593.22,738.71,124.38,875.04,1000.32,191.94,1025.39,3191.71,,1749.16,997.48,806.29,671.85,421.88,2562.03,924.8,2725.44,1240.73,417.86,,802.24,376.64,2396.89,1535.98,9566.22,615.1,1120.15,176.87,144.98,167.22,1270.84,1305.35,573.57,348.66,1051.87,835.01,111.12,3042.66,1057.05,3094.48,,1688.33,8130.33,183.27
2023-07-14,2372.9,707.36,5137.19,3318.52,962.88,4735.47,1621.34,739.11,122.68,868.81,998.67,187.86,1018.47,3162.74,84.0,1732.99,1010.36,804.78,679.65,432.47,2533.45,936.56,2695.44,1283.25,417.06,,799.47,372.87,2381.58,1538.98,9419.61,618.19,1108.53,173.32,145.28,161.41,1255.37,1313.8,565.71,345.3,1049.97,827.08,110.83,3117.7,1079.44,3074.31,,1669.61,8160.81,184.63
2023-07-17,2397.77,718.73,5109.62,3348.99,958.44,4724.83,1618.19,743.65,124.43,869.79,1008.45,188.67,1007.54,3235.17,83.2,1723.8,1044.59,803.03,668.82,439.14,2547.76,939.64,2645.53,1325.36,418.38,,797.24,373.09,2405.63,1535.33,9366.26,601.46,1126.95,173.78,144.25,161.07,1254.0,1314.3,565.95,342.63,1043.9,843.0,112.99,3252.05,1126.8,3050.81,,1693.82,8070.34,190.36
2023-07-18,2412.86,719.52,5163.48,3378.53,962.43,4687.68,1616.54,743.65,124.33,861.0,1004.99,187.61,1028.05,3240.0,,1760.03,1050.94,826.39,662.91,438.35,2562.6,954.37,2672.48,1332.84,416.67,,791.45,377.91,2399.8,1512.68,9427.62,609.13,1126.47,172.44,143.05,160.08,1285.95,1308.33,581.43,341.23,1048.51,842.11,113.03,3220.55,1133.27,3014.48,,1702.01,8088.04,195.5
2023-07-19,2426.5,720.4,5119.94,3437.11,962.43,4721.98,1616.49,735.94,124.38,859.43,1002.42,187.2,1024.2,3234.2,79.0,1742.38,1056.42,818.17,653.96,435.41,2559.93,956.32,2650.52,1381.17,416.84,,787.69,377.8,2405.24,1506.97,9370.15,602.26,1114.81,176.13,143.73,160.08,1291.89,1307.93,573.33,342.23,1037.53,852.71,111.79,3242.78,1144.22,2991.28,,1697.11,8030.03,196.44
2023-07-20,2426.8,721.93,5127.28,3427.4,962.33,4670.7,1649.06,746.72,123.65,855.06,1011.13,186.76,1037.04,3228.41,78.05,1755.06,1060.97,818.19,655.95,433.45,2546.86,952.47,2705.48,1367.23,423.15,,786.7,379.03,2424.1,1526.52,9340.05,607.24,1114.37,177.7,143.56,162.04,1276.01,1308.33,579.84,342.42,1055.9,847.83,111.79,3207.65,1135.1,2983.48,,1717.43,8210.91,195.73
2023-07-21,2407.86,717.35,5087.66,3452.69,970.02,4684.34,1631.18,751.23,123.02,862.03,1029.09,187.53,1051.72,3201.18,77.85,1789.48,1015.23,817.63,658.43,432.91,2528.68,971.25,2719.45,1227.07,433.64,,789.67,389.18,2451.32,1525.44,9437.14,602.71,1117.96,177.79,143.86,161.57,1290.36,1308.13,588.13,341.17,1072.77,861.33,111.69,3162.09,1122.28,2972.05,,1703.35,8106.73,189.42
2023-07-24,2427.85,718.53,5101.49,3423.44,971.87,4703.6,1628.18,749.75,122.04,868.81,1029.14,187.04,1042.82,3204.27,80.8,1765.88,1024.38,816.9,649.59,425.61,2484.78,980.67,2663.55,1246.4,435.09,,780.76,388.8,2563.72,1498.89,9485.73,604.15,1116.27,180.28,147.56,162.1,1227.05,1284.15,593.0,353.13,1063.63,841.91,111.6,3140.68,1119.47,2959.38,,1722.33,8063.46,190.03
2023-07-25,2425.85,726.06,5111.21,3464.36,976.06,4725.36,1663.04,756.45,123.21,871.75,1038.02,189.74,1070.83,3211.56,,1783.58,1023.01,819.9,649.14,427.71,2462.07,974.86,2670.49,1242.68,412.57,,769.88,379.03,2542.68,1527.9,9343.93,611.52,1124.04,181.2,147.86,165.36,1233.48,1311.31,599.51,351.23,1079.19,850.88,110.16,3156.0,1089.06,2961.37,,1706.35,8107.42,189.65
2023-07-26,2470.26,741.12,5153.06,3319.79,965.28,4730.68,1647.56,755.03,123.7,870.28,1039.98,188.31,1074.78,3232.71,83.1,1802.26,1015.42,827.17,648.0,440.81,2461.41,969.11,2585.63,1248.26,409.92,,799.02,374.85,2518.38,1546.31,9477.43,611.42,1107.08,185.81,149.45,168.65,1229.03,1283.46,590.06,350.29,1066.6,861.58,114.76,3158.65,1083.45,3025.86,,1717.33,8275.77,188.72
2023-07-27,2468.56,742.06,5104.22,3310.17,987.74,4739.39,1639.67,749.38,122.87,873.08,1093.94,188.67,1092.56,3244.83,,1811.25,1019.81,827.32,654.56,442.28,2443.75,978.33,2534.72,1262.76,418.3,,797.59,376.64,2594.15,1476.24,9485.68,607.04,1110.4,186.04,149.11,167.38,1253.29,1288.43,594.3,352.59,1096.69,863.55,115.19,3153.63,1039.47,2995.11,,1703.95,8250.46,188.95
2023-07-28,2434.84,743.18,5134.22,3295.53,958.34,4696.82,1623.18,723.78,125.84,883.44,1149.32,187.53,1089.0,3234.98,85.6,1788.0,1018.94,808.63,658.93,441.79,2452.34,964.13,2556.68,1258.34,412.39,,786.7,372.77,2585.59,1437.84,9455.59,601.26,1084.46,186.14,146.74,167.25,1242.41,1295.35,594.3,350.3,1102.47,842.16,115.14,3144.39,1029.18,2989.34,,1710.94,8194.16,187.57
2023-07-31,2474.8,751.75,5295.82,3244.95,953.15,4736.0,1564.05,726.35,126.86,877.64,1159.48,186.63,1103.34,3235.17,,1799.31,1013.41,803.06,648.0,444.29,2457.16,971.94,2610.54,1253.6,413.54,,797.79,372.06,2580.59,1454.38,9388.89,601.26,1100.24,195.68,148.55,174.03,1250.22,1290.37,594.54,351.33,1112.28,847.19,115.52,3125.25,1024.5,2931.56,,1736.3,8227.74,186.96
2023-08-01,2502.63,771.87,5166.95,3292.6,954.45,4780.75,1596.51,721.93,127.54,878.13,1152.81,187.86,1114.26,3259.31,,1820.94,1024.38,805.2,637.22,456.01,2452.34,977.45,2584.63,1265.92,410.89,,814.41,368.87,2606.2,1452.8,9475.98,592.2,1098.21,202.46,150.7,174.03,1263.65,1278.48,597.96,363.17,1115.59,849.7,118.35,3172.26,1047.9,3005.94,,1757.27,8245.53,189.65
2023-08-02,2490.79,760.03,4991.41,3262.52,949.95,4753.32,1570.24,720.91,127.01,867.04,1162.62,196.97,1119.65,3312.43,,1801.96,1039.93,799.14,638.81,451.1,2421.81,961.45,2566.41,1272.7,409.66,,808.47,366.98,2593.24,1470.68,9432.29,570.4,1102.18,207.53,152.16,167.98,1241.0,1273.51,587.99,356.81,1116.13,842.9,117.73,3190.79,1069.41,2986.86,,1704.95,8167.49,189.84
2023-08-03,2467.71,754.53,4919.01,3290.64,942.57,4679.41,1521.2,709.54,122.24,858.99,1144.03,191.57,1115.28,3218.08,81.6,1777.68,1029.87,798.16,633.19,441.3,2440.84,952.96,2569.66,1254.76,405.69,,795.86,362.9,2570.63,1462.46,9407.22,568.61,1111.79,202.04,150.65,165.39,1224.23,1253.56,577.23,350.86,1102.76,828.11,113.7,3176.9,1066.61,2919.58,,1686.88,8184.38,188.02
2023-08-04,2543.04,769.39,4983.47,3259.55,945.46,4672.64,1500.27,705.98,122.97,853.1,1148.88,190.15,1118.17,3302.77,89.0,1799.85,1033.94,795.8,632.05,455.03,2434.5,945.25,2460.94,1272.33,402.34,,799.57,364.98,2560.8,1458.52,9369.14,547.56,1092.75,204.44,149.02,164.73,1235.86,1252.56,573.47,350.1,1101.54,825.2,114.37,3159.49,1079.66,2901.69,,1696.37,8078.58,187.48
2023-08-07,2548.69,769.98,4939.14,3237.97,950.7,4589.0,1496.33,708.25,125.06,868.96,1172.43,191.74,1118.24,3244.78,97.4,1796.26,1055.98,809.41,641.04,450.32,2423.71,947.49,2525.08,1289.99,400.4,,799.57,368.17,2583.41,1466.4,9300.54,542.68,1090.74,202.6,149.84,165.26,1246.83,1266.54,556.31,353.15,1111.25,825.1,114.57,3208.44,1104.03,2901.69,,1707.35,8088.75,191.73
2023-08-08,2560.98,786.53,4975.54,3264.28,948.46,4517.95,1507.81,705.58,125.31,875.68,1201.86,190.31,1116.66,3229.37,98.35,1826.54,1056.3,803.86,646.01,455.86,2451.58,952.18,2540.71,1294.59,402.95,,806.54,365.48,2594.27,1506.77,9349.49,587.33,1091.49,203.15,148.63,166.08,1250.3,1300.27,550.53,355.83,1133.94,827.13,113.99,3236.4,1109.65,2899.76,,1677.4,8076.06,192.88
2023-08-09,2486.15,785.49,4981.84,3254.08,950.45,4498.99,1523.3,712.01,126.38,868.81,1246.01,190.51,1120.44,3259.31,93.9,1814.01,1043.54,804.49,642.04,445.95,2448.38,959.23,2555.78,1286.36,398.85,,793.33,365.98,2590.29,1482.15,9349.54,555.47,1082.26,201.44,149.02,164.56,1238.85,1359.07,554.38,359.31,1123.15,838.96,113.37,3218.61,1129.25,2905.72,,1719.18,8060.8,194.33
2023-08-10,2507.78,785.79,4940.24,3232.06,946.46,4517.85,1510.86,702.13,128.13,865.86,1242.09,191.74,1161.73,3295.04,94.1,1804.32,1042.67,801.6,641.04,458.95,2432.35,955.88,2581.64,1293.43,404.63,,816.39,364.33,2595.3,1511.2,9274.17,547.46,1076.58,202.14,153.1,162.9,1248.79,1338.13,553.18,355.78,1122.62,848.96,114.95,3204.77,1141.46,2939.51,,1807.19,8035.11,195.08
2023-08-11,2547.79,799.56,4889.26,3161.66,935.98,4485.54,1517.25,706.46,126.77,859.98,1234.53,191.13,1156.57,3302.77,94.6,1808.01,1060.97,797.39,636.07,457.97,2418.94,947.86,2552.49,1293.8,400.22,,821.34,358.79,2597.22,1525.04,9209.98,534.72,1068.16,200.94,153.79,166.25,1252.5,1333.2,554.82,354.89,1122.08,837.67,115.24,3193.72,1156.24,2969.82,,1890.86,8026.22,195.8
2023-08-14,2477.8,773.9,4822.81,3110.34,933.48,4426.91,1494.33,696.19,128.47,858.5,1226.59,192.76,1151.82,3292.36,93.4,1804.2,1070.71,784.05,628.22,452.67,2387.26,933.7,2511.71,1275.07,395.68,,806.49,357.0,2592.26,1521.5,9173.13,526.6,1061.1,199.45,154.74,165.81,1255.74,1307.34,552.41,346.83,1103.49,826.98,115.24,3196.13,1134.07,3001.47,,1882.08,8030.97,193.28
2023-08-16,2447.83,778.85,4760.33,3119.67,934.43,4427.88,1480.34,691.64,127.3,858.01,1208.29,191.13,1151.83,3267.9,92.45,1791.4,1075.37,770.47,623.25,441.22,2417.99,939.06,2463.84,1311.27,397.66,,795.31,356.6,2623.71,1535.38,9147.65,519.34,1074.98,199.12,151.56,165.64,1261.67,1288.43,538.77,347.95,1107.35,829.0,112.99,3204.77,1142.39,2986.21,,1926.01,7907.63,193.7
2023-08-17,2452.77,770.93,4899.67,3147.99,934.43,4426.96,1471.35,694.21,128.57,845.38,1211.67,190.88,1160.0,3240.61,92.3,1789.42,1076.38,777.53,621.31,437.27,2435.74,941.52,2454.5,1319.83,396.78,,786.55,355.6,2645.39,1549.12,9226.94,531.58,1063.8,205.2,153.62,167.98,1269.63,1279.97,545.47,347.59,1115.84,823.18,111.02,3209.42,1146.14,2999.13,,1961.95,8125.11,195.8
2023-08-18,2475.3,799.66,4843.57,3100.14,933.33,4498.07,1468.36,681.7,125.44,844.89,1215.6,189.9,1165.56,3220.11,91.0,1774.59,1072.86,772.64,619.18,441.71,2416.18,932.61,2445.87,1304.68,388.85,,781.66,350.63,2605.04,1544.93,9163.33,542.03,1052.51,201.79,153.15,165.0,1251.9,1272.06,549.56,355.28,1113.25,833.04,111.41,3167.61,1147.02,3051.4,,1976.13,8100.31,194.12
2023-08-21,2585.71,832.46,4849.59,3085.49,942.67,4453.03,1453.37,672.55,124.41,843.85,1214.08,189.03,1159.78,3265.95,90.5,1770.59,1072.81,778.94,621.16,437.27,2437.79,935.37,2454.65,1291.71,389.73,261.59,784.72,349.41,2597.02,1522.53,9266.78,528.39,1060.4,203.09,151.12,164.08,1260.64,1276.44,552.41,349.14,1102.47,834.03,111.84,3135.1,1127.42,3031.92,,1970.89,8114.54,192.6
2023-08-22,2666.49,856.04,4916.05,3123.28,952.3,4467.5,1483.34,697.28,126.86,858.99,1210.5,191.48,1169.41,3281.81,90.3,1789.42,1081.09,776.92,621.16,443.93,2455.78,940.98,2440.63,1305.6,395.9,236.08,791.55,353.01,2622.73,1514.65,9232.13,548.5,1070.33,205.01,151.77,167.94,1249.2,1277.84,551.97,355.65,1107.4,835.01,112.22,3158.32,1140.38,3065.66,,1996.85,8122.09,194.1
2023-08-23,2717.59,850.74,4926.09,3110.98,960.44,4488.83,1472.35,702.12,131.02,864.91,1228.4,192.19,1169.61,3264.43,92.95,1789.42,1091.1,768.96,634.08,448.82,2457.11,938.61,2484.8,1316.11,401.72,224.3,790.66,353.17,2643.91,1522.58,9328.96,570.4,1073.52,208.42,152.59,169.3,1252.83,1283.41,550.53,354.7,1100.57,836.0,112.89,3147.18,1135.1,3056.37,,2032.64,8110.09,195.15
2023-08-24,2577.71,826.42,4923.11,3110.0,983.2,4536.23,1478.35,707.07,132.09,860.96,1211.87,192.69,1181.47,3285.52,95.75,1784.48,1087.44,775.44,631.1,458.0,2466.65,956.82,2511.71,1321.22,397.31,213.12,791.65,357.0,2700.88,1526.52,9468.76,581.9,1082.41,207.58,151.29,169.3,1260.62,1293.31,557.42,355.85,1096.27,833.04,114.47,3165.76,1128.55,3056.47,,2064.59,8111.18,195.85
2023-08-25,2546.74,815.52,4868.46,3148.96,972.42,4473.35,1466.96,703.6,134.24,857.46,1194.94,190.32,1163.68,3262.09,93.35,1739.99,1065.54,766.31,626.13,447.14,2449.48,947.42,2466.28,1313.32,397.58,202.48,772.85,353.44,2632.02,1507.66,9363.26,560.75,1077.89,207.44,149.23,166.69,1218.98,1286.49,553.23,357.77,1090.81,828.11,113.03,3135.1,1113.39,3035.9,,2058.85,8079.57,191.76
2023-08-28,2547.74,808.58,4843.52,3188.07,978.51,4437.07,1511.81,714.48,133.12,862.0,1189.11,189.9,1141.95,3270.83,96.0,1757.73,1056.39,759.96,625.14,444.72,2447.57,954.31,2474.92,1319.92,392.37,213.02,767.41,354.97,2608.53,1504.8,9324.99,557.46,1077.96,203.75,150.95,164.56,1226.92,1293.41,552.26,358.72,1083.05,820.72,112.08,3152.75,1112.97,3054.78,,2023.91,8035.91,192.44
2023-08-29,2469.91,802.14,4874.42,3184.21,988.59,4464.64,1508.16,716.95,132.34,858.01,1208.73,190.69,1139.98,3280.64,92.75,1764.7,1055.39,773.68,624.54,442.2,2441.75,957.6,2495.78,1323.54,390.57,211.67,770.77,358.58,2664.02,1531.3,9408.34,557.46,1072.08,204.96,151.38,169.03,1217.02,1285.45,553.08,358.15,1097.69,829.1,113.51,3140.72,1115.63,3032.87,,2006.88,8060.7,191.59
2023-08-30,2514.77,820.47,4850.53,3223.56,981.4,4536.18,1508.31,724.47,132.53,848.0,1211.38,191.23,1133.61,3288.45,99.5,1784.48,1066.45,780.62,632.59,454.25,2410.5,954.8,2478.86,1326.33,388.85,224.55,776.51,357.4,2676.75,1545.18,9467.15,560.45,1071.72,207.58,151.47,170.18,1207.07,1295.35,556.02,359.11,1090.32,829.1,115.43,3156.47,1130.18,3060.74,,2065.39,8129.95,191.76
2023-08-31,2447.78,796.59,4855.99,3222.34,980.21,4522.69,1499.37,719.92,131.6,843.71,1216.73,190.32,1116.22,3329.46,100.05,1786.11,1078.8,768.48,631.1,456.27,2416.13,944.52,2460.74,1333.91,390.61,241.32,778.93,354.18,2673.85,1564.83,9575.05,577.37,1080.8,207.26,151.55,167.84,1202.6,1298.23,548.89,363.53,1091.64,836.34,117.68,3159.25,1121.81,3071.53,,2060.8,8188.03,190.82
2023-09-01,2378.89,772.91,4808.85,3164.78,972.67,4471.8,1492.33,708.9,131.11,841.39,1241.01,191.73,1112.32,3270.88,98.3,1769.65,1072.86,764.58,640.79,456.96,2390.36,941.47,2425.85,1330.0,387.96,234.63,770.87,351.99,2664.02,1553.06,9799.38,586.88,1071.09,203.7,150.35,167.27,1194.43,1291.37,542.53,370.24,1084.96,821.21,118.3,3126.74,1127.42,3092.49,,2056.51,8199.1,190.8
2023-09-04,2451.83,800.21,4828.72,3182.8,992.14,4530.43,1519.3,728.82,136.44,853.81,1226.68,198.42,1103.43,3348.99,97.5,1794.41,1084.75,773.83,641.04,471.42,2398.9,953.08,2457.55,1341.2,390.92,254.9,803.48,354.68,2686.63,1581.52,10193.35,571.4,1067.46,218.52,158.49,171.74,1197.46,1321.76,551.49,367.75,1086.91,832.05,123.76,3137.89,1155.49,3097.46,,2070.78,8184.23,195.5
2023-09-05,2479.8,797.68,4828.72,3168.59,983.85,4487.86,1510.31,720.22,138.2,851.2,1231.3,207.23,1114.29,3353.04,98.15,1831.39,1131.16,773.05,640.05,479.71,2395.09,948.55,2473.77,1361.65,386.99,256.6,800.51,352.21,2674.34,1553.65,10143.37,574.39,1056.74,221.52,158.19,172.89,1201.11,1321.61,554.96,365.21,1083.01,835.01,126.2,3176.9,1177.71,3100.49,,2031.79,8477.67,203.82
2023-09-06,2491.84,798.67,4947.95,3133.44,979.86,4548.33,1509.26,723.41,137.42,855.19,1222.61,212.72,1102.4,3334.34,98.4,1833.91,1134.0,767.41,639.55,478.63,2398.38,947.03,2455.85,1377.36,391.45,246.62,807.53,353.4,2693.51,1553.06,10055.17,590.76,1066.45,220.21,159.4,173.84,1201.66,1303.36,553.66,368.3,1109.35,833.83,126.83,3189.91,1173.78,3116.54,,2068.99,8381.7,202.87
2023-09-07,2495.79,802.34,4997.58,3149.35,963.48,4526.56,1523.1,729.81,135.42,868.16,1235.22,212.76,1103.02,3309.93,98.65,1811.17,1132.31,776.51,644.02,469.4,2395.09,941.96,2456.85,1366.86,395.72,251.61,803.57,354.2,2686.63,1548.33,9947.36,582.35,1067.61,217.87,159.48,172.01,1201.95,1313.3,547.64,363.53,1112.28,853.45,124.05,3186.93,1168.54,3153.16,,2069.79,8433.61,201.09
2023-09-08,2511.57,803.53,5007.56,3174.01,976.61,4563.51,1528.29,730.8,137.47,869.64,1225.9,228.22,1112.51,3322.63,100.75,1826.4,1151.51,782.74,655.15,466.88,2389.36,951.9,2465.83,1360.26,394.93,253.6,810.75,358.59,2839.0,1541.34,10191.39,594.88,1066.04,220.67,157.33,174.88,1211.04,1341.16,560.17,366.4,1105.45,851.77,125.87,3209.65,1190.11,3162.11,,2096.74,8431.24,202.73
2023-09-11,2562.73,832.36,4971.79,3165.66,980.21,4623.3,1547.77,734.26,141.19,875.76,1221.09,236.03,1105.4,3297.24,100.0,1828.72,1167.57,792.76,653.96,471.82,2398.71,959.23,2485.8,1365.93,393.26,256.55,811.44,359.19,2855.71,1543.85,10138.47,601.26,1064.29,227.78,159.87,176.31,1216.99,1337.63,565.95,378.26,1102.96,843.39,124.05,3215.92,1183.56,3189.88,,2090.7,8348.21,202.52
2023-09-12,2620.13,881.41,5078.11,3183.24,1008.36,4686.13,1557.16,733.86,141.43,882.56,1224.38,232.7,1114.28,3329.46,102.4,1843.8,1175.29,798.16,664.55,483.66,2432.3,974.13,2505.77,1377.92,395.81,251.36,825.1,362.98,2901.52,1558.18,10333.5,626.19,1075.18,228.34,159.35,183.29,1232.38,1345.94,572.37,377.88,1114.28,854.73,127.21,3243.78,1189.92,3195.94,,2090.7,8416.37,204.43
2023-09-13,2543.44,851.19,4942.98,3168.59,1001.32,4662.96,1540.28,734.69,132.04,875.81,1218.54,225.64,1128.12,3270.83,98.75,1857.64,1172.55,793.93,651.97,472.31,2379.82,973.84,2453.85,1398.83,398.72,244.42,809.46,359.31,2893.56,1540.26,10290.38,609.24,1082.05,220.77,156.81,174.44,1211.04,1343.15,567.3,364.88,1121.06,849.8,124.15,3317.26,1179.16,3158.18,,2058.3,8485.57,203.43
2023-09-14,2539.6,846.28,4968.81,3204.72,1012.8,4658.08,1555.21,739.29,134.98,907.61,1206.77,233.78,1139.98,3256.23,98.65,1920.91,1171.5,800.23,646.31,479.71,2396.04,976.3,2455.65,1398.83,401.98,241.62,804.46,364.78,2875.27,1521.55,10256.12,585.01,1079.83,222.5,159.27,175.35,1220.96,1338.68,576.99,368.32,1120.81,882.33,125.49,3316.29,1180.75,3257.06,,2047.82,8560.65,205.04
2023-09-15,2517.57,838.31,5051.83,3158.82,1019.34,4735.42,1546.32,741.58,134.49,900.02,1211.48,231.46,1141.28,3300.22,100.5,1919.92,1183.53,803.03,637.27,501.23,2361.5,974.38,2458.84,1410.91,395.06,243.42,804.56,362.42,2883.23,1555.67,10279.89,583.32,1092.95,220.3,165.26,177.11,1224.93,1348.43,577.86,369.85,1116.18,874.99,127.02,3314.24,1195.91,3241.21,,2069.79,8614.98,205.7
2023-09-18,2549.74,840.34,5067.18,3124.65,1019.89,4957.06,1536.38,740.58,141.82,916.59,1217.51,232.12,1150.05,3350.99,103.6,1957.49,1190.84,804.86,640.74,487.61,2358.21,974.13,2400.94,1398.74,395.33,239.63,804.37,361.39,2860.62,1584.33,10290.42,570.8,1098.78,221.61,160.17,176.3,1211.06,1368.03,577.33,367.58,1121.06,870.5,129.32,3325.58,1217.24,3236.64,,2069.79,8621.89,206.28
2023-09-20,2500.18,824.43,5018.94,3130.8,1010.66,5007.37,1553.16,740.55,136.93,898.44,1219.77,232.29,1130.46,3346.06,101.3,1935.19,1172.09,778.21,655.3,475.76,2337.5,965.72,2375.04,1372.06,398.28,230.04,799.62,356.59,2877.29,1595.51,10284.54,568.36,1095.67,225.82,160.73,179.41,1202.62,1363.05,579.31,364.48,1120.08,868.33,124.96,3325.53,1199.47,3293.28,,2048.82,8485.57,203.1
2023-09-21,2477.6,813.68,4957.88,3134.41,1024.93,4999.63,1528.79,744.64,134.0,897.65,1208.73,236.78,1109.45,3348.79,100.0,1910.13,1174.38,755.82,642.09,472.8,2353.1,964.15,2399.94,1381.68,399.25,229.64,781.75,356.0,2836.1,1612.94,10136.56,553.1,1100.72,224.46,162.41,185.1,1178.75,1338.68,578.49,367.3,1121.06,856.7,122.9,3333.47,1193.81,3279.37,,2059.8,8273.28,201.07
2023-09-22,2487.74,826.32,4980.74,3158.77,1008.36,4886.44,1526.29,741.08,131.21,905.29,1184.59,232.7,1119.92,3344.11,99.5,1885.02,1163.82,758.74,639.45,472.8,2355.01,941.07,2396.95,1386.65,394.58,227.6,771.86,350.81,2859.35,1556.01,10170.81,554.25,1093.92,223.1,160.86,181.08,1179.27,1319.32,572.22,364.54,1114.71,858.67,121.8,3329.25,1207.0,3278.18,,2066.24,8174.4,198.49
2023-09-25,2477.75,821.16,4982.62,3195.25,1013.55,4837.1,1547.97,749.09,133.31,899.43,1163.6,236.28,1092.53,3337.12,100.3,1890.21,1161.57,742.2,648.2,472.61,2368.8,934.97,2356.02,1384.75,390.7,229.64,768.84,352.01,2868.44,1588.46,10324.82,541.89,1096.35,223.62,160.35,180.58,1166.57,1312.11,579.93,362.75,1098.81,869.47,121.94,3346.43,1221.31,3254.03,,2076.77,8117.11,195.73
2023-09-26,2488.79,818.59,5064.2,3244.75,1017.34,4847.74,1581.23,773.31,133.61,897.45,1158.69,239.73,1078.53,3324.63,98.6,1922.84,1156.09,742.2,636.12,462.44,2360.74,943.49,2380.98,1374.8,391.14,230.74,771.76,354.42,2865.54,1565.32,10419.64,556.39,1102.66,224.18,160.35,179.77,1160.68,1288.93,572.7,372.54,1097.64,894.75,123.57,3314.01,1216.31,3273.41,,2153.66,8136.86,194.94
2023-09-27,2457.82,818.29,5021.47,3210.58,1008.31,4900.18,1565.95,776.78,134.39,902.34,1164.58,239.35,1089.4,3407.57,99.9,1944.49,1151.06,741.22,643.92,460.22,2362.64,931.04,2395.95,1353.29,390.13,230.84,771.86,352.01,2872.42,1570.64,10339.38,569.01,1117.48,224.32,163.19,179.95,1163.14,1276.79,572.17,364.1,1098.76,886.28,123.33,3334.82,1188.19,3226.5,,2139.68,8136.86,192.81
2023-09-28,2487.74,825.67,5072.49,3204.52,1025.33,4883.34,1563.25,771.81,133.9,913.23,1158.2,242.3,1088.1,3397.81,100.35,1908.06,1153.43,746.58,641.24,469.84,2385.55,930.25,2369.05,1364.35,396.74,227.65,772.55,351.65,2938.28,1571.72,10437.87,577.08,1112.38,224.04,162.85,180.67,1182.75,1294.4,570.05,366.27,1115.15,882.14,122.95,3344.11,1192.03,3197.38,,2118.81,8164.33,194.8
2023-09-29,2459.87,818.98,5021.47,3119.77,1029.23,4865.16,1546.27,765.31,133.02,919.15,1147.8,243.34,1080.51,3363.58,100.05,1887.99,1129.65,741.56,631.65,471.82,2352.67,931.43,2346.04,1331.07,389.73,225.55,767.75,348.02,2988.42,1550.11,10330.56,568.31,1095.42,223.99,162.5,181.44,1162.3,1283.41,571.59,359.25,1106.71,873.36,122.8,3285.77,1145.2,3140.29,,2053.46,8100.31,189.42
2023-10-03,2415.86,818.49,5105.88,3091.55,1033.32,4899.98,1528.54,769.45,134.88,905.59,1161.64,246.87,1103.8,3345.96,101.0,1906.18,1127.28,743.17,630.56,476.85,2376.0,936.25,2380.98,1334.74,388.85,231.14,768.44,345.22,2988.91,1572.95,10495.99,567.31,1093.28,228.48,163.19,179.46,1156.42,1295.55,575.21,371.77,1131.35,857.69,123.57,3282.99,1142.02,3129.11,,2071.08,8188.23,190.1
2023-10-04,2400.07,823.39,5052.27,3090.42,1033.67,4847.98,1553.26,793.59,134.98,905.64,1155.85,241.68,1079.72,3270.88,104.4,1884.33,1128.65,727.6,627.13,467.87,2354.1,919.92,2410.88,1324.47,387.74,229.64,759.93,342.23,3012.11,1508.55,10078.59,588.3,1107.77,225.35,159.01,179.59,1146.02,1285.05,578.49,366.21,1110.42,854.73,121.65,3238.49,1132.1,3166.08,,2050.81,8191.74,188.34
2023-10-05,2475.75,823.29,5022.42,3134.41,998.38,4774.22,1538.28,782.7,136.44,912.3,1148.0,240.02,1078.73,3325.07,102.6,1875.53,1142.37,747.09,622.16,467.27,2402.72,920.12,2415.92,1349.57,387.96,225.55,754.05,345.22,2981.09,1509.73,9978.68,573.35,1117.48,221.84,156.25,180.13,1151.11,1264.55,568.85,355.28,1097.3,853.79,120.6,3301.38,1135.84,3154.06,,2019.81,8077.59,190.8
2023-10-06,2464.16,822.45,5017.5,3139.05,1003.37,4953.19,1557.61,776.29,135.95,916.39,1143.0,241.8,1073.79,3362.27,106.4,1868.61,1145.11,751.44,620.72,468.85,2404.58,930.74,2550.69,1365.83,386.07,226.15,752.41,346.28,3062.1,1521.55,10077.71,562.38,1116.75,219.04,158.19,177.88,1150.01,1269.53,572.13,355.08,1100.57,848.81,121.18,3335.75,1129.29,3209.81,,2052.66,8098.34,190.82
2023-10-09,2437.84,807.59,4967.82,3066.11,993.18,4795.55,1615.34,801.21,133.22,905.34,1137.11,237.73,1068.86,3339.42,103.8,1868.56,1130.48,743.66,621.16,466.34,2371.23,925.09,2493.84,1361.56,388.8,222.65,748.6,345.22,3022.82,1516.62,10045.37,553.3,1108.11,218.66,157.67,177.42,1145.57,1271.62,566.92,352.98,1083.98,855.71,119.55,3385.96,1125.79,3274.1,,2031.84,8070.73,189.05
2023-10-10,2440.84,793.27,5036.33,3075.83,998.28,4844.16,1628.18,796.56,134.39,911.8,1138.19,239.56,1083.47,3368.95,104.9,1871.43,1148.36,740.03,612.32,466.88,2397.19,925.23,2486.7,1379.22,388.36,220.66,751.72,344.72,3021.69,1498.35,10084.57,568.71,1115.29,219.65,157.16,177.2,1144.8,1278.48,565.95,352.97,1094.71,872.47,119.45,3381.31,1136.97,3274.4,,2086.51,8048.75,190.07
2023-10-11,2531.65,819.88,5040.3,3094.38,1017.34,4890.31,1639.57,804.95,136.88,935.42,1129.26,253.11,1088.61,3399.76,106.8,1913.94,1157.92,744.68,623.1,479.37,2403.06,939.5,2516.75,1391.39,394.31,221.65,767.9,351.22,3037.57,1516.62,10143.32,562.08,1115.68,220.91,158.97,178.19,1148.72,1303.36,575.5,365.84,1100.57,882.33,120.7,3390.55,1150.91,3269.13,,2055.26,8096.31,191.29
2023-10-12,2497.68,811.11,5060.02,3110.98,1020.34,4919.33,1635.17,803.48,134.93,942.43,1156.78,251.44,1099.99,3407.57,110.2,1968.26,1138.71,747.6,618.23,476.85,2438.03,937.48,2521.74,1386.65,396.47,226.65,774.23,354.2,3041.5,1535.33,10251.17,577.23,1128.07,223.43,157.93,178.19,1163.31,1305.3,569.62,366.12,1101.54,876.32,120.07,3320.89,1152.69,3271.42,,2101.74,8263.26,197.25
2023-10-13,2486.69,804.62,4956.84,3075.83,1007.36,4924.12,1629.18,791.08,133.31,933.25,1134.17,253.48,1072.25,3398.78,109.85,1973.26,1107.61,749.5,619.43,472.8,2436.17,934.63,2565.66,1305.88,396.65,223.65,769.88,350.21,3015.7,1536.81,10323.75,580.13,1120.88,224.93,159.05,180.99,1161.4,1309.18,557.04,359.66,1098.71,877.65,119.74,3279.08,1110.58,3264.46,,2071.78,8215.4,192.65
2023-10-16,2452.38,811.06,4997.63,3050.44,988.39,4870.96,1642.16,795.5,134.0,944.74,1144.27,255.85,1084.46,3380.33,111.9,1960.06,1155.17,745.36,629.12,473.54,2442.8,933.2,2598.66,1331.07,395.02,224.55,769.14,351.41,3046.37,1539.12,10515.73,581.22,1143.95,227.08,162.03,180.86,1163.89,1312.51,555.35,360.83,1113.74,904.81,119.83,3312.52,1118.35,3263.47,,2089.75,8267.31,192.23
2023-10-17,2457.77,804.62,5017.5,3063.13,1007.21,4917.4,1648.06,799.03,134.49,933.5,1145.94,260.13,1084.06,3422.22,112.5,1977.26,1169.71,757.16,628.62,480.21,2441.18,939.99,2600.61,1338.65,396.61,231.14,784.43,350.21,3057.13,1551.09,10515.78,580.32,1123.55,228.95,161.21,183.79,1169.35,1318.28,556.99,360.35,1110.96,899.14,122.52,3279.08,1113.39,3297.21,,2113.67,8228.73,192.55
2023-10-18,2437.84,801.59,4988.68,3036.77,1008.36,4982.21,1663.14,796.07,135.71,939.86,1162.62,263.74,1095.42,3418.16,114.5,1947.7,1168.89,750.08,637.71,481.49,2452.39,933.89,2587.63,1340.27,400.53,221.25,784.82,353.8,3016.58,1552.67,10540.28,578.23,1133.04,229.93,162.07,188.21,1168.97,1337.23,557.04,362.26,1109.35,899.54,122.47,3261.43,1122.75,3288.51,,2085.86,8223.69,191.29
2023-10-19,2397.87,789.51,4945.22,3014.99,978.11,5127.33,1623.18,775.63,133.02,932.76,1187.64,262.04,1121.16,3397.81,112.0,1929.86,1158.65,732.66,635.08,472.26,2409.4,920.91,2555.03,1325.49,396.56,215.66,772.01,347.62,2974.26,1529.77,10486.38,575.24,1129.72,224.6,160.35,184.2,1147.51,1342.16,549.37,352.4,1119.5,883.32,120.22,3231.22,1095.19,3249.56,,2042.78,8149.31,183.32
2023-10-20,2395.93,784.6,4957.98,3019.68,987.39,5272.44,1625.98,772.33,133.71,924.87,1198.77,259.71,1110.35,3417.33,114.0,1949.97,1156.06,732.46,633.04,468.85,2404.63,916.97,2515.75,1329.12,392.37,215.16,771.46,345.92,2988.37,1542.23,10548.22,578.23,1170.67,223.43,161.21,185.28,1141.55,1333.2,549.47,359.98,1110.32,879.33,119.74,3213.44,1094.68,3252.19,,2057.4,8432.23,184.77
2023-10-23,2395.68,786.43,4944.97,3023.15,978.41,5275.39,1625.18,771.34,131.36,928.62,1177.33,259.76,1091.67,3385.21,113.8,1917.15,1152.36,741.47,634.08,464.71,2379.82,926.81,2440.88,1325.03,386.2,213.67,762.75,353.01,2952.05,1524.75,10467.76,583.32,1180.38,225.16,160.3,182.39,1136.59,1353.05,542.91,359.65,1107.4,886.03,118.16,3234.48,1089.16,3225.9,,2031.84,8312.7,182.8
2023-10-25,2317.94,765.48,4928.08,3020.56,958.44,5209.56,1611.1,771.24,129.6,911.85,1162.13,254.4,1106.39,3353.97,105.65,1879.48,1136.85,740.25,621.41,459.97,2361.74,911.12,2416.87,1317.14,385.23,206.28,746.23,349.01,2908.79,1550.11,10309.98,578.38,1179.41,220.67,159.35,179.68,1116.76,1316.34,538.57,359.03,1097.64,870.8,116.1,3157.65,1087.19,3195.89,,2004.79,8253.43,179.78
2023-10-26,2247.01,757.05,4828.62,2979.25,954.45,5160.07,1588.22,754.05,127.15,908.94,1132.99,256.93,1086.24,3290.4,107.5,1845.87,1121.89,725.77,608.1,450.79,2348.33,899.56,2423.5,1275.76,378.75,207.68,736.93,344.76,2856.69,1530.41,10328.6,560.38,1178.44,215.86,158.19,179.46,1117.23,1309.13,531.68,348.4,1088.81,870.75,115.76,3136.74,1029.23,3140.59,,1976.93,8135.87,177.17
2023-10-27,2220.03,767.85,4749.19,2863.74,978.41,5093.47,1573.84,742.66,126.42,898.19,1130.24,254.31,1071.2,3248.22,107.35,1835.94,1142.21,715.18,602.33,452.07,2354.34,901.23,2416.92,1283.86,382.98,219.26,722.08,340.83,2816.04,1485.45,10231.62,557.19,1143.98,216.93,156.04,179.91,1111.77,1300.97,530.28,355.08,1084.96,867.54,115.43,3119.93,1047.85,3075.75,,2028.0,8111.18,177.28
2023-10-30,2258.05,778.75,4808.85,2903.97,1001.12,5212.46,1567.15,742.25,130.58,902.19,1163.6,261.79,1065.68,3322.63,106.2,1834.9,1172.68,712.14,606.06,452.81,2357.87,894.44,2467.03,1299.58,383.16,224.15,727.13,339.64,2850.01,1479.3,10486.38,561.88,1170.67,222.03,159.48,181.44,1128.65,1298.58,542.81,371.2,1088.57,873.46,115.96,3119.93,1048.41,3085.59,,2139.88,8141.8,179.6
2023-10-31,2317.94,782.62,4800.9,2899.09,996.38,5166.02,1550.67,748.58,129.6,907.61,1177.29,263.25,1061.74,3287.04,107.85,1858.72,1174.52,731.98,603.37,458.98,2357.11,914.31,2497.73,1299.2,379.15,221.65,729.31,344.76,2880.24,1471.52,10280.57,579.33,1180.38,219.27,163.1,181.94,1155.45,1318.28,546.67,364.87,1092.23,886.77,114.95,3165.57,1054.35,3100.1,,2137.58,8302.52,179.22
2023-11-01,2296.96,777.61,4803.88,2927.36,976.26,5132.16,1573.14,743.65,130.82,890.55,1177.33,260.3,1063.91,3231.63,105.6,1872.47,1181.91,711.66,617.98,452.57,2371.23,899.06,2458.84,1292.71,379.15,215.66,729.21,345.42,2897.44,1442.66,10182.67,573.3,1182.36,221.33,160.48,182.71,1136.17,1364.1,545.95,361.42,1065.44,893.18,113.99,3124.59,1058.14,3173.88,,2160.34,8337.4,179.53
2023-11-02,2245.01,769.84,4806.66,2891.32,976.41,5208.49,1585.93,744.64,130.77,907.32,1182.73,256.76,1062.92,3207.41,105.0,1857.29,1168.98,722.73,618.18,457.26,2379.01,905.21,2435.88,1289.83,379.19,218.16,720.4,346.22,2885.2,1442.76,10084.86,577.28,1172.11,218.99,161.21,182.16,1148.47,1335.19,550.62,367.07,1100.42,897.27,109.78,3113.6,1063.92,3179.99,,2206.57,8283.56,179.5
2023-11-03,2213.34,772.91,4918.89,2892.41,984.4,5182.47,1582.48,744.45,132.19,912.25,1192.05,258.13,1062.33,3280.64,108.8,1881.86,1184.31,724.19,618.18,472.75,2400.16,913.58,2495.78,1299.3,381.62,218.66,728.27,347.22,2884.22,1457.53,10112.01,583.77,1179.57,220.26,160.91,183.65,1155.05,1337.98,555.35,376.47,1110.81,899.09,113.23,3149.73,1062.98,3185.11,,2191.6,8371.97,180.53
2023-11-06,2251.95,794.21,5107.96,2932.51,993.38,5204.72,1545.27,737.33,133.95,921.32,1189.06,260.3,1047.12,3373.3,119.6,1880.47,1178.45,729.06,618.28,473.79,2417.46,925.82,2495.73,1312.34,382.23,220.06,740.29,348.02,2883.23,1459.3,10132.54,581.27,1179.92,222.19,163.97,185.1,1157.58,1328.23,561.13,389.25,1112.37,903.77,113.51,3143.21,1075.74,3289.31,,2193.14,8435.19,180.53
2023-11-07,2255.0,795.7,5116.85,2963.13,1006.36,5230.7,1600.21,755.52,134.54,923.15,1182.24,263.04,1061.74,3397.9,123.55,1898.17,1171.76,727.11,619.57,475.76,2399.2,928.38,2559.18,1318.08,383.47,217.56,749.1,346.25,2919.61,1465.66,10094.37,591.29,1186.61,223.09,166.73,187.99,1158.45,1325.74,554.19,387.5,1121.06,906.98,114.28,3146.01,1080.0,3253.53,,2230.99,8535.9,180.02
2023-11-08,2243.31,794.71,5101.95,2991.2,1022.34,5256.96,1574.24,744.35,134.73,928.82,1198.92,262.62,1072.59,3427.1,122.0,1907.07,1181.91,722.22,620.17,485.09,2401.12,933.15,2557.68,1322.79,381.92,217.46,742.17,349.81,2924.23,1462.51,10113.97,596.28,1190.62,226.44,166.98,188.71,1157.43,1335.34,561.04,385.04,1146.42,909.44,114.71,3139.91,1089.22,3268.44,,2446.2,8583.37,179.88
2023-11-09,2266.99,817.5,5114.37,3032.29,1023.09,5245.16,1573.24,740.19,136.88,923.84,1218.54,264.66,1082.46,3461.56,125.25,1915.37,1170.51,723.22,614.95,482.48,2422.31,918.94,2575.65,1314.22,386.03,214.52,748.8,348.4,2952.05,1464.82,10143.32,589.8,1189.69,223.94,169.4,187.18,1159.34,1338.28,560.17,381.7,1152.28,903.33,114.18,3157.28,1078.11,3300.19,,2449.2,8579.42,179.13
2023-11-10,2218.28,800.65,5265.89,3002.94,1016.25,5233.69,1579.23,728.82,134.49,916.19,1214.47,269.65,1074.77,3456.39,122.0,1908.11,1165.57,720.34,617.04,475.81,2380.93,919.82,2567.66,1289.79,383.03,214.52,744.05,346.14,2969.79,1526.47,10167.87,591.54,1183.66,224.55,166.12,190.07,1144.31,1344.94,557.08,375.89,1145.5,890.07,114.47,3108.75,1061.08,3242.65,,2473.11,8486.61,177.87
2023-11-13,2213.54,802.63,5216.21,3030.33,1028.38,5257.93,1592.82,736.52,136.1,925.07,1219.52,276.75,1072.8,3505.21,122.65,1923.78,1163.44,726.18,621.31,475.76,2381.13,925.73,2520.74,1299.11,386.55,222.65,748.65,349.41,2998.25,1503.08,10220.79,590.3,1187.15,231.25,168.88,191.42,1152.92,1344.64,560.17,379.26,1151.4,901.06,115.76,3125.52,1078.67,3254.52,,2491.13,8605.2,178.94
2023-11-15,2238.01,810.56,5249.84,3018.3,1043.3,5345.0,1598.21,735.68,141.33,934.93,1236.2,298.36,1072.99,3601.87,123.3,1924.86,1177.3,732.02,629.07,490.57,2404.87,929.17,2560.67,1317.14,386.29,226.6,760.97,351.41,3010.39,1525.48,10287.44,598.17,1184.56,235.03,171.12,194.13,1161.4,1342.11,566.2,384.66,1150.82,908.36,116.58,3150.76,1082.84,3254.77,,2575.8,8603.12,180.32
2023-11-16,2224.03,806.99,5190.38,3050.87,1041.11,5340.16,1559.31,686.75,140.11,935.92,1217.61,293.37,1071.82,3757.16,120.9,1927.53,1185.42,734.75,632.99,497.48,2384.01,923.86,2544.65,1333.24,389.68,225.15,762.46,353.4,3006.06,1520.76,10270.77,600.07,1182.12,234.89,174.57,190.26,1166.91,1355.84,563.74,394.65,1153.25,919.79,118.78,3194.48,1111.21,3274.8,,2552.54,8682.74,183.18
2023-11-17,2203.95,804.32,5297.88,3081.19,1013.25,5375.86,1591.27,706.13,139.72,935.72,1212.65,289.22,1099.47,3734.56,122.0,1918.98,1212.75,725.16,628.97,496.54,2369.4,911.61,2586.63,1356.73,387.3,225.65,763.94,351.21,2998.25,1551.09,10290.38,615.12,1177.47,238.85,173.15,191.18,1167.81,1347.13,553.9,391.19,1160.86,908.95,119.45,3257.63,1146.39,3318.12,,2543.6,8678.2,186.15
2023-11-20,2209.04,802.68,5439.76,3099.68,979.41,5427.27,1610.1,707.16,143.19,935.92,1218.05,289.22,1109.34,3759.6,122.85,1949.18,1214.18,736.36,650.93,493.68,2436.16,907.13,2607.59,1357.62,387.83,221.4,761.86,350.41,3042.58,1565.67,10290.38,610.24,1190.91,236.97,170.69,193.38,1165.65,1406.78,543.78,386.55,1166.91,922.26,119.79,3251.48,1139.48,3317.13,,2590.98,8693.02,183.9
2023-11-21,2158.09,797.68,5464.6,3087.94,988.34,5456.73,1592.02,700.64,140.99,953.67,1223.4,291.18,1108.37,3773.71,118.55,1950.22,1233.25,739.28,650.98,496.29,2407.85,909.49,2613.58,1357.62,385.45,217.06,758.85,354.99,3036.1,1529.42,10407.0,616.37,1187.49,238.48,171.36,193.29,1174.31,1381.95,545.71,387.52,1160.08,893.18,119.79,3277.88,1153.72,3343.96,,2630.81,8559.46,188.3
2023-11-22,2203.2,796.69,5431.81,3071.41,989.39,5494.95,1608.2,700.78,140.11,960.87,1233.21,291.88,1117.28,3739.64,116.0,1957.29,1224.94,739.76,665.64,498.37,2410.49,908.36,2640.54,1352.16,385.32,219.36,767.7,350.81,3022.68,1536.32,10339.38,603.46,1190.67,236.78,169.76,191.64,1178.78,1417.77,542.77,388.48,1175.69,918.27,121.08,3259.63,1139.58,3378.74,,2620.93,8627.82,188.25
2023-11-23,2188.06,787.77,5494.41,3079.24,997.38,5611.04,1622.09,705.58,138.74,956.63,1246.01,289.01,1121.21,3745.94,113.6,1961.54,1231.73,734.17,663.95,492.54,2409.0,908.11,2585.63,1382.01,388.8,222.15,763.89,347.23,3027.74,1532.97,10278.42,617.97,1192.82,239.8,169.58,195.18,1185.33,1422.85,541.61,383.25,1174.28,916.0,121.03,3287.57,1149.03,3412.43,,2640.7,8643.63,187.31
2023-11-24,2177.07,788.66,5457.65,3049.89,1000.37,5746.47,1622.64,702.91,136.88,961.56,1167.57,291.49,1116.26,3803.69,114.15,1941.57,1227.06,740.35,661.96,498.32,2417.56,906.64,2591.62,1360.96,388.85,221.55,770.87,347.12,2998.25,1525.48,10296.21,612.23,1194.57,239.14,169.45,194.49,1187.01,1406.83,541.8,382.64,1170.82,921.47,121.37,3254.27,1146.25,3384.71,,2655.83,8532.99,188.25
2023-11-28,2298.96,798.67,5366.54,3072.54,1011.4,5775.3,1615.69,695.69,138.55,960.62,1177.33,291.01,1115.68,3764.88,114.9,1940.68,1208.83,747.16,663.95,505.13,2433.56,913.92,2583.93,1359.5,386.2,227.69,776.81,348.22,3002.18,1529.62,10329.53,609.29,1179.33,240.6,167.68,197.39,1188.16,1402.65,543.39,378.18,1168.04,911.91,121.65,3219.68,1130.22,3396.58,,2664.36,8532.99,185.68
2023-11-29,2466.51,842.27,5337.52,3079.58,1025.48,5814.19,1658.15,705.48,138.94,982.17,1176.11,298.14,1125.73,3761.02,117.0,1965.5,1222.54,746.53,672.85,512.28,2414.58,915.89,2652.52,1366.19,384.44,228.99,775.03,348.91,2998.25,1552.07,10358.98,606.35,1183.38,245.04,173.58,193.57,1195.15,1408.27,547.64,380.87,1162.96,921.72,121.8,3241.93,1141.47,3452.13,,2689.82,8653.41,186.15
2023-11-30,2397.92,831.37,5347.36,3079.58,1060.97,5896.42,1651.15,705.29,137.91,981.28,1177.33,299.87,1131.09,3766.83,118.8,1983.19,1234.54,763.68,672.75,512.58,2418.57,923.81,2685.46,1368.21,385.06,225.7,785.71,350.5,3024.1,1590.53,10369.76,608.24,1176.49,243.53,171.05,193.66,1188.55,1402.85,549.32,382.3,1163.35,918.81,122.42,3259.12,1155.65,3409.65,,2672.25,8669.85,190.33
2023-12-01,2367.9,831.57,5514.28,3078.21,1073.65,5852.89,1678.12,708.05,144.71,1001.01,1190.53,298.83,1145.9,3829.37,118.0,1996.98,1242.85,758.21,689.79,513.32,2448.7,920.86,2700.79,1374.47,386.11,231.09,796.6,351.21,3076.84,1630.86,10396.22,626.94,1189.19,247.68,173.36,194.67,1180.26,1430.76,546.67,390.23,1203.06,932.51,123.47,3259.63,1160.19,3477.12,,2782.68,8993.13,193.51
2023-12-04,2547.69,857.13,5589.79,3120.32,1118.68,5892.12,1698.1,725.85,148.67,1021.72,1189.4,305.18,1145.9,3856.71,118.75,2051.41,1246.55,772.86,685.57,517.27,2477.06,948.16,2790.28,1374.99,401.19,229.39,811.44,353.21,3229.26,1637.61,10481.48,656.6,1191.59,260.57,174.47,194.86,1216.0,1432.6,566.92,392.36,1207.16,940.5,126.64,3301.21,1170.79,3527.81,,2842.59,9038.76,193.02
2023-12-05,2528.96,875.96,5573.89,3127.17,1134.95,5992.25,1694.41,734.75,150.33,1024.48,1199.51,309.18,1138.99,4082.25,117.9,2034.5,1243.78,796.46,674.83,511.64,2534.73,986.33,2820.23,1380.03,401.19,230.64,807.48,364.78,3262.73,1635.69,10438.26,702.62,1194.62,259.81,179.53,196.7,1210.54,1446.62,573.72,405.82,1196.09,933.3,125.49,3295.02,1157.55,3466.59,,2815.63,9207.69,190.54
2023-12-06,3077.27,1035.5,5498.53,3193.68,1133.26,5890.67,1699.1,730.8,149.26,1014.91,1201.86,309.26,1145.11,3991.5,117.15,2056.2,1223.46,797.41,672.85,514.26,2470.33,997.65,2872.15,1371.51,400.22,244.52,816.34,365.59,3273.5,1662.47,10507.85,665.13,1208.19,271.9,180.91,208.02,1214.56,1454.58,591.99,402.44,1218.19,940.5,126.92,3289.99,1156.6,3527.81,,2885.72,9216.33,190.24
2023-12-07,2897.43,1019.64,5454.91,3212.27,1117.43,5872.19,1698.45,730.8,158.26,1001.01,1183.22,307.52,1140.05,3954.34,119.6,2034.35,1229.0,790.86,676.72,514.26,2452.16,980.28,2895.66,1386.67,409.79,248.61,820.3,364.18,3334.74,1677.15,10574.59,656.31,1219.9,266.09,178.37,207.1,1220.96,1449.46,588.13,399.33,1201.06,938.53,126.16,3357.42,1159.44,3524.72,,2877.48,9153.35,196.44
2023-12-08,2900.13,1038.47,5459.63,3183.9,1114.04,5915.77,1703.1,730.85,157.82,984.93,1201.86,305.96,1142.91,4003.16,123.0,2056.35,1230.85,793.52,676.27,512.78,2421.3,978.46,2895.11,1384.36,405.56,248.61,816.19,364.55,3319.7,1673.21,10515.78,666.92,1221.2,270.43,177.44,213.36,1222.87,1447.62,588.13,397.2,1205.99,946.41,124.67,3383.49,1163.22,3552.65,,2852.87,9264.29,195.87
2023-12-11,2834.54,1017.46,5514.28,3159.45,1127.17,5886.75,1698.25,724.37,156.3,982.37,1194.6,305.09,1086.63,3959.23,119.95,2048.44,1265.11,803.06,666.93,513.57,2424.48,990.86,2912.08,1402.81,398.1,244.47,832.77,368.17,3320.63,1648.59,10417.78,686.02,1215.58,270.06,174.96,209.86,1218.98,1457.77,592.95,393.64,1205.94,936.46,124.38,3374.09,1164.17,3611.83,,2854.52,9299.55,196.44
2023-12-12,2866.56,1027.62,5514.28,3157.49,1118.18,5963.18,1702.9,719.92,158.89,985.47,1187.73,307.83,1086.63,3951.85,119.0,2066.24,1271.48,805.08,672.75,518.21,2403.04,1000.7,2925.06,1391.04,400.49,245.67,837.76,368.77,3317.73,1637.75,10407.98,690.01,1223.57,271.38,174.87,211.7,1220.96,1457.07,594.88,400.11,1218.62,939.56,124.58,3389.04,1170.74,3614.26,,2892.41,9584.5,196.76
2023-12-13,2857.47,1035.5,5368.18,3169.23,1148.13,6055.95,1706.09,721.88,156.69,979.51,1176.01,303.7,1099.37,3875.26,116.9,2057.24,1273.65,794.49,702.16,522.11,2410.59,998.43,2958.95,1389.63,402.34,241.62,845.93,363.98,3296.06,1614.12,10153.17,698.53,1219.41,268.83,173.49,212.62,1202.1,1475.63,592.42,389.44,1188.67,934.58,125.06,3393.32,1159.44,3562.59,,2890.51,9779.6,198.1
2023-12-14,2898.38,1070.18,5459.44,3183.9,1130.56,6118.93,1698.1,728.67,159.53,992.13,1196.02,303.53,1108.73,3962.15,121.0,2071.13,1284.41,801.08,697.69,533.01,2423.56,1005.76,2994.94,1377.77,405.6,242.52,851.02,367.97,3367.82,1650.56,10231.57,725.81,1228.48,281.1,173.94,218.37,1217.99,1465.53,603.56,388.68,1208.87,947.2,126.73,3380.7,1167.95,3624.2,,2985.56,9710.5,198.07
2023-12-15,2909.47,1069.19,5494.41,3179.01,1117.38,6161.45,1737.01,744.53,162.36,985.87,1192.05,304.22,1106.39,4002.87,124.5,2091.94,1313.03,803.03,683.78,548.81,2422.27,1026.82,2979.96,1433.93,407.27,239.63,845.14,372.16,3376.86,1701.67,10250.19,702.32,1214.12,281.34,175.13,216.3,1229.9,1466.52,605.48,410.19,1210.82,946.36,127.79,3414.88,1201.05,3592.4,,2995.35,9878.43,203.94
2023-12-18,2991.3,1069.19,5514.78,3240.63,1117.88,6070.75,1730.71,746.42,167.99,981.28,1182.83,305.09,1103.43,3979.73,123.4,2103.51,1375.68,808.24,669.67,549.79,2422.41,1013.34,2922.06,1476.2,401.19,240.62,835.19,368.21,3436.68,1693.89,10089.47,692.4,1194.57,288.89,178.51,218.05,1238.63,1445.13,623.47,402.4,1205.7,942.47,131.09,3593.14,1234.15,3578.19,,2993.9,9906.09,208.6
2023-12-19,2986.15,1085.04,5473.34,3263.08,1121.97,6259.21,1723.07,755.62,169.11,981.73,1196.42,301.18,1110.34,3998.09,129.0,2083.09,1386.44,803.03,668.87,560.6,2436.73,1008.96,2968.98,1478.23,399.74,239.93,846.62,369.14,3429.75,1693.89,10113.58,675.9,1200.42,287.95,179.35,213.68,1268.11,1437.62,625.25,398.91,1234.04,939.51,130.9,3580.93,1229.42,3588.08,,2983.37,9849.14,208.41
2023-12-20,2943.39,1068.2,5519.74,3263.18,1120.18,6224.38,1713.78,756.51,169.94,979.21,1215.6,320.74,1116.27,3978.51,130.35,2109.74,1371.2,806.92,667.78,562.13,2473.16,1005.52,2994.94,1473.47,404.72,238.53,850.03,369.6,3445.53,1684.04,10035.57,669.67,1255.35,295.03,179.13,216.26,1276.08,1429.71,635.08,399.34,1224.48,961.2,130.18,3564.4,1220.91,3587.88,,3017.31,9905.1,206.72
2023-12-21,2747.56,987.09,5309.61,3208.36,1102.11,6126.86,1661.14,734.42,161.39,954.65,1212.85,305.18,1094.54,3807.89,122.15,2026.69,1312.25,806.44,637.07,536.96,2443.65,980.48,2843.59,1432.23,395.9,230.49,821.34,363.38,3332.53,1610.18,9800.36,648.13,1226.22,279.26,181.08,206.59,1254.22,1394.39,609.49,386.99,1194.33,962.19,123.28,3498.28,1165.11,3502.07,,2905.44,9760.88,200.6
2023-12-22,2813.45,1024.6,5474.54,3237.6,1093.62,6083.14,1667.14,733.66,168.18,968.36,1206.82,312.04,1102.04,3888.93,130.55,2065.25,1321.34,819.38,642.04,552.16,2459.95,986.78,2895.11,1445.13,399.43,238.38,836.18,370.11,3365.9,1605.26,9849.36,654.81,1233.17,287.0,181.13,214.46,1270.4,1406.83,621.63,393.31,1209.84,972.04,126.83,3539.03,1191.59,3557.62,,2974.18,9865.59,203.59
2023-12-26,2814.5,1024.7,5505.74,3276.78,1089.43,6171.99,1673.13,724.37,174.1,981.28,1216.58,316.22,1111.82,3929.74,128.5,2027.68,1350.61,814.35,637.07,567.51,2475.71,978.86,2876.14,1445.18,402.12,236.88,848.55,372.56,3418.94,1615.99,10064.97,652.12,1245.19,289.32,181.57,213.54,1274.57,1392.9,615.95,401.47,1213.41,978.95,129.03,3557.51,1205.78,3612.27,,2981.47,9853.73,212.34
2023-12-27,2878.15,1027.57,5598.73,3307.2,1094.27,6259.21,1655.15,713.98,179.97,986.21,1223.45,319.0,1113.27,3971.92,125.7,2055.31,1353.15,818.36,639.05,574.47,2485.71,981.86,2925.06,1453.65,402.95,235.63,849.49,377.95,3450.44,1644.65,10080.65,676.05,1250.76,294.18,186.01,216.3,1281.52,1397.87,617.78,395.47,1219.6,1000.58,130.13,3538.09,1217.98,3645.07,,2971.04,9978.15,219.12
2023-12-28,2852.47,1020.19,5638.48,3330.62,1105.45,6491.05,1672.18,719.43,177.52,1009.78,1216.33,318.82,1129.87,4022.69,124.9,2104.79,1357.91,831.89,643.03,600.13,2512.48,991.74,2936.04,1477.14,403.13,234.63,873.68,381.34,3484.85,1663.31,10105.1,678.89,1263.94,291.82,183.35,216.4,1285.39,1421.25,626.94,400.07,1224.43,1016.16,132.34,3561.38,1215.23,3676.77,,3020.31,10364.45,221.01
2023-12-29,2821.4,1012.51,5703.06,3335.52,1099.66,6510.69,1680.57,715.14,178.94,1018.91,1240.13,331.6,1151.85,4003.11,124.0,2115.97,1361.0,825.91,644.12,606.35,2531.65,987.86,2930.15,1450.88,409.21,233.54,872.79,381.56,3471.09,1703.74,10075.21,682.83,1282.52,296.77,184.68,218.88,1295.96,1425.73,622.36,397.69,1231.41,1039.03,132.77,3531.57,1216.13,3691.87,,3025.6,10293.37,220.26
2024-01-01,2849.77,1017.22,5704.05,3328.67,1093.22,6549.43,1683.92,725.55,180.75,1017.72,1228.79,328.38,1145.9,4047.1,124.45,2120.61,1348.12,830.29,643.03,606.55,2560.54,975.56,2994.94,1448.95,408.69,232.99,871.06,380.94,3477.97,1703.15,10138.47,687.02,1302.06,294.56,182.9,218.97,1280.8,1428.57,619.18,398.28,1230.33,1078.37,134.11,3529.71,1203.89,3665.94,,3057.05,10375.37,221.22
2024-01-02,2919.41,1038.32,5701.17,3321.82,1093.32,6492.36,1674.03,724.27,181.93,1003.37,1231.39,336.73,1147.3,3915.39,127.0,2105.68,1370.33,826.78,645.51,602.5,2545.3,980.92,2974.97,1455.54,414.42,234.63,874.62,380.74,3465.24,1677.74,10078.0,686.47,1343.59,293.42,182.33,220.91,1283.0,1429.71,618.36,397.2,1230.33,1070.97,134.59,3549.36,1227.53,3665.94,,3010.77,10362.37,223.56
2024-01-03,3044.3,1094.95,5693.12,3317.27,1089.23,6427.59,1678.12,736.23,178.36,1017.72,1266.62,343.16,1170.96,3802.08,128.8,2066.24,1348.12,828.34,640.05,600.38,2498.2,968.82,2928.95,1431.01,414.64,235.03,860.92,371.96,3374.75,1646.62,9996.37,676.3,1336.01,290.02,182.46,217.22,1295.41,1422.75,616.43,394.3,1264.68,1082.41,133.63,3508.29,1196.32,3684.82,,3004.33,10080.69,216.97
2024-01-04,3036.71,1106.84,5731.18,3298.35,1101.21,6796.13,1692.46,747.61,178.5,1020.98,1279.37,337.08,1170.04,3795.68,128.4,2066.24,1326.88,816.66,634.08,586.31,2505.46,970.49,2990.0,1416.89,423.23,238.48,831.48,373.46,3382.66,1641.59,9898.36,694.89,1311.88,293.52,186.9,219.07,1284.49,1413.59,619.46,406.89,1272.29,1072.7,130.28,3447.52,1182.23,3672.89,,3069.23,10036.48,213.74
2024-01-05,3007.28,1118.83,5725.11,3306.12,1122.17,6723.57,1701.05,764.91,183.59,1039.27,1275.45,336.21,1159.73,3772.79,130.9,2074.15,1315.8,821.11,644.52,582.96,2494.36,972.07,3003.32,1418.58,422.71,244.12,830.19,372.26,3406.16,1622.93,9810.8,732.88,1345.54,304.85,191.29,222.75,1291.89,1428.62,621.87,417.16,1285.95,1109.08,129.32,3422.61,1186.77,3696.44,,3080.67,9977.21,212.83
2024-01-08,3017.32,1149.45,5712.99,3281.72,1143.14,6790.27,1714.03,759.18,182.66,1035.52,1272.16,335.9,1161.89,3798.12,133.65,2055.86,1325.03,816.9,643.03,579.41,2523.15,977.97,2964.99,1439.48,418.83,246.47,827.03,368.77,3479.93,1623.13,9805.26,716.93,1310.85,298.76,193.56,223.12,1295.41,1446.77,617.05,423.17,1273.65,1109.13,129.61,3481.19,1182.32,3746.43,,3076.17,9955.48,213.97
2024-01-09,2988.05,1171.25,5665.5,3237.7,1126.72,7101.83,1708.54,768.77,180.85,1042.43,1259.75,333.47,1149.66,3816.92,133.2,2058.48,1348.67,811.38,643.03,574.42,2482.39,970.34,2987.9,1451.68,412.21,243.52,819.85,366.58,3467.6,1600.33,9775.86,707.16,1289.84,300.08,196.22,223.3,1290.45,1421.75,609.34,427.55,1282.97,1090.35,127.88,3455.16,1173.2,3713.59,,3064.24,9868.16,214.21
2024-01-10,3021.32,1208.91,5762.67,3220.09,1113.44,6892.87,1683.12,763.04,180.36,1052.24,1271.52,335.38,1135.84,3779.03,134.25,2043.48,1361.88,799.62,638.06,568.55,2479.94,958.59,3007.82,1435.72,409.61,241.62,815.25,363.34,3489.72,1620.03,9849.31,715.93,1265.42,301.78,190.89,221.83,1279.03,1447.57,602.4,422.39,1297.7,1096.26,128.17,3436.58,1169.37,3684.82,,3121.65,9778.61,211.14
2024-01-11,3117.24,1209.9,5766.64,3215.06,1109.25,6859.01,1677.12,759.48,182.9,1051.06,1314.54,335.08,1141.56,3777.42,135.3,2054.55,1385.05,807.9,642.04,575.41,2479.94,979.25,3089.58,1435.67,409.21,242.62,826.09,365.58,3485.34,1618.94,9824.96,733.78,1260.53,297.34,190.01,221.14,1319.73,1442.69,603.56,429.75,1295.7,1101.19,129.17,3468.25,1173.53,3703.6,,3185.05,9720.28,212.78
2024-01-12,3093.61,1199.39,5832.22,3222.98,1124.52,7120.21,1668.38,759.87,181.29,1043.51,1299.19,335.34,1133.03,3798.32,140.0,2067.5,1389.67,804.0,642.88,573.48,2435.24,978.76,3050.89,1470.6,408.47,254.6,815.89,364.18,3445.58,1605.26,9824.86,747.74,1249.39,297.58,189.83,223.21,1349.91,1427.52,601.44,444.25,1286.92,1109.52,130.08,3583.73,1202.75,3676.87,,3198.03,9858.62,212.8
2024-01-15,3124.23,1202.96,5797.45,3210.51,1120.18,7064.05,1653.15,761.25,180.85,1063.19,1291.14,332.47,1133.64,3783.48,139.55,2096.04,1486.62,801.91,633.09,578.27,2447.26,987.32,3068.91,1548.7,414.42,257.6,819.06,367.77,3515.42,1610.18,9785.75,722.91,1252.71,297.29,202.88,221.27,1364.9,1434.69,615.99,444.25,1296.87,1173.16,130.28,3688.04,1262.52,3716.62,,3232.98,9758.9,239.44
2024-01-16,3092.26,1192.66,5844.14,3203.42,1114.84,7099.9,1632.17,739.2,184.76,1091.74,1288.35,334.99,1143.93,3700.48,135.0,2076.98,1465.39,814.23,611.97,568.5,2473.4,989.87,3073.81,1548.55,412.48,253.7,819.01,369.28,3487.8,1613.13,9885.47,729.89,1249.24,299.51,208.61,222.42,1379.76,1417.82,617.05,450.49,1297.7,1136.24,129.03,3631.23,1257.89,3735.35,,3198.58,9832.94,231.51
2024-01-17,3030.31,1169.27,5835.05,3222.15,1080.24,6880.29,1613.15,722.23,182.22,1076.95,1274.81,331.86,1134.05,3642.88,132.4,2096.88,1403.52,764.1,607.25,563.56,2450.14,971.97,2994.94,1525.44,415.65,246.62,821.34,363.79,3494.68,1587.53,9921.88,708.95,1241.99,292.43,206.17,219.53,1349.51,1389.91,601.63,444.48,1280.09,1117.95,129.75,3556.72,1235.09,3795.07,,3148.11,9837.93,222.23
2024-01-18,2972.91,1160.4,5920.65,3186.79,1064.27,6915.12,1584.23,721.5,181.58,1060.38,1260.78,330.99,1115.76,3662.5,,2051.62,1456.15,727.11,604.27,553.0,2470.33,958.24,3020.7,1546.53,410.23,,804.02,353.21,3510.21,1575.71,9747.48,717.03,1238.54,291.68,204.26,209.17,1341.47,1409.71,603.36,440.03,1267.36,1118.89,126.11,3630.29,1254.67,3767.65,,3133.13,9734.21,225.62
2024-01-19,2942.74,1151.68,5948.47,3108.39,1105.35,6906.22,1589.17,727.83,185.84,1075.96,1305.81,330.86,1121.23,3612.61,130.5,2041.15,1460.87,732.92,610.73,549.3,2465.52,975.31,3063.42,1554.96,413.14,245.47,796.85,356.61,3541.87,1600.28,9761.16,712.94,1226.33,286.81,209.54,216.3,1365.89,1398.77,610.31,440.03,1307.41,1140.38,127.02,3699.66,1299.31,3718.8,,3165.03,9877.44,228.24
2024-01-23,3012.28,1188.25,6386.63,3020.11,1124.07,6844.5,1595.67,727.13,190.97,1129.21,1358.84,350.72,1116.64,3614.61,136.3,2062.64,1450.54,712.99,596.57,550.78,2355.94,1042.02,3062.82,1553.54,417.72,247.46,799.81,359.39,3575.88,1594.42,9665.11,754.82,1211.67,295.92,217.53,221.83,1361.67,1436.68,604.52,443.14,1284.0,1142.55,129.13,3657.46,1320.68,3762.33,,3202.03,9878.43,223.59
2024-01-24,2898.43,1127.65,6113.94,2988.27,1033.12,6844.59,1592.92,702.52,182.71,1124.38,1382.39,330.12,1127.72,3543.29,131.45,2053.61,1423.75,671.75,586.38,542.88,2295.39,1012.85,2934.99,1562.77,405.69,239.63,786.7,357.0,3509.43,1570.79,9663.15,764.84,1210.65,286.01,205.1,217.36,1325.41,1373.4,588.08,432.83,1346.44,1129.39,124.72,3638.71,1298.41,3740.47,,3159.19,9745.07,220.76
2024-01-25,2900.88,1111.95,6170.08,2944.3,1056.28,7120.21,1619.94,697.7,186.57,1169.65,1386.65,336.21,1166.08,3593.08,135.9,2064.48,1460.87,706.91,580.57,559.17,2359.59,982.3,2905.64,1575.06,408.73,240.03,806.49,357.2,3538.82,1606.83,9788.79,735.88,1233.68,292.67,208.65,225.28,1333.08,1407.72,596.33,449.09,1349.9,1143.58,130.75,3601.1,1274.81,3746.83,,3218.05,9863.22,224.06
2024-01-29,2926.4,1144.5,6159.15,2875.83,1034.32,7346.59,1628.18,700.69,185.84,1142.04,1339.22,341.51,1145.9,3535.57,136.9,2064.53,1456.22,704.75,571.52,560.65,2316.53,1003.55,2885.02,1567.71,401.98,241.62,810.5,356.26,3542.85,1610.67,9732.88,694.69,1212.72,300.03,213.98,225.92,1354.47,1380.96,596.81,471.22,1331.8,1120.66,129.03,3564.43,1265.36,3737.09,,3242.96,9878.53,220.29
2024-01-30,3078.27,1189.09,6290.25,2924.69,1058.33,7328.11,1627.18,691.09,187.79,1146.13,1319.6,361.37,1165.45,3588.2,135.85,2099.27,1470.18,707.91,579.42,562.58,2358.83,998.58,2914.08,1565.17,394.14,252.76,809.46,364.18,3652.9,1624.9,9810.99,727.9,1227.31,303.85,227.74,233.79,1449.22,1417.77,603.03,466.76,1367.81,1128.74,129.89,3570.67,1252.07,3857.73,,3257.94,10164.66,222.35
2024-01-31,3090.01,1184.93,6239.58,2901.21,1046.5,7319.89,1592.22,674.43,184.08,1143.02,1292.22,352.07,1150.85,3628.23,140.0,2110.68,1450.92,700.58,569.98,561.84,2354.98,1000.4,2935.04,1551.8,387.96,247.26,803.52,362.38,3460.27,1590.53,9760.47,731.94,1225.84,300.74,222.37,233.79,1393.68,1392.9,603.94,474.71,1338.34,1109.08,129.32,3574.18,1246.54,3725.56,,3049.26,9838.92,221.46
2024-02-01,3154.1,1202.56,6249.17,2896.32,1070.91,7429.79,1630.18,678.97,183.59,1148.99,1334.02,355.33,1203.09,3752.23,141.0,2158.82,1466.46,713.02,573.66,570.52,2379.11,1017.28,2976.97,1562.44,389.73,250.61,813.42,365.18,3420.95,1634.06,10006.16,777.76,1226.33,302.16,226.1,238.39,1424.46,1400.16,619.71,467.15,1392.3,1102.18,130.66,3582.44,1257.79,3714.63,,3084.21,10046.31,223.83
2024-02-02,3182.13,1221.84,6279.32,2885.56,1086.28,7424.95,1633.17,668.0,180.95,1139.08,1360.8,357.07,1188.57,3807.89,141.8,2131.97,1474.64,717.86,586.33,569.53,2380.93,1020.37,3094.72,1568.56,392.37,252.11,800.8,367.53,3344.96,1629.88,10386.42,793.21,1205.81,305.88,221.97,243.46,1422.65,1433.49,628.62,464.54,1374.73,1115.98,129.61,3634.06,1251.64,3612.27,,3125.15,9878.43,222.63
2024-02-05,3167.19,1257.96,6279.87,2885.56,1065.32,7545.88,1648.16,681.75,182.9,1138.44,1374.19,367.89,1193.12,3759.07,145.0,2114.25,1474.78,703.75,575.25,575.95,2368.44,1006.01,3219.61,1595.58,389.73,255.95,815.55,364.18,3318.23,1651.25,10390.34,776.76,1223.89,319.1,230.89,255.42,1450.02,1427.72,623.9,468.7,1392.1,1153.34,134.11,3735.3,1272.73,3590.36,,3170.08,9927.82,226.38
2024-02-06,3181.08,1254.49,6219.66,2866.98,1059.83,7424.95,1624.98,657.42,178.4,1109.49,1417.56,386.62,1202.21,3807.89,140.4,2066.51,1457.15,703.53,560.54,571.11,2330.9,1007.04,3184.67,1588.05,387.96,285.26,806.15,361.99,3289.23,1684.98,10290.33,791.71,1203.05,320.31,235.6,260.39,1431.26,1415.38,621.34,459.22,1414.74,1125.94,136.98,3748.43,1257.79,3529.84,,3020.31,9858.67,227.18
2024-02-07,3217.2,1268.36,6197.6,2892.41,1059.33,7492.67,1607.2,656.73,180.12,1123.1,1408.88,394.62,1218.21,3881.12,141.0,2063.53,1514.84,707.15,593.34,582.76,2345.27,1011.42,3163.65,1627.83,383.56,273.02,818.76,357.4,3386.55,1705.16,10643.19,827.61,1206.79,322.12,244.17,250.45,1425.38,1465.13,631.56,466.6,1446.93,1151.52,140.67,3894.73,1278.12,3555.63,,3075.22,9991.04,234.8
2024-02-08,3242.72,1252.56,6161.59,2934.23,1070.26,7477.19,1606.15,665.71,178.21,1128.62,1420.65,395.31,1228.49,3859.63,142.5,2107.21,1512.98,695.89,601.44,584.34,2347.1,1007.58,3134.7,1598.64,384.04,269.58,832.67,359.5,3355.09,1702.75,10732.37,836.59,1223.37,318.36,242.44,249.26,1439.35,1474.38,656.01,471.87,1464.55,1143.58,139.18,3835.65,1254.01,3582.26,,3729.56,10164.9,232.43
2024-02-09,3181.63,1241.21,6229.05,2866.0,1038.26,7525.37,1584.48,650.7,182.13,1130.15,1401.13,401.75,1213.08,3729.78,146.9,2041.95,1526.01,677.54,588.07,593.22,2323.31,972.9,3124.72,1586.12,367.12,263.99,816.29,345.22,3279.64,1660.4,10497.41,868.69,1193.52,317.4,244.17,256.44,1443.32,1460.55,678.42,456.87,1472.75,1125.84,138.13,3879.3,1245.5,3526.91,,3794.11,9952.32,230.08
2024-02-12,3226.14,1266.38,6423.29,2887.18,1049.69,7521.69,1576.99,659.54,177.95,1107.42,1412.8,397.23,1231.71,3778.5,151.0,2158.82,1525.08,681.19,580.42,584.24,2330.09,994.11,3117.73,1572.61,373.79,275.67,809.46,347.82,3273.5,1628.89,10486.38,877.47,1201.78,310.92,232.58,251.46,1450.02,1435.13,699.97,454.35,1510.97,1114.06,136.02,3873.16,1246.82,3576.5,,3761.96,9830.03,230.13
2024-02-13,3177.18,1238.58,6571.88,2900.19,1049.29,7574.9,1558.26,652.68,171.57,1095.68,1411.82,385.75,1254.57,3802.66,154.35,2157.73,1558.57,677.44,573.71,532.03,2297.31,989.78,3044.85,1584.52,364.25,270.03,804.47,341.83,3255.8,1644.65,10515.78,877.47,1208.74,303.68,229.07,248.8,1444.81,1428.72,683.15,441.12,1508.66,1107.11,131.95,3868.89,1250.18,3584.45,,3779.13,9876.26,235.8
2024-02-14,3181.18,1250.47,6675.56,2905.03,1059.58,7641.65,1558.26,649.1,174.03,1094.7,1427.32,392.58,1250.63,3742.47,152.95,2038.72,1535.08,669.68,578.83,508.34,2292.5,993.27,3044.75,1563.05,363.45,269.48,789.67,343.96,3234.23,1606.24,10491.28,893.97,1197.01,305.92,229.07,248.06,1446.79,1452.59,680.25,444.62,1516.8,1118.98,131.23,3851.59,1238.88,3523.83,,3796.25,9682.89,236.2
2024-02-15,3217.0,1263.41,6706.56,2914.91,1095.72,7856.03,1588.17,657.22,179.67,1106.83,1398.43,407.66,1232.85,3812.77,157.0,2070.18,1561.37,674.06,583.25,506.07,2276.5,1006.35,3123.42,1578.87,369.72,274.57,809.46,350.21,3252.85,1655.53,10819.59,878.41,1222.44,315.54,241.19,254.55,1472.45,1456.57,720.89,474.24,1500.37,1123.91,135.54,3871.28,1233.86,3572.57,,3925.0,9716.33,242.29
2024-02-16,3211.15,1258.25,6588.37,2968.71,1071.26,7919.16,1581.33,657.63,185.56,1108.5,1402.99,419.3,1239.15,3832.34,156.9,2075.84,1558.57,692.99,584.89,513.22,2278.04,1006.7,3059.63,1590.17,362.55,274.87,809.61,349.2,3248.87,1760.86,10898.0,861.61,1203.85,325.94,247.88,263.9,1465.63,1449.01,736.08,474.79,1486.58,1118.94,136.07,3857.45,1234.24,3625.19,,3963.84,9755.0,244.9
2024-02-19,3237.13,1301.46,6577.39,2942.2,1067.26,8126.33,1574.24,657.51,186.5,1105.59,1417.66,419.65,1248.08,3842.01,157.45,2091.77,1553.92,695.47,590.65,512.04,2296.83,1006.85,3056.83,1605.23,362.55,272.82,817.33,348.02,3342.85,1808.18,11153.2,872.48,1222.44,324.51,247.47,257.45,1451.31,1509.4,731.5,476.61,1486.43,1133.72,136.93,3866.64,1232.21,3648.99,,4041.72,9828.0,255.86
2024-02-20,3264.1,1299.08,6630.56,2932.61,1057.28,8227.91,1616.14,663.74,185.66,1129.21,1447.14,402.64,1268.79,3802.03,159.7,2152.87,1545.55,688.66,576.64,505.97,2278.18,1024.26,3074.8,1586.4,367.43,273.77,816.39,347.16,3283.18,1809.51,11211.61,840.37,1234.2,324.7,247.56,260.49,1464.19,1481.3,731.84,474.77,1503.26,1138.16,135.98,3828.24,1238.88,3676.87,,4051.66,9781.82,251.13
2024-02-21,3235.13,1292.94,6747.36,2946.26,1092.07,8029.59,1602.21,671.47,187.82,1139.08,1424.57,396.48,1261.88,3737.68,162.3,2183.63,1540.48,712.51,584.34,528.08,2310.86,1039.76,3129.71,1576.05,364.34,283.56,812.43,353.01,3299.94,1821.82,11227.29,863.46,1244.2,330.8,248.64,269.1,1463.17,1502.39,733.38,469.69,1511.16,1138.65,135.59,3763.43,1248.33,3629.22,,4038.83,9849.04,251.18
2024-02-22,3236.13,1284.22,6727.52,2917.84,1088.53,7990.89,1597.21,661.68,186.3,1121.92,1428.06,385.1,1259.51,3773.52,159.55,2217.38,1529.73,690.0,574.45,509.62,2326.43,1038.97,3104.75,1567.57,364.25,291.25,822.33,348.12,3253.84,1842.55,11270.41,860.92,1254.29,323.17,246.7,262.13,1457.36,1502.34,745.29,459.04,1520.53,1144.57,138.9,3724.05,1236.04,3653.02,,3915.92,9878.43,245.04
2024-02-23,3260.16,1300.12,6741.45,2933.49,1097.21,8220.65,1594.22,659.99,192.73,1111.46,1428.65,393.89,1258.06,3876.62,162.4,2217.38,1579.04,692.33,573.66,517.91,2295.91,1052.74,3136.7,1597.7,372.31,305.32,826.28,344.13,3306.68,1897.11,11471.27,853.54,1256.74,324.12,247.65,264.42,1478.56,1500.75,738.44,466.71,1528.78,1141.61,140.24,3873.16,1266.21,3649.04,,3943.88,9840.1,250.75
2024-02-26,3269.1,1308.0,6732.45,2856.22,1091.67,8183.21,1614.19,661.58,201.91,1102.69,1445.67,390.28,1273.35,3834.3,165.2,2187.7,1549.97,687.95,565.26,512.68,2298.37,1036.12,3192.6,1576.94,368.01,339.92,816.59,343.65,3342.31,1905.62,11275.31,847.6,1268.01,322.22,244.95,264.79,1482.58,1523.38,727.93,476.71,1532.7,1142.6,139.71,3785.0,1250.46,3666.93,,3868.99,9877.49,251.34
2024-02-27,3336.04,1324.69,6551.5,2792.64,1079.89,8184.37,1612.5,655.74,199.85,1097.66,1445.62,388.88,1267.61,3856.71,163.75,2173.91,1534.38,687.95,572.52,498.96,2310.81,1033.8,3184.62,1563.81,367.03,328.79,800.51,341.83,3416.04,1896.76,11187.11,837.58,1266.54,320.41,241.48,265.87,1472.13,1545.92,731.69,481.6,1527.55,1165.27,136.65,3750.31,1224.69,3607.3,,3858.81,9809.33,250.29
2024-02-28,3306.27,1322.37,6593.27,2787.89,1075.65,8194.05,1601.21,649.91,202.45,1117.77,1463.28,387.12,1273.03,3908.21,161.9,2185.62,1548.99,691.17,578.43,505.87,2317.59,1045.86,3184.62,1572.28,368.06,319.5,814.11,341.43,3445.53,1922.32,11241.99,854.53,1274.38,320.02,243.24,272.79,1472.1,1536.17,722.97,465.45,1556.74,1172.91,137.99,3840.9,1231.31,3632.15,,3933.84,9838.92,248.41
2024-02-29,3217.2,1288.18,6357.14,2724.17,1069.26,7736.84,1583.18,642.69,201.71,1103.42,1448.07,390.37,1260.9,3771.71,156.45,2169.74,1528.01,682.38,577.43,499.95,2330.95,1026.23,3129.11,1567.57,366.13,311.51,792.64,336.64,3425.87,1873.96,10932.3,849.45,1259.9,317.74,238.73,261.66,1454.24,1532.39,717.23,466.81,1545.46,1150.43,134.87,3844.09,1210.51,3572.72,,3925.35,9666.04,242.46
2024-03-01,3306.92,1322.86,6068.2,2771.02,1074.25,7695.83,1596.16,643.95,202.2,1112.45,1465.78,385.1,1274.13,3700.68,168.0,2192.57,1558.99,681.36,581.31,503.4,2323.21,1037.99,3150.08,1571.34,366.05,313.01,795.86,338.34,3442.23,1904.25,11069.5,784.34,1272.02,319.93,240.08,266.71,1452.75,1556.96,725.04,480.53,1550.36,1186.96,136.98,3851.78,1217.13,3607.3,,3917.92,9779.65,244.85
2024-03-04,3332.04,1333.02,6110.96,2797.53,1097.46,7805.87,1614.19,651.49,204.17,1116.39,1454.99,397.27,1232.83,3767.46,168.0,2228.3,1534.38,696.42,591.35,517.22,2322.49,1063.57,3168.65,1560.84,369.04,329.44,830.24,344.81,3607.73,1937.14,11368.41,766.79,1271.39,331.75,245.71,269.52,1479.52,1545.97,746.64,478.68,1521.47,1189.87,148.38,3849.71,1206.34,3738.08,,3903.54,10033.52,245.11
2024-03-05,3322.35,1331.83,6001.62,2772.1,1100.41,7894.2,1628.18,652.92,207.16,1117.43,1437.48,400.92,1251.58,3662.85,170.75,2213.51,1511.12,692.07,608.05,517.22,2311.73,1068.68,3165.8,1538.39,366.72,323.5,816.49,344.6,3569.59,1895.78,11364.54,739.91,1268.99,338.33,252.24,273.31,1494.71,1517.26,741.91,469.14,1524.65,1189.77,146.75,3809.39,1205.68,3724.57,,3923.41,9857.09,242.67
2024-03-06,3320.06,1330.49,5991.62,2766.18,1098.41,8097.02,1556.26,626.22,207.95,1157.77,1448.12,406.59,1245.34,3710.25,164.4,2221.25,1500.88,697.69,607.5,515.3,2310.76,1062.88,3191.51,1509.01,363.9,322.45,811.84,343.8,3556.61,1915.47,11437.6,732.39,1244.49,342.67,256.12,271.67,1482.48,1484.68,755.55,475.56,1545.46,1186.76,145.41,3745.66,1198.68,3724.62,,3870.44,9779.55,240.77
2024-03-07,3237.13,1317.71,6031.9,2763.29,1124.17,8356.57,1555.41,627.95,207.6,1193.17,1457.2,405.85,1245.78,3703.61,161.75,2222.34,1535.31,703.5,607.8,523.93,2311.68,1077.29,3077.8,1522.0,365.11,328.49,811.44,351.16,3598.64,1900.85,11340.04,756.42,1239.59,335.56,252.47,275.13,1491.93,1512.29,761.68,462.06,1580.54,1210.62,145.99,3812.2,1205.78,3788.22,,3883.97,9523.84,240.79
2024-03-11,3238.33,1318.9,6015.29,2832.3,1110.44,8729.47,1595.72,647.73,212.51,1169.65,1464.8,405.32,1258.32,3705.81,161.0,2213.41,1539.96,695.96,621.16,533.01,2315.57,1070.4,3027.93,1514.05,373.12,336.38,823.32,352.39,3637.22,1883.96,11285.26,778.75,1254.75,335.8,250.53,269.89,1478.06,1519.2,761.68,475.95,1584.85,1245.12,152.21,3834.71,1218.21,3779.12,,3975.83,9576.2,242.51
2024-03-12,3204.51,1322.86,6205.43,2817.09,1103.21,8355.56,1588.32,633.39,207.16,1183.46,1483.44,399.08,1262.1,3714.54,156.6,2219.37,1522.19,697.91,614.46,526.2,2287.7,1059.68,3215.52,1506.38,363.9,359.44,820.35,346.2,3577.3,1863.28,11172.41,768.78,1276.85,331.75,246.84,266.62,1455.82,1525.22,742.39,483.35,1562.33,1210.08,147.71,3865.98,1224.69,3738.48,,4019.56,9610.68,240.33
2024-03-13,3122.23,1295.12,6145.76,2815.72,1094.22,8249.87,1590.52,636.78,200.39,1195.29,1442.23,395.03,1245.16,3721.53,157.45,2177.68,1524.84,713.24,619.43,522.5,2282.89,1059.78,3236.53,1518.52,389.41,363.13,809.86,343.3,3573.22,1867.22,11280.21,767.78,1271.41,327.79,243.96,265.12,1468.9,1516.27,731.45,473.79,1551.54,1198.3,146.37,3943.49,1222.14,3735.5,,4016.71,9507.69,240.82
2024-03-14,2924.86,1199.0,5975.11,2797.53,1073.25,8059.09,1563.85,638.45,185.56,1157.77,1439.39,368.39,1241.13,3629.21,147.1,2133.91,1520.42,711.58,599.3,505.38,2215.46,1062.58,3104.75,1519.93,377.73,327.49,783.73,344.23,3467.2,1825.56,11174.12,740.31,1268.99,306.06,227.47,247.11,1429.12,1474.68,723.01,450.46,1537.85,1143.63,137.56,3895.15,1202.94,3607.26,,3893.95,9340.06,234.89
2024-03-15,3108.24,1262.22,5981.68,2831.76,1054.53,8111.62,1545.77,630.43,193.17,1173.59,1466.57,376.04,1241.74,3683.54,152.85,2168.85,1560.43,705.69,616.2,515.25,2239.68,1054.71,3171.24,1545.07,373.48,339.47,773.94,346.38,3536.95,1846.54,11152.81,729.89,1282.19,307.58,237.79,250.9,1415.47,1477.13,712.75,446.38,1539.32,1183.02,136.89,3931.87,1222.8,3611.98,,4044.77,9562.32,241.26
2024-03-18,3047.4,1238.63,5964.52,2803.4,1042.3,8071.18,1569.19,644.21,186.54,1208.11,1460.88,365.75,1243.13,3656.55,162.5,2164.78,1535.22,704.23,631.05,525.12,2230.79,1057.71,3194.6,1534.62,375.09,346.41,772.5,346.7,3477.13,1780.5,11208.33,724.71,1275.68,302.29,233.28,248.88,1409.57,1488.1,701.03,440.73,1519.21,1195.88,136.55,3953.11,1212.4,3596.37,,4057.6,9507.99,242.79
2024-03-19,3123.23,1259.49,6043.33,2777.97,1053.84,8223.07,1572.29,643.75,186.54,1199.43,1454.55,366.63,1251.6,3612.32,158.6,2182.64,1527.45,698.64,630.11,525.12,2194.7,1061.06,3254.5,1499.17,374.19,352.85,793.63,346.19,3480.92,1827.87,11311.67,727.9,1264.09,299.62,236.03,245.33,1418.25,1475.14,703.83,452.02,1544.48,1168.13,142.73,3799.31,1201.05,3556.62,,4073.67,9474.75,238.57
2024-03-20,3072.28,1236.65,6113.94,2753.61,1048.29,8358.51,1580.73,653.66,183.5,1211.32,1408.68,369.09,1210.1,3730.75,159.45,2159.32,1493.21,705.23,626.13,526.1,2162.74,1062.58,3228.59,1471.54,367.03,352.75,793.83,349.49,3443.32,1823.84,11418.54,732.74,1231.75,301.24,233.73,243.27,1417.46,1455.2,699.15,445.6,1530.69,1126.92,143.3,3738.11,1184.03,3561.0,,3965.29,9419.08,232.5
2024-03-21,3086.81,1248.54,6155.61,2782.86,1037.66,8327.74,1594.22,663.31,186.54,1220.93,1400.05,372.79,1210.11,3789.68,168.0,2171.72,1496.23,702.09,625.14,531.43,2147.36,1074.39,3252.95,1472.48,375.09,343.96,795.61,353.62,3465.34,1831.71,11759.45,770.78,1249.88,302.44,238.46,250.62,1441.85,1468.06,715.4,451.96,1535.45,1117.95,141.77,3741.91,1205.78,3584.4,,3958.85,9409.21,234.19
2024-03-22,3063.83,1250.97,6134.97,2759.53,1038.41,8416.6,1591.22,663.06,193.61,1210.03,1425.56,378.85,1210.9,3851.82,170.45,2183.63,1451.57,701.31,620.07,532.72,2152.21,1063.71,3294.43,1432.0,377.1,337.47,799.57,353.19,3486.03,1837.52,11652.67,747.79,1244.59,309.35,236.88,256.18,1439.32,1469.16,717.18,455.13,1539.47,1117.9,142.73,3654.65,1190.17,3604.87,,4003.78,9493.17,229.31
2024-03-26,3097.75,1269.95,6362.56,2758.4,1027.33,8653.81,1587.22,667.95,194.11,1208.11,1445.18,381.4,1222.96,3906.94,173.4,2198.52,1453.66,694.6,634.93,538.59,2145.53,1063.57,3318.39,1404.7,380.95,344.46,811.99,352.21,3543.83,1849.69,12040.28,742.86,1258.21,305.15,235.71,252.77,1434.38,1453.71,716.41,443.85,1565.13,1089.71,144.79,3634.02,1193.72,3642.09,,3878.98,9514.02,227.79
2024-03-27,3112.24,1303.04,6319.8,2756.4,1044.1,8667.12,1588.22,686.87,197.06,1193.86,1455.97,386.68,1215.25,3841.86,183.6,2223.34,1459.94,692.82,623.65,556.9,2162.74,1066.22,3509.02,1408.46,382.25,347.71,816.39,350.81,3620.51,1841.51,12044.64,771.67,1267.08,316.5,238.73,253.61,1437.36,1485.1,716.36,468.95,1571.95,1099.56,146.03,3646.68,1189.7,3675.87,,3876.48,9512.93,224.84
2024-03-28,3131.22,1321.87,6196.93,2773.12,1051.14,8863.99,1586.23,695.41,197.56,1210.03,1444.2,378.06,1200.83,3822.83,179.8,2193.56,1441.33,701.17,622.51,553.74,2157.93,1067.5,3540.02,1400.13,383.14,354.3,818.37,354.79,3643.66,1852.59,12319.0,822.58,1257.74,316.4,236.43,254.55,1481.91,1475.14,711.3,461.95,1579.75,1088.28,146.27,3610.67,1191.59,3736.49,,3869.19,9562.32,223.43
2024-04-01,3227.34,1344.46,6365.54,2798.46,1050.64,8895.23,1657.2,718.07,201.99,1211.07,1481.48,383.95,1227.9,3964.89,183.9,2282.89,1441.33,709.59,634.08,562.63,2181.96,1078.37,3563.93,1435.76,384.13,356.44,829.25,358.19,3716.7,1908.58,12361.53,831.0,1284.84,323.17,241.48,262.73,1481.51,1493.08,731.84,461.36,1600.99,1084.43,150.2,3655.3,1184.12,3799.05,,3968.79,9630.63,226.71
2024-04-02,3256.06,1385.09,6433.66,2811.27,1049.29,8851.89,1649.06,717.05,210.61,1208.11,1474.51,388.66,1238.55,3895.76,185.0,2279.91,1450.64,713.07,627.23,563.61,2208.88,1076.8,3608.9,1397.96,383.77,358.44,862.01,357.97,3784.48,1886.86,12372.9,830.55,1272.42,326.98,243.33,261.33,1473.1,1490.09,731.02,472.84,1598.69,1076.35,156.09,3648.08,1176.46,3730.53,,3893.95,9769.87,225.89
2024-04-03,3247.12,1387.12,6364.1,2782.86,1042.1,8947.62,1652.15,711.71,218.44,1178.53,1465.14,389.67,1232.35,3830.34,181.95,2286.46,1419.33,716.45,625.98,562.82,2193.35,1057.66,3516.06,1392.46,381.35,355.94,868.69,349.91,3735.23,1937.14,12201.44,819.19,1285.3,328.27,247.79,262.17,1471.19,1465.17,737.48,481.98,1578.82,1113.02,157.72,3611.51,1172.68,3721.69,,3878.98,10076.0,224.98
2024-04-04,3247.12,1395.79,6389.41,2807.31,1068.26,8841.25,1648.16,726.35,220.22,1214.97,1451.06,395.65,1216.04,3863.54,180.5,2292.32,1433.7,731.98,621.16,582.37,2181.96,1067.26,3519.05,1403.33,380.95,358.84,867.15,348.62,3740.34,1968.65,12240.65,820.43,1259.09,338.42,251.03,264.65,1468.88,1462.68,747.21,501.04,1590.5,1116.77,158.58,3728.64,1191.59,3716.62,,3943.88,9955.48,227.69
2024-04-05,3208.25,1354.57,6404.92,2860.13,1059.38,8832.54,1656.65,715.45,217.11,1189.27,1411.82,394.55,1213.57,3918.22,188.25,2258.13,1435.24,749.01,617.19,565.09,2177.11,1052.74,3509.07,1393.44,378.22,360.44,851.02,349.02,3706.13,1965.06,12242.61,816.74,1261.64,339.76,241.3,261.99,1450.14,1464.17,730.78,488.51,1580.78,1100.2,157.0,3730.61,1205.78,3754.78,,4002.78,9879.42,228.02
2024-04-08,3238.08,1369.38,6362.31,2844.48,1065.27,8754.18,1688.11,713.49,222.24,1171.62,1429.63,394.77,1228.38,3929.89,191.6,2230.28,1445.98,756.77,626.13,564.6,2188.69,1060.96,3542.01,1396.22,383.41,375.41,854.98,357.95,3681.46,1987.36,12201.44,805.67,1240.08,339.0,241.03,262.55,1452.23,1483.81,738.59,494.82,1580.78,1104.15,159.92,3735.3,1201.05,3774.9,,3926.5,9733.17,229.66
2024-04-09,3237.83,1343.82,6312.63,2829.81,1088.23,8793.85,1693.06,713.99,221.5,1198.2,1440.03,394.5,1225.37,4147.47,192.55,2279.86,1432.96,756.72,635.08,570.62,2182.92,1074.34,3607.9,1402.81,385.34,370.42,872.6,357.27,3755.18,2063.2,12608.26,822.43,1227.83,347.96,243.24,264.7,1478.06,1520.09,740.9,503.97,1570.97,1124.85,159.01,3736.24,1196.41,3731.52,,3952.81,9779.65,226.83
2024-04-10,3197.16,1346.64,6469.01,2820.32,1084.44,8740.45,1715.08,715.56,225.64,1196.52,1425.7,389.1,1224.91,4149.62,195.0,2292.77,1433.93,754.31,632.1,588.49,2188.59,1093.03,3673.49,1412.56,383.41,369.07,872.15,356.98,3735.52,2066.59,12674.8,831.55,1231.75,347.1,243.19,262.03,1455.58,1510.02,739.02,498.13,1572.98,1114.01,160.26,3710.35,1192.02,3666.93,,3922.91,9690.74,223.8
2024-04-12,3207.16,1337.72,6414.27,2826.87,1077.75,8657.49,1698.1,714.38,227.9,1209.2,1396.12,400.04,1218.79,4208.2,195.85,2279.91,1430.17,740.25,617.19,601.17,2173.21,1085.7,3823.54,1415.99,389.41,369.57,874.67,361.39,3686.32,2052.36,12407.25,858.52,1241.89,345.57,244.95,263.44,1465.03,1496.07,749.38,490.34,1565.08,1128.15,159.01,3724.05,1196.27,3666.48,,4040.72,9670.93,222.63
2024-04-15,3147.21,1308.0,6290.06,2768.38,1061.37,8763.95,1670.13,706.58,226.62,1193.91,1363.7,394.72,1199.88,4149.62,188.0,2222.34,1402.34,728.84,606.31,607.04,2141.3,1082.46,3664.11,1393.4,383.14,361.44,853.89,357.19,3564.52,2024.05,11955.95,852.54,1229.79,338.9,242.43,252.91,1450.27,1484.96,732.56,485.1,1489.13,1109.08,154.99,3752.56,1167.95,3584.45,,3943.92,9500.98,218.63
2024-04-16,3098.25,1290.16,6265.05,2765.89,1048.24,8656.47,1638.17,693.22,229.09,1207.03,1358.84,394.77,1186.57,4117.79,187.0,2212.42,1383.04,723.7,605.31,604.77,2098.34,1053.29,3583.64,1366.09,378.89,364.33,850.53,354.8,3519.31,2015.97,12062.28,826.81,1249.46,344.14,249.54,255.48,1442.67,1455.4,724.32,467.0,1506.21,1101.19,154.08,3659.34,1139.58,3566.56,,3961.85,9334.03,212.34
2024-04-18,3122.38,1303.98,6271.17,2792.64,1042.45,8675.73,1623.18,685.12,232.14,1203.18,1350.01,400.0,1205.16,4253.12,188.5,2228.35,1374.38,734.8,614.21,608.42,2129.14,1056.68,3640.85,1337.94,381.35,368.58,837.27,357.21,3501.51,2000.46,12319.05,821.28,1244.54,342.76,257.65,269.43,1452.75,1460.19,725.09,470.87,1516.56,1126.82,154.13,3635.7,1134.42,3623.11,,3981.82,9354.87,212.09
2024-04-19,2997.34,1268.36,6105.99,2729.06,1013.35,8779.38,1585.23,676.41,225.19,1262.35,1321.56,383.34,1185.42,4242.38,182.3,2203.49,1341.77,723.48,596.32,601.12,2133.9,1035.97,3499.14,1303.96,374.19,377.41,834.05,352.01,3465.19,2003.12,12152.34,776.76,1190.59,327.08,249.32,260.25,1446.07,1445.24,708.17,457.24,1476.77,1088.87,153.27,3599.32,1099.91,3503.06,,4081.61,9211.64,206.23
2024-04-22,3050.29,1309.09,6120.41,2784.42,1037.31,8594.56,1625.18,708.78,232.53,1286.02,1324.75,387.65,1180.48,4290.22,193.0,2258.08,1351.26,757.96,598.16,612.62,2162.74,1061.4,3613.94,1336.81,382.25,377.41,858.05,361.79,3508.2,2092.3,12527.94,767.78,1193.78,338.42,249.81,265.78,1461.63,1451.72,727.11,465.06,1499.78,1124.8,156.91,3598.38,1131.16,3544.7,,4208.76,9389.45,212.2
2024-04-23,3056.29,1309.09,6206.92,2789.7,1056.28,8556.83,1626.78,722.79,230.81,1291.94,1343.88,391.91,1195.3,4366.43,194.4,2261.5,1372.38,742.83,602.33,610.5,2165.62,1082.26,3715.77,1358.56,380.73,386.4,849.54,361.19,3571.11,2064.18,12588.56,764.59,1199.9,329.84,249.41,265.45,1468.13,1473.14,742.73,475.16,1532.7,1156.4,156.62,3635.94,1151.87,3597.32,,4208.46,9424.02,218.79
2024-04-24,3069.23,1318.9,6195.39,2819.98,1054.28,8532.55,1623.18,720.22,231.8,1333.36,1327.89,388.22,1177.52,4437.65,189.0,2360.31,1386.43,737.33,596.37,603.88,2178.17,1074.64,3713.62,1359.79,384.26,390.09,842.46,361.59,3555.19,2023.8,12740.46,769.78,1232.26,333.47,250.08,266.71,1452.75,1465.02,750.59,472.26,1456.8,1090.35,155.61,3648.08,1142.37,3619.23,,4151.85,9461.56,217.43
2024-04-25,3047.3,1308.49,6245.21,2802.42,1098.21,8413.65,1628.18,724.87,232.93,1312.65,1380.42,389.49,1180.49,4460.11,184.0,2331.53,1377.08,733.07,591.8,627.47,2151.25,1072.42,3733.64,1336.91,385.83,381.26,873.49,332.25,3554.74,2028.73,12705.18,807.67,1234.67,334.61,251.66,273.26,1431.9,1459.19,743.02,478.48,1462.05,1100.2,158.44,3574.18,1120.66,3572.52,,4243.41,9503.2,215.09
2024-04-26,3117.14,1327.82,6344.66,2807.31,1128.16,8462.31,1647.21,692.23,235.0,1319.55,1386.41,399.16,1229.85,4482.57,189.0,2349.34,1411.42,739.67,593.34,642.53,2157.93,1094.21,3851.49,1355.46,393.21,383.7,900.5,327.75,3590.03,2067.68,12664.02,801.14,1261.61,343.86,254.95,275.37,1453.19,1450.22,786.65,488.89,1502.28,1096.06,160.93,3615.4,1182.13,3565.57,,4333.27,9608.75,216.49
2024-04-29,3107.24,1322.17,6165.65,2782.03,1128.46,8681.92,1601.21,671.46,236.62,1306.24,1392.2,403.3,1238.76,4480.61,189.4,2337.48,1316.65,737.33,586.38,646.48,2147.36,1090.13,3994.25,1346.28,395.68,383.0,889.02,321.3,3544.91,2014.45,12544.51,760.85,1225.87,342.9,255.8,273.54,1439.35,1432.28,778.07,500.07,1487.56,1093.2,161.12,3599.32,1219.96,3562.59,,4352.24,9646.29,219.19
2024-04-30,3091.26,1311.51,5966.76,2792.64,1158.27,8512.72,1594.22,675.42,232.83,1304.91,1388.32,401.27,1244.67,4469.87,195.0,2387.11,1280.73,744.24,573.01,645.14,2145.48,1141.24,3948.33,1350.75,393.84,379.91,893.03,327.34,3577.25,2041.58,12530.74,834.59,1233.56,347.91,256.3,274.85,1457.21,1427.3,796.87,485.1,1498.36,1084.33,161.31,3631.2,1218.36,3580.13,,4443.1,10036.78,217.01
2024-05-02,3069.23,1321.82,5914.15,2812.3,1154.12,8652.6,1613.2,686.09,231.25,1297.12,1373.56,402.28,1223.99,4489.4,193.6,2392.07,1263.61,740.74,580.71,627.67,2119.53,1124.57,4012.22,1330.32,390.3,376.41,873.78,317.29,3529.14,2132.23,12495.46,830.1,1228.52,346.24,253.15,282.57,1461.19,1411.7,797.25,495.52,1474.81,1098.23,158.06,3543.1,1194.62,3562.59,,4403.06,9850.62,216.73
2024-05-03,3027.32,1340.7,5966.76,2917.89,1149.03,8871.24,1648.36,724.77,233.62,1287.99,1401.03,402.59,1244.67,4513.81,196.8,2423.83,1274.77,746.21,578.23,646.57,2145.44,1122.89,4160.02,1338.89,393.93,379.96,886.5,315.89,3548.75,2176.45,12562.05,816.29,1232.29,354.92,255.85,291.98,1460.19,1464.17,804.87,505.92,1498.36,1079.5,161.84,3648.22,1201.05,3572.52,,4672.94,9860.65,215.79
2024-05-06,2990.6,1310.47,6016.48,2885.56,1142.04,8822.87,1636.07,693.02,231.65,1257.42,1403.97,421.14,1260.43,4504.05,199.0,2470.48,1263.61,740.74,566.4,641.59,2138.71,1123.14,4044.12,1336.91,392.1,377.51,870.52,320.28,3463.03,2167.05,12299.45,817.64,1212.35,350.63,260.08,290.29,1424.95,1445.24,805.06,505.92,1489.53,1089.36,160.88,3613.39,1189.7,3454.27,,4547.94,9754.95,215.04
2024-05-07,2887.39,1279.36,6046.32,2882.63,1144.19,8760.13,1619.19,681.35,229.09,1268.62,1396.51,407.08,1250.6,4496.24,196.15,2441.7,1271.09,740.71,556.07,638.53,2178.12,1129.44,3991.55,1341.57,391.11,369.67,871.46,325.01,3420.36,2202.06,12223.4,823.62,1209.7,341.52,255.76,287.3,1405.57,1436.17,782.89,495.71,1507.14,1079.55,160.88,3686.35,1199.16,3309.18,,4524.97,9679.87,216.45
2024-05-08,2847.47,1281.59,5859.36,2836.66,1122.82,8369.15,1599.21,679.52,223.86,1258.56,1349.08,401.54,1205.17,4476.71,190.65,2386.12,1255.06,728.06,548.71,607.14,2274.62,1108.38,3957.31,1351.27,395.0,354.45,841.52,327.26,3370.82,2158.43,12144.6,803.23,1226.09,329.08,246.39,273.26,1387.23,1435.27,773.82,483.25,1481.68,1086.8,157.29,3714.67,1223.75,3254.92,,4491.97,9557.33,217.95
2024-05-09,2862.26,1267.37,5827.44,2766.23,1120.18,8513.3,1604.9,672.44,231.06,1265.31,1361.64,409.14,1200.14,4471.83,195.0,2357.78,1240.02,717.84,547.67,625.8,2249.82,1102.48,4088.04,1344.02,393.93,356.44,855.67,328.86,3256.54,2152.37,12289.65,805.67,1244.0,339.85,249.77,283.32,1402.62,1427.2,782.79,476.34,1492.67,1098.23,158.97,3715.61,1212.4,3239.47,,4505.8,9408.22,216.42
2024-05-10,2792.47,1238.63,5787.71,2640.05,1121.87,8658.41,1558.26,656.52,224.55,1257.47,1345.45,393.18,1160.72,4481.59,196.35,2342.39,1244.83,709.9,539.47,612.08,2230.98,1099.97,4038.18,1351.08,381.8,345.86,827.22,327.86,3225.92,2178.27,12255.35,789.72,1231.48,331.42,240.53,277.24,1386.49,1420.32,797.35,461.94,1466.61,1072.55,156.33,3716.17,1197.27,3237.73,,4426.13,9347.76,213.75
2024-05-13,2800.52,1255.48,5787.76,2710.72,1118.28,8728.93,1572.24,660.98,225.05,1283.21,1345.1,396.75,1169.81,4568.49,205.8,2360.21,1241.15,706.45,550.4,617.01,2281.93,1094.46,3999.34,1341.62,387.84,347.31,839.0,324.67,3211.62,2174.48,12407.25,802.68,1240.94,338.9,244.95,284.68,1389.61,1430.29,790.46,456.3,1484.62,1070.73,155.61,3642.93,1195.75,3286.82,,4468.76,9400.27,211.78
2024-05-14,2892.38,1294.52,5822.57,2816.11,1128.11,8660.59,1573.59,663.55,222.43,1272.76,1383.37,392.75,1173.35,4557.16,191.7,2365.72,1246.62,716.44,562.53,636.01,2269.05,1107.74,4110.9,1342.93,385.38,343.46,855.13,327.66,3244.01,2141.98,12420.83,805.67,1227.88,334.18,241.39,288.24,1390.68,1422.51,783.85,456.3,1496.39,1080.49,157.19,3691.22,1195.33,3229.68,,4464.07,9419.13,212.18
2024-05-15,3044.05,1325.68,5837.43,2803.55,1123.72,8773.53,1578.23,661.77,228.4,1263.88,1368.65,395.65,1162.7,4618.82,188.8,2369.19,1244.03,720.12,558.1,644.55,2258.43,1104.0,4156.63,1342.56,385.61,353.5,872.79,329.2,3332.48,2246.67,12564.06,812.65,1219.01,340.81,247.29,290.11,1410.06,1435.27,791.56,454.94,1516.26,1070.63,158.01,3661.68,1205.78,3283.34,,4542.94,9573.19,213.89
2024-05-16,3062.28,1339.9,5857.37,2759.43,1132.31,8658.41,1573.29,662.6,231.3,1309.69,1382.39,412.04,1171.19,4540.17,192.9,2364.28,1268.31,713.38,553.58,651.46,2246.36,1114.73,4282.76,1350.04,384.93,355.85,863.69,330.26,3370.77,2284.24,12591.5,818.64,1210.19,346.86,248.64,294.32,1408.13,1426.85,795.71,454.74,1500.32,1055.84,160.21,3675.64,1217.13,3255.82,,4523.08,9513.52,216.54
2024-05-17,3038.36,1317.91,5892.18,2753.12,1130.16,8601.33,1593.22,667.21,237.46,1334.94,1390.33,412.4,1155.86,4549.94,195.15,2356.34,1273.97,713.46,563.57,644.55,2260.69,1112.81,4295.29,1371.74,387.08,356.44,878.73,334.05,3416.97,2388.53,12265.29,842.87,1209.38,345.53,251.16,294.69,1412.59,1445.24,785.3,456.1,1507.19,1077.53,159.59,3701.99,1238.03,3327.02,,4592.87,9621.59,217.66
2024-05-21,3065.18,1331.78,5966.76,2753.51,1134.15,8489.11,1585.73,663.06,278.84,1337.31,1383.37,412.97,1148.07,4540.17,194.4,2412.02,1239.08,715.38,565.91,657.68,2217.53,1104.1,4335.12,1346.32,390.3,360.44,882.69,337.64,3399.33,2465.0,12348.6,802.68,1208.23,349.86,253.24,291.04,1415.13,1434.12,791.56,461.16,1501.3,1073.59,161.41,3618.49,1236.04,3334.02,,4682.73,9706.55,217.01
2024-05-22,3127.18,1381.67,5925.59,2789.51,1140.15,8561.67,1580.78,670.22,272.93,1323.65,1423.54,434.77,1155.78,4562.63,190.0,2437.68,1272.04,719.2,562.13,689.51,2221.37,1106.86,4330.13,1345.15,391.51,358.44,915.35,339.8,3391.51,2483.42,12179.69,835.59,1211.17,357.49,255.85,306.72,1425.72,1429.54,810.28,461.8,1517.98,1084.43,168.07,3622.64,1257.79,3363.59,,4676.25,9750.01,216.96
2024-05-23,3153.9,1371.42,5845.88,2821.98,1124.17,8561.67,1585.33,668.45,282.1,1332.13,1454.01,442.6,1166.14,4585.72,186.5,2423.83,1269.87,719.6,560.54,666.41,2275.1,1097.56,4380.6,1369.58,395.14,357.09,902.48,339.24,3402.18,2481.74,12315.18,839.03,1215.58,357.54,252.2,298.95,1447.83,1429.29,808.47,456.49,1481.68,1111.49,165.77,3628.26,1263.47,3361.85,,4648.97,9784.73,216.77
2024-05-24,3402.98,1421.95,5905.4,2846.63,1163.61,8687.43,1607.2,674.43,283.77,1356.54,1461.02,436.05,1164.95,4708.6,188.0,2431.53,1282.46,733.83,561.53,670.46,2286.25,1111.78,4512.37,1382.34,394.78,367.93,905.45,341.43,3525.15,2550.48,12608.16,800.74,1213.6,355.58,255.85,297.59,1472.72,1437.76,813.66,466.97,1475.79,1102.83,167.59,3663.5,1264.88,3430.52,,4703.92,10041.42,218.88
2024-05-27,3355.02,1431.86,5917.04,2824.82,1176.98,8708.71,1603.21,678.29,297.32,1376.75,1462.84,442.2,1158.89,4746.24,183.9,2422.89,1273.97,751.52,561.73,676.19,2277.17,1113.65,4252.81,1385.72,392.81,367.43,901.0,339.93,3583.05,2541.97,12763.45,787.68,1213.62,362.21,255.85,300.87,1469.35,1430.29,816.21,468.95,1458.81,1090.91,170.22,3641.54,1251.17,3402.54,,4754.88,10153.0,216.54
2024-05-28,3306.72,1424.92,5911.22,2813.03,1186.07,8705.52,1601.16,683.72,291.36,1365.71,1454.94,436.09,1160.16,4680.09,184.35,2381.05,1280.43,754.85,563.52,673.18,2297.31,1114.24,4244.88,1389.16,386.81,360.44,896.4,341.69,3590.03,2511.29,12632.66,802.33,1205.86,355.2,251.61,298.53,1457.21,1410.35,819.25,465.06,1441.4,1080.99,168.5,3644.37,1256.85,3382.72,,4693.78,10139.22,212.79
2024-05-29,3247.12,1393.22,5877.16,2832.74,1170.1,8658.41,1592.37,680.17,281.21,1336.81,1447.38,423.87,1182.45,4633.91,180.55,2421.85,1288.12,748.88,574.9,686.01,2288.85,1097.07,4177.94,1379.65,380.91,354.45,890.21,338.84,3549.73,2472.14,12562.1,789.67,1199.27,344.62,246.66,289.27,1435.87,1443.24,812.09,462.15,1440.56,1077.02,167.39,3635.77,1242.66,3384.06,,4645.98,10054.22,212.79
2024-05-30,3251.12,1397.18,5867.32,2812.45,1153.32,8772.56,1565.0,670.47,288.7,1359.79,1466.81,427.3,1180.48,4598.51,183.0,2386.12,1269.26,739.6,549.36,695.73,2276.16,1079.31,4033.23,1358.37,383.59,348.21,890.61,336.11,3564.52,2479.77,12467.03,781.34,1207.77,347.0,245.94,294.41,1424.95,1414.14,805.23,460.39,1448.31,1063.12,164.76,3567.86,1210.55,3343.96,,4665.06,9899.17,210.45
2024-05-31,3222.39,1378.35,5823.51,2820.71,1171.09,8697.11,1528.29,659.1,289.88,1360.97,1439.24,425.89,1165.65,4630.19,178.8,2325.52,1255.91,749.37,548.51,689.86,2261.74,1099.97,4182.88,1353.86,382.02,354.5,882.69,339.84,3574.7,2479.53,12346.49,778.45,1188.44,346.48,241.84,288.75,1420.78,1389.22,814.35,451.22,1437.52,1061.83,159.06,3532.9,1178.3,3277.38,,4660.96,9811.26,205.08
2024-06-03,3721.7,1534.91,5953.14,2885.56,1195.11,8880.92,1578.23,687.17,318.26,1395.79,1454.01,452.8,1173.15,4686.63,184.5,2382.15,1273.55,788.84,565.46,705.75,2288.66,1151.13,4316.71,1382.86,388.51,367.43,902.48,343.52,3789.98,2535.96,12568.96,757.81,1163.55,367.02,250.4,313.5,1472.1,1430.58,846.55,476.73,1468.43,1068.48,165.96,3526.1,1186.86,3289.31,,4741.69,10174.78,211.01
2024-06-04,3516.88,1543.83,5718.49,2817.09,1222.01,8926.38,1554.26,683.92,307.42,1371.92,1432.42,450.47,1147.29,4569.37,176.5,2318.67,1249.45,768.12,551.59,687.98,2281.93,1139.23,4332.68,1353.09,388.38,357.44,904.46,339.89,3786.64,2594.26,12345.12,767.29,1158.23,373.6,256.75,313.46,1487.04,1393.56,879.34,494.24,1434.18,1061.28,167.16,3495.12,1177.74,3240.81,,4680.94,10347.66,208.99
2024-06-05,3027.31,1269.35,5882.23,2801.93,1136.15,8939.93,1488.34,653.07,260.62,1307.37,1461.86,397.41,1133.63,4431.89,175.0,2241.6,1244.74,737.06,536.69,618.89,2435.29,1067.5,4113.05,1344.59,384.74,338.47,848.06,331.76,3383.11,2533.84,11936.84,784.49,1190.59,324.12,222.52,277.29,1411.55,1336.59,775.18,436.24,1422.51,1100.84,155.33,3510.23,1191.59,3245.58,,4679.95,9868.5,206.09
2024-06-06,3181.18,1371.42,5936.93,2895.35,1190.16,9282.68,1519.8,677.4,263.08,1340.26,1471.67,413.23,1152.82,4470.85,185.0,2288.9,1276.8,772.01,551.59,686.01,2499.16,1099.97,4342.71,1387.62,397.5,349.46,874.77,343.43,3379.67,2703.33,12261.77,820.03,1233.71,331.56,228.82,283.93,1424.46,1385.53,784.25,472.84,1465.98,1139.55,162.84,3571.63,1215.23,3308.19,,4905.8,9873.49,213.24
2024-06-07,3167.59,1345.35,5954.58,2841.35,1176.09,9329.41,1537.23,691.74,269.98,1351.7,1455.97,415.87,1163.87,4588.99,182.5,2294.01,1326.78,770.12,551.64,668.73,2456.2,1092.49,4347.65,1422.24,393.31,349.16,878.83,345.23,3406.26,2627.84,12331.15,813.65,1213.35,335.56,228.37,278.92,1418.0,1430.39,803.76,482.44,1452.14,1140.55,164.76,3624.82,1257.79,3273.8,,4874.23,9843.86,220.29
2024-06-10,3264.11,1391.23,6006.54,2864.04,1183.08,9460.4,1584.28,716.95,284.66,1401.46,1478.44,426.42,1197.53,4656.95,184.0,2363.39,1357.9,776.5,559.79,668.29,2478.98,1098.0,4390.58,1464.78,401.15,354.7,897.53,349.23,3461.31,2817.57,12510.3,824.32,1229.79,347.96,237.83,292.92,1459.15,1432.13,817.73,488.41,1490.51,1130.62,172.63,3679.32,1302.81,3421.47,,5020.65,10367.41,228.91
2024-06-11,3221.14,1378.35,6048.06,2878.92,1202.49,9422.67,1571.24,700.44,282.79,1406.34,1515.82,423.78,1202.21,4696.39,182.6,2431.68,1343.75,767.62,567.99,671.2,2466.48,1101.69,4392.58,1440.53,398.41,351.2,906.39,348.54,3509.43,2778.17,12489.09,808.67,1254.29,351.53,240.4,295.91,1458.21,1427.74,819.54,489.37,1495.41,1124.71,172.9,3632.09,1275.67,3396.83,,5004.66,10771.39,224.6
2024-06-12,3222.04,1398.91,6083.41,2872.99,1190.16,9532.96,1566.25,706.87,283.67,1405.35,1513.32,422.9,1197.27,4652.46,184.39,2411.92,1388.07,777.0,568.19,665.28,2468.4,1102.92,4382.64,1447.21,392.53,351.4,900.55,343.25,3553.66,2792.5,12606.84,808.67,1246.45,352.29,250.44,299.37,1446.79,1423.41,820.52,493.22,1471.86,1133.6,174.58,3659.86,1290.7,3390.02,,4940.72,10739.34,224.04
2024-06-13,3227.14,1390.84,6173.56,2892.74,1199.85,9581.33,1585.18,717.17,289.58,1429.02,1520.72,434.24,1209.11,4771.53,183.8,2422.89,1365.2,780.33,561.53,669.23,2391.46,1104.1,4340.66,1435.68,398.32,364.43,907.97,345.5,3603.31,2806.73,12681.66,907.88,1271.02,358.82,250.44,306.02,1461.19,1454.85,828.37,504.36,1486.19,1121.69,175.68,3643.24,1305.08,3403.54,,5183.51,11113.23,224.98
2024-06-14,3223.4,1402.18,6175.6,2873.98,1179.03,9583.13,1588.32,721.51,300.52,1414.23,1515.82,428.97,1204.38,4703.72,185.7,2439.76,1361.81,781.44,595.47,681.07,2400.25,1096.03,4326.69,1444.04,392.94,361.44,904.46,343.83,3654.91,2831.35,12575.33,893.62,1256.54,352.72,249.54,305.08,1459.2,1440.15,828.37,527.71,1485.45,1106.4,175.25,3673.65,1319.26,3468.18,,5045.68,11034.21,227.32
2024-06-18,3308.36,1439.99,6190.52,2885.43,1192.06,9676.75,1597.21,728.33,308.4,1424.09,1540.35,432.57,1194.9,4823.32,187.5,2452.62,1349.46,787.8,593.19,674.76,2406.94,1095.99,4292.75,1437.6,394.76,358.19,911.54,342.95,3645.08,2919.99,12621.29,925.33,1248.9,354.44,251.3,301.34,1476.42,1475.14,824.98,534.9,1494.04,1104.27,176.06,3614.19,1305.5,3532.58,,5294.41,11113.23,225.44
2024-06-19,3312.36,1439.0,6230.29,2881.88,1191.06,9693.82,1598.21,725.33,315.2,1414.18,1547.61,430.29,1183.83,4823.32,190.0,2439.72,1357.94,795.94,598.41,671.25,2421.6,1109.76,4300.73,1445.28,392.03,363.38,919.3,345.02,3627.39,2929.84,12358.25,900.4,1249.39,352.53,248.55,312.57,1476.57,1473.49,830.13,550.63,1496.35,1121.39,174.77,3615.7,1302.24,3572.52,,5370.3,11014.45,230.72
2024-06-20,3262.28,1452.23,6131.54,2849.29,1228.1,9452.44,1590.72,713.99,305.25,1386.57,1528.57,422.95,1170.6,4769.96,199.99,2428.9,1366.34,823.77,592.54,656.4,2384.72,1135.44,4217.87,1456.14,386.6,358.34,905.4,352.21,3551.82,2900.34,12001.52,893.87,1237.14,345.57,244.86,306.48,1448.28,1471.15,836.21,545.72,1460.04,1099.9,173.96,3585.8,1310.75,3452.28,,5370.25,10875.07,233.18
2024-06-21,3263.43,1472.78,6118.12,2888.79,1243.98,9435.86,1585.23,719.49,308.11,1365.86,1520.62,424.79,1179.69,4761.71,197.9,2480.41,1378.64,825.27,586.38,671.2,2402.19,1144.79,4228.0,1483.7,387.47,365.43,919.3,353.21,3570.75,2840.96,11976.04,945.27,1240.86,343.14,244.54,305.74,1462.8,1450.72,828.27,546.78,1452.34,1095.18,175.31,3615.09,1331.56,3409.25,,5332.53,10750.2,233.39
2024-06-24,3184.17,1467.71,6135.82,2847.31,1229.0,9343.21,1569.29,703.26,300.32,1382.67,1499.14,422.02,1185.02,4723.73,193.9,2445.57,1355.87,812.52,578.4,670.81,2363.37,1136.03,4294.99,1464.06,382.91,355.45,926.23,350.64,3487.82,2793.44,11937.81,921.64,1224.11,340.9,242.92,302.37,1434.9,1459.34,815.13,548.59,1447.38,1072.2,173.4,3597.85,1314.53,3359.22,,5261.79,10587.21,229.71
2024-06-25,3203.16,1459.05,6223.33,2840.4,1232.44,9513.88,1586.88,705.75,306.33,1414.23,1483.05,418.42,1203.2,4755.85,201.75,2501.25,1358.79,824.41,577.4,679.89,2367.59,1151.38,4328.68,1465.45,385.65,356.39,927.12,354.51,3523.64,2876.85,11957.81,895.27,1242.04,347.24,243.33,313.5,1432.4,1452.61,820.52,561.03,1469.95,1100.0,173.93,3605.64,1322.86,3391.21,,5435.79,10670.63,229.92
2024-06-26,3167.48,1451.84,6245.01,2824.79,1279.02,9421.13,1606.22,702.66,305.45,1395.44,1475.3,413.45,1197.96,4662.27,202.56,2500.06,1365.39,842.59,590.02,674.71,2365.31,1182.62,4234.04,1479.86,385.65,358.39,921.18,355.2,3567.73,2862.92,11875.09,873.13,1235.96,346.05,240.44,304.8,1435.43,1457.2,823.32,580.99,1473.83,1086.99,171.68,3631.62,1355.01,3380.23,,5340.37,10775.1,232.87
2024-06-27,3175.43,1468.46,6081.87,2825.34,1307.87,9328.24,1599.47,710.62,301.61,1443.82,1453.03,412.13,1185.42,4610.47,198.2,2535.89,1353.18,836.74,587.43,669.23,2377.88,1208.54,4212.98,1477.41,386.51,355.7,906.64,357.4,3564.21,2798.86,11956.44,877.37,1240.18,348.0,240.89,307.47,1502.63,1440.25,827.29,581.23,1496.39,1082.08,168.63,3618.87,1328.1,3359.89,,5355.36,11132.99,230.67
2024-06-28,3188.42,1472.83,6188.03,2829.54,1281.02,9231.05,1602.32,712.11,301.51,1515.07,1458.23,413.23,1235.89,4602.47,201.3,2616.34,1384.3,837.48,592.36,681.32,2390.54,1207.21,4223.86,1510.15,387.93,356.44,933.31,363.62,3507.29,2811.66,11941.69,889.43,1241.43,360.3,242.34,311.63,1519.78,1445.34,830.23,574.23,1491.49,1077.61,170.2,3700.86,1362.76,3370.46,,5355.36,11557.67,239.97
2024-07-01,3178.37,1475.82,6145.76,2853.53,1270.93,9270.06,1587.43,703.16,306.38,1430.01,1456.9,416.18,1270.37,4530.41,199.71,2646.37,1381.47,828.8,588.52,689.96,2388.65,1180.25,4269.14,1497.62,388.66,357.59,925.24,359.69,3502.53,2797.87,11804.53,943.58,1254.19,363.92,247.74,309.76,1551.05,1487.05,832.63,564.69,1492.32,1082.08,170.52,3668.93,1352.69,3371.85,,5495.24,11527.14,242.74
2024-07-02,3178.27,1472.34,6100.76,2891.56,1262.95,9284.69,1579.43,723.04,304.46,1441.84,1452.05,420.26,1253.58,4526.41,204.0,2696.79,1390.9,846.06,602.04,680.97,2441.01,1197.37,4227.81,1532.87,392.03,352.65,935.14,363.37,3502.39,2846.32,11907.39,947.22,1266.73,355.2,246.12,308.87,1557.97,1502.05,827.39,569.55,1485.6,1087.94,170.49,3772.46,1399.65,3435.66,,5510.23,11798.8,248.08
2024-07-03,3156.44,1472.64,6098.28,2893.43,1257.95,9239.83,1582.23,714.59,302.49,1408.26,1465.78,423.69,1259.31,4533.97,209.45,2730.29,1404.1,883.56,590.77,689.86,2413.5,1177.55,4267.79,1560.52,388.47,352.45,929.69,352.37,3616.62,2827.42,11873.13,919.05,1249.44,353.25,248.64,309.85,1554.82,1498.06,812.68,552.62,1490.85,1105.8,170.56,3797.4,1399.6,3410.54,,5555.19,11711.13,253.99
2024-07-04,3190.42,1507.32,6166.6,2903.61,1285.91,9245.58,1609.22,725.63,312.74,1398.45,1449.84,429.72,1270.37,4581.47,208.39,2727.56,1400.33,868.14,594.36,688.67,2441.06,1209.18,4271.78,1563.6,392.03,351.45,940.48,360.51,3582.69,2846.13,11892.73,919.89,1254.29,356.44,247.74,315.38,1545.56,1491.48,826.41,558.06,1506.21,1139.11,172.97,3778.37,1401.54,3354.9,,5543.2,11740.51,253.75
2024-07-05,3142.34,1500.7,6166.65,2900.79,1269.93,9286.64,1586.23,709.02,312.99,1402.89,1458.91,430.38,1280.12,4589.04,207.0,2709.69,1436.16,831.26,604.53,685.02,2422.52,1205.24,4292.75,1585.92,391.12,350.3,938.11,363.18,3540.28,2863.0,11828.2,910.37,1249.68,356.87,249.77,313.5,1542.41,1502.8,821.5,551.65,1532.7,1127.05,172.18,3787.95,1387.35,3322.0,,5555.19,11653.14,249.04
2024-07-08,3146.34,1488.76,6344.66,2899.56,1282.91,9401.72,1578.83,710.11,323.63,1411.27,1487.37,433.19,1288.15,4646.55,208.25,2731.23,1440.88,811.68,607.32,694.55,2484.69,1209.08,4316.26,1577.9,396.72,352.45,945.92,369.97,3606.46,2857.64,11862.35,922.34,1261.22,363.07,261.25,319.12,1577.33,1524.38,842.83,555.73,1541.14,1129.63,170.62,3799.29,1382.01,3194.39,,5656.3,11551.84,251.2
2024-07-09,3114.41,1472.83,6274.35,2872.94,1281.91,9328.58,1576.93,706.62,333.04,1416.2,1468.63,436.93,1292.11,4645.23,207.8,2714.75,1445.97,801.66,620.29,692.92,2511.04,1215.03,4232.85,1594.04,408.07,348.56,936.48,371.4,3616.27,2832.59,12078.94,933.26,1287.26,361.49,270.98,318.18,1585.86,1519.99,842.97,546.57,1535.45,1152.86,169.64,3764.34,1386.41,3160.49,,5602.35,11442.14,254.97
2024-07-10,3118.55,1484.78,6285.29,2864.15,1282.11,9313.95,1583.13,702.47,335.01,1421.13,1483.54,434.16,1298.92,4727.64,213.0,2760.31,1443.8,804.11,622.28,698.84,2505.07,1232.55,4306.72,1591.25,413.64,349.85,928.5,367.77,3651.0,2906.65,12691.51,917.85,1292.46,361.11,269.99,320.99,1583.28,1519.74,843.17,543.66,1562.92,1133.8,168.57,3763.11,1392.18,3208.1,,5605.14,11546.9,253.57
2024-07-11,3117.15,1487.76,6360.47,2961.88,1298.94,9306.58,1583.23,704.44,330.57,1430.01,1488.35,432.57,1302.61,4763.71,211.47,2803.99,1428.62,801.15,634.2,692.92,2540.01,1226.25,4287.75,1590.29,410.26,348.96,924.66,365.35,3626.18,2735.97,12544.46,905.44,1283.69,364.54,270.26,326.14,1575.84,1556.87,837.58,537.46,1570.97,1142.09,166.13,3713.33,1395.86,3237.21,,5540.2,11457.99,251.55
2024-07-12,3088.47,1482.79,6349.83,2987.55,1292.8,9265.14,1604.07,695.4,331.95,1422.12,1477.6,443.12,1302.03,4714.5,219.0,2786.12,1442.76,800.18,632.25,688.48,2524.48,1215.97,4327.69,1613.34,418.15,353.95,927.45,368.07,3596.46,2668.21,12368.05,901.75,1276.34,361.26,276.39,320.8,1572.86,1557.77,839.84,535.11,1557.25,1126.65,166.32,3759.62,1394.92,3256.2,,5660.0,11413.54,255.44
2024-07-15,3064.58,1486.77,6305.37,2961.88,1315.58,9197.64,1596.22,697.7,331.07,1413.49,1487.95,439.61,1333.59,4736.47,225.0,2828.8,1489.91,800.92,633.8,683.1,2550.69,1213.21,4325.69,1657.71,418.51,353.75,935.43,366.97,3636.09,2701.15,12348.45,893.42,1278.32,360.92,280.89,323.24,1592.66,1557.72,842.78,547.36,1555.23,1144.02,164.85,4001.16,1437.57,3232.02,,5685.07,11610.02,265.71
2024-07-16,3108.46,1488.76,6401.59,2922.37,1306.33,9474.87,1604.22,703.66,328.36,1431.98,1488.54,437.85,1343.47,4766.11,230.0,2797.04,1475.77,799.57,640.23,691.24,2548.7,1210.16,4436.5,1650.41,422.53,349.46,929.65,367.59,3612.41,2732.99,12390.59,923.63,1281.68,368.6,291.52,320.76,1581.79,1608.1,864.93,561.74,1564.14,1140.35,163.98,3940.98,1421.73,3218.26,,5695.02,11762.3,263.34
2024-07-18,3104.46,1482.79,6396.37,2839.41,1298.89,9504.13,1605.22,700.39,321.71,1445.79,1468.72,453.1,1320.82,4704.2,217.75,2789.1,1469.22,793.28,644.97,677.12,2620.57,1214.98,4401.66,1650.79,422.11,345.06,931.84,360.19,3606.37,2734.03,12380.79,910.32,1267.11,365.02,292.87,320.05,1564.42,1614.68,863.32,540.36,1550.36,1152.04,163.79,3929.65,1425.18,3223.25,,5645.01,11508.37,260.86
2024-07-19,3090.47,1485.32,6489.1,2888.79,1304.54,9396.85,1651.2,706.64,305.35,1459.6,1473.24,444.27,1323.61,4789.15,217.99,2765.28,1518.67,797.22,642.87,675.05,2658.42,1223.94,4393.58,1770.83,429.41,336.53,924.51,363.28,3617.26,2797.47,12397.45,927.62,1296.56,360.11,299.99,317.76,1574.35,1626.64,877.38,556.51,1559.91,1176.55,162.22,4087.8,1481.45,3252.26,,5303.91,11503.43,271.8
2024-07-22,3004.21,1462.88,6346.6,2900.64,1282.25,9118.89,1624.21,688.95,301.51,1430.01,1447.19,429.06,1307.71,4654.41,214.0,2681.9,1498.02,797.72,630.16,646.53,2626.1,1220.0,4281.56,1728.72,432.69,338.22,873.15,363.78,3584.47,2729.12,12250.45,912.82,1278.35,347.72,288.28,308.82,1525.96,1635.71,864.1,544.82,1530.72,1161.84,154.79,4071.28,1425.53,3240.25,,5105.58,11152.65,244.19
2024-07-23,3018.5,1460.89,6368.52,2897.98,1287.4,9201.79,1634.2,689.15,312.34,1449.73,1461.86,434.33,1345.47,4742.33,222.5,2790.09,1495.64,812.79,640.23,663.6,2665.22,1221.13,4331.88,1738.18,425.35,341.47,887.61,353.39,3635.69,2801.49,12466.05,921.94,1277.74,359.11,288.32,317.34,1489.97,1615.82,865.62,553.02,1562.17,1191.25,157.92,4055.23,1436.17,3245.33,,5205.69,11508.32,238.1
2024-07-24,2993.87,1500.7,6364.55,2865.09,1261.82,9128.64,1599.82,658.93,298.06,1445.79,1467.11,427.91,1379.03,4801.84,217.85,2808.95,1514.64,793.35,637.84,644.55,2667.16,1205.24,4307.72,1764.59,452.2,334.73,892.6,353.18,3516.21,2800.5,12381.77,924.33,1270.06,366.16,282.02,309.67,1474.09,1574.81,847.19,535.81,1576.94,1232.43,156.37,4059.49,1438.49,3459.59,,5280.43,11399.71,235.52
2024-07-25,2959.23,1463.88,6369.32,2856.25,1198.98,9031.12,1564.84,651.98,293.57,1425.08,1469.71,431.69,1350.44,4784.27,221.0,2784.13,1491.84,785.88,664.16,633.64,2637.12,1186.06,4342.66,1747.79,446.73,332.48,867.66,346.0,3506.3,2777.49,12140.73,923.33,1252.25,372.69,286.52,309.25,1470.12,1639.6,830.82,528.08,1589.58,1207.92,154.89,4066.6,1468.92,3404.75,,5270.33,11279.19,232.48
2024-07-26,2993.52,1488.66,6397.36,2866.27,1164.01,9088.66,1577.23,663.41,299.34,1430.26,1476.33,438.07,1369.11,4781.14,219.0,2803.94,1523.0,791.8,681.27,651.46,2643.86,1170.81,4435.11,1752.92,450.42,329.34,877.64,351.22,3595.47,2799.11,12221.04,926.78,1226.56,376.51,303.14,318.51,1481.44,1680.71,828.02,529.31,1644.31,1207.1,155.13,4118.67,1473.74,3395.58,,5355.36,11302.41,239.04
2024-07-29,3092.77,1540.41,6739.46,2916.5,1181.34,9313.17,1587.38,678.2,308.21,1503.98,1558.01,452.36,1375.28,4915.1,226.62,2838.63,1558.54,796.73,701.61,667.99,2631.44,1195.55,4470.45,1818.47,460.86,333.98,907.46,364.52,3666.8,2876.89,12455.27,956.19,1222.13,385.14,300.71,318.0,1500.84,1746.74,849.0,581.0,1688.41,1206.06,160.95,4180.21,1488.81,3484.51,,5410.26,11538.01,247.47
2024-07-30,3090.47,1547.07,6644.64,2936.69,1163.11,9314.58,1613.21,677.07,320.42,1463.94,1524.65,450.29,1360.38,4833.14,226.95,2807.16,1547.9,790.32,694.18,656.4,2635.71,1193.44,4479.43,1796.86,452.47,330.48,892.65,358.37,3739.97,2921.53,12505.26,931.51,1215.61,378.46,299.09,322.86,1505.88,1734.78,857.48,575.72,1689.25,1197.13,159.19,4157.59,1464.11,3414.67,,5545.2,11783.31,245.79
2024-07-31,3139.44,1549.46,6627.33,2967.85,1156.01,9362.71,1650.1,678.51,315.2,1457.48,1501.2,460.23,1352.2,4834.89,227.61,2770.14,1540.3,796.24,695.28,658.37,2625.42,1199.34,4466.4,1802.52,448.96,328.84,906.51,358.19,3742.15,2913.59,12720.86,921.34,1215.44,390.38,299.14,325.9,1492.95,1715.4,856.65,573.94,1675.47,1184.22,162.5,4118.67,1481.45,3468.61,,5620.18,11744.51,244.57
2024-08-01,3178.42,1573.3,6578.65,3049.77,1167.0,9600.68,1654.19,678.96,313.03,1464.53,1516.75,470.38,1350.53,4853.1,231.0,2761.26,1558.4,800.63,713.03,671.2,2634.16,1192.95,4424.52,1782.45,452.16,328.49,935.03,361.0,3774.79,2903.18,13125.62,932.26,1212.98,400.29,304.32,328.62,1500.89,1785.22,860.52,573.74,1698.5,1180.2,164.37,4165.44,1497.24,3464.57,,5888.9,11812.33,245.13
2024-08-02,3198.41,1572.3,6669.25,3032.0,1163.01,9474.67,1619.21,668.38,300.82,1473.5,1512.84,469.5,1367.53,4768.65,244.5,2729.05,1539.39,804.62,705.55,651.26,2632.22,1177.7,4347.65,1769.87,441.99,325.44,917.43,355.81,3695.88,2787.9,12985.45,917.35,1220.36,396.81,304.5,335.03,1493.94,1754.22,839.84,576.11,1673.4,1191.17,157.33,4132.87,1469.4,3404.75,,5720.04,11758.52,241.38
2024-08-05,3083.47,1532.54,6651.94,3031.95,1141.02,9163.95,1589.23,660.92,285.59,1461.57,1456.44,452.8,1377.29,4503.22,254.0,2635.4,1496.59,809.11,691.09,619.92,2597.23,1162.94,4272.78,1714.13,437.66,317.45,881.63,353.63,3563.76,2658.29,12356.26,902.4,1224.3,388.62,288.59,330.11,1469.13,1674.48,813.66,562.61,1698.01,1167.35,150.16,4013.57,1415.95,3310.09,,5355.36,11626.3,229.66
2024-08-06,3082.47,1517.52,6652.09,3063.3,1139.03,9280.06,1574.38,658.54,287.71,1462.65,1497.01,446.73,1359.16,4576.3,265.9,2617.48,1485.18,804.13,709.69,616.91,2640.08,1156.05,4293.29,1690.36,443.31,316.66,864.72,356.59,3515.22,2666.87,12257.33,864.95,1237.04,393.95,283.6,320.8,1444.46,1716.54,806.46,571.25,1698.01,1191.17,147.76,3949.14,1411.61,3370.81,,5350.46,11377.83,229.55
2024-08-07,3116.46,1512.64,6664.08,3063.35,1137.83,9333.45,1583.33,655.95,291.16,1439.96,1515.91,446.38,1367.33,4605.24,261.53,2640.39,1525.09,797.72,680.22,616.91,2699.87,1159.94,4340.66,1724.74,446.73,315.96,896.59,356.59,3596.46,2676.0,12266.24,867.5,1239.33,404.51,281.43,323.66,1458.21,1684.5,793.08,565.37,1693.09,1173.85,150.2,4003.16,1445.61,3349.92,,5284.42,11426.57,233.74
2024-08-08,3188.97,1530.55,6702.66,3041.87,1132.13,9494.38,1561.69,658.44,296.58,1423.1,1528.67,469.5,1376.27,4564.81,265.0,2613.74,1517.49,801.17,689.19,616.91,2672.98,1148.13,4310.82,1709.33,450.38,329.49,897.58,352.92,3587.54,2639.3,12238.54,852.54,1239.33,400.04,296.39,332.22,1446.82,1665.61,796.02,571.22,1707.85,1183.23,149.9,3958.66,1415.95,3326.99,,5510.23,11427.56,231.54
2024-08-09,3207.41,1534.04,6545.79,3001.38,1151.02,9519.73,1559.14,665.89,298.06,1452.85,1558.16,465.98,1387.2,4744.13,267.73,2546.84,1505.99,814.98,712.23,617.47,2674.92,1157.58,4297.74,1700.97,454.02,329.69,893.64,356.6,3566.74,2712.21,12257.33,885.29,1233.45,397.59,300.85,325.58,1449.27,1714.35,799.94,569.26,1722.42,1180.15,149.51,3992.74,1430.35,3339.95,,5733.88,11376.88,232.17
2024-08-12,3098.46,1492.74,6513.71,2982.62,1145.02,9500.23,1556.24,657.85,294.61,1453.85,1558.06,465.1,1393.95,4737.57,263.5,2560.68,1510.84,814.98,696.67,614.49,2657.45,1162.03,4262.8,1702.7,448.55,324.49,902.37,351.79,3545.93,2727.24,12069.37,877.42,1231.09,393.94,299.77,320.99,1459.2,1717.24,804.45,577.07,1707.85,1167.35,147.56,4005.05,1451.3,3321.65,,6297.49,11218.89,230.39
2024-08-13,3168.48,1498.56,6474.23,3017.08,1160.36,9460.24,1553.24,660.42,297.57,1455.83,1583.09,461.59,1371.7,4748.63,265.0,2562.68,1499.44,803.14,696.18,629.78,2661.33,1174.14,4262.5,1738.18,452.16,328.99,922.52,352.19,3546.92,2696.44,12204.9,863.01,1217.41,387.21,309.99,315.38,1450.02,1699.4,797.49,582.95,1712.78,1164.07,148.63,3988.96,1452.84,3320.01,,6369.48,11292.42,229.22
2024-08-14,3084.17,1480.8,6563.44,2997.23,1158.01,9464.14,1544.25,644.27,292.59,1441.05,1580.12,459.74,1382.23,4749.37,260.3,2514.85,1520.44,792.54,684.11,622.29,2660.36,1158.06,4231.85,1730.5,448.51,325.49,909.5,350.6,3526.06,2707.05,12107.95,860.57,1223.76,383.28,302.56,315.38,1452.8,1690.63,785.18,567.5,1720.16,1178.27,146.48,3985.17,1456.4,3379.83,,6394.46,11129.45,231.07
2024-08-16,3068.48,1464.08,6529.9,3016.2,1165.4,9546.07,1538.25,646.51,292.94,1467.73,1550.44,450.84,1357.6,4674.49,260.7,2503.29,1553.6,803.39,662.82,629.33,2657.35,1161.04,4232.85,1776.6,450.83,323.5,897.58,351.99,3544.94,2766.77,12183.09,867.99,1225.28,382.46,299.59,314.22,1457.86,1693.42,787.19,569.85,1722.23,1159.41,144.63,4118.67,1501.1,3399.77,,6434.43,10970.46,234.82
2024-08-19,3120.5,1493.68,6722.92,3016.15,1168.0,9681.58,1563.14,659.73,301.14,1474.67,1561.77,456.26,1358.97,4785.94,278.0,2610.3,1582.11,807.9,687.5,631.87,2669.15,1181.88,4292.55,1786.2,460.18,331.43,907.56,355.7,3566.59,2837.11,12064.42,883.45,1244.97,386.54,301.79,323.33,1476.6,1691.23,798.96,592.34,1725.42,1189.19,147.41,4185.89,1529.46,3425.89,,6569.31,11248.7,241.85
2024-08-20,3117.4,1497.66,6747.82,3057.68,1157.01,9530.66,1554.19,660.66,298.52,1467.73,1559.84,465.63,1377.27,4786.83,262.0,2598.55,1596.36,802.87,685.11,658.17,2661.87,1165.21,4247.52,1805.41,456.76,331.88,921.42,356.19,3529.09,2757.6,12030.29,879.41,1235.42,388.7,302.56,321.25,1491.27,1667.3,801.85,609.95,1724.39,1174.25,152.15,4265.43,1542.13,3469.56,,6704.19,11293.41,243.68
2024-08-21,3069.13,1491.84,6648.23,3062.61,1165.6,9537.38,1599.22,668.07,299.36,1440.95,1549.1,467.54,1391.16,4827.4,263.12,2630.48,1602.06,803.19,712.38,664.03,2668.61,1167.99,4302.73,1800.7,455.85,335.38,907.56,359.59,3556.83,2751.89,12084.16,877.47,1244.92,391.54,297.87,320.83,1487.31,1755.51,804.15,614.24,1742.31,1163.33,149.51,4277.74,1556.58,3464.47,,6794.11,11202.99,245.32
2024-08-22,3129.2,1499.7,6733.43,3127.8,1178.69,9655.3,1624.01,670.86,302.72,1461.48,1582.1,474.2,1403.57,4869.07,264.0,2684.68,1603.01,805.12,724.0,686.47,2720.49,1172.95,4392.58,1809.25,463.0,331.68,924.56,362.38,3573.72,2749.01,12148.51,869.59,1262.19,393.75,295.98,317.05,1497.02,1795.08,802.88,619.14,1741.81,1175.34,149.03,4317.5,1546.03,3564.22,,6819.09,11189.08,247.38
2024-08-23,3099.46,1485.77,6836.47,3150.51,1169.0,9723.57,1627.11,671.36,301.83,1480.62,1563.35,469.71,1387.17,4857.02,260.41,2761.35,1592.61,806.1,723.0,685.03,2716.85,1183.87,4485.42,1803.68,460.45,329.49,932.09,363.88,3573.18,2711.17,12168.3,867.1,1255.28,387.55,294.51,315.78,1497.77,1783.62,805.33,618.17,1726.31,1203.08,150.49,4260.69,1553.74,3600.61,,7013.92,11243.73,243.68
2024-08-26,3086.47,1488.26,6802.6,3115.95,1170.7,10118.65,1648.2,673.44,304.99,1496.49,1553.41,481.3,1376.26,4839.25,263.8,2742.02,1587.81,805.22,731.98,689.34,2732.77,1196.32,4710.04,1795.8,461.32,332.18,942.96,363.58,3577.63,2742.91,12193.03,852.87,1244.57,386.69,293.7,317.48,1500.98,1785.12,801.9,614.25,1752.15,1196.14,151.09,4250.28,1550.8,3581.22,,6993.94,11268.57,241.85
2024-08-27,3070.68,1477.71,6752.8,3114.96,1169.0,10143.91,1685.38,673.68,302.92,1505.41,1569.73,478.73,1380.25,4803.76,,2731.51,1639.93,810.74,722.0,706.72,2726.36,1204.01,4692.07,1801.71,462.73,,960.86,361.79,3608.99,2775.65,12113.89,867.3,1244.3,399.22,299.05,319.88,1504.49,1782.52,801.7,616.97,1750.18,1211.02,152.25,4265.43,1583.55,3619.31,,6963.92,11317.36,243.72
2024-08-28,3076.47,1472.24,6758.68,3113.92,1175.99,10240.47,1727.16,683.38,297.43,1515.28,1587.05,474.11,1383.81,4807.66,257.0,2688.72,1627.29,807.95,737.91,700.86,2678.8,1213.29,4766.94,1831.24,456.21,326.49,944.96,358.79,3670.77,2759.73,12366.16,853.96,1239.55,393.99,298.37,316.44,1499.01,1832.71,798.71,630.88,1768.79,1201.1,151.17,4259.51,1560.43,3548.97,,6983.95,11208.95,243.72
2024-08-29,3028.5,1464.92,6772.62,3086.81,1168.0,10320.49,1715.16,684.68,295.75,1552.03,1604.86,467.41,1370.97,4883.53,254.78,2705.06,1628.67,810.05,737.96,692.57,2688.46,1209.62,4723.12,1856.3,454.02,323.75,942.46,356.24,3656.4,2767.12,12210.84,864.8,1229.66,393.03,296.06,313.75,1497.12,1833.96,793.61,625.79,1781.58,1192.31,149.72,4222.82,1560.48,3526.39,,7263.66,11159.27,250.75
2024-08-30,3028.5,1473.78,6837.46,3091.3,1175.99,10567.19,1769.09,702.77,293.23,1562.93,1597.93,470.65,1378.86,4838.31,253.5,2666.5,1664.63,816.96,734.87,693.91,2713.45,1220.58,4774.93,1861.1,457.63,327.14,945.35,355.05,3683.99,2757.84,12326.58,869.4,1232.44,396.53,300.01,316.11,1527.9,1833.91,801.07,626.14,1770.02,1186.21,149.51,4260.69,1586.44,3539.35,,7203.76,11154.35,253.89
2024-09-02,3019.6,1482.79,6960.97,3109.03,1175.0,10655.94,1795.53,722.94,298.32,1591.69,1651.36,467.98,1401.05,4886.39,252.0,2696.94,1676.37,812.42,741.1,701.56,2711.8,1229.51,4886.44,1866.24,459.49,323.4,938.57,355.99,3671.76,2826.09,12240.52,868.95,1230.2,401.43,299.6,319.32,1504.86,1844.22,801.21,629.89,1801.32,1191.17,150.39,4332.65,1576.32,3554.45,,7173.04,11253.67,252.35
2024-09-03,3035.5,1487.26,6863.31,3125.77,1186.99,10831.44,1849.1,741.43,296.4,1565.91,1625.93,462.65,1371.3,4860.92,246.75,2670.39,1716.09,806.1,751.92,682.64,2698.22,1217.8,4787.96,1888.95,465.01,350.45,934.58,355.6,3659.82,2757.84,12340.43,883.93,1231.19,394.42,296.87,317.05,1515.2,1883.79,805.97,628.14,1791.52,1200.11,149.36,4280.62,1578.73,3576.79,,7172.79,11362.48,249.82
2024-09-04,3008.51,1464.87,6810.57,3116.44,1181.69,10739.81,1839.3,721.05,293.58,1545.08,1617.77,458.97,1360.93,4768.17,244.45,2685.23,1677.22,808.57,749.63,661.8,2698.22,1230.36,4811.87,1844.87,455.85,344.46,917.53,353.59,3616.27,2738.99,12193.08,869.0,1242.53,384.33,285.98,312.52,1494.73,1903.73,799.4,633.24,1783.16,1187.25,146.09,4238.87,1560.19,3575.34,,7036.9,11320.24,247.47
2024-09-05,3023.5,1469.6,6903.1,3199.89,1180.99,10693.0,1867.09,727.51,295.41,1546.08,1633.65,450.67,1350.93,4787.92,248.05,2763.95,1702.78,812.02,755.91,665.12,2756.5,1228.52,4826.84,1849.82,463.46,348.06,932.04,355.84,3634.11,2734.23,12204.9,880.13,1247.3,389.47,287.75,313.61,1513.01,1912.7,802.24,635.17,1804.52,1190.68,147.56,4242.7,1592.22,3605.75,,7163.69,11557.19,244.29
2024-09-06,3017.5,1458.5,6906.49,3197.92,1175.0,10587.42,1863.09,721.11,286.86,1539.93,1610.55,443.12,1331.34,4733.33,255.0,2730.07,1698.98,808.23,747.93,663.39,2744.9,1216.56,4868.77,1845.74,466.79,344.46,922.96,353.1,3581.7,2701.3,12118.83,883.93,1234.44,387.45,282.8,314.27,1486.56,1891.86,795.53,636.53,1791.08,1179.26,148.48,4236.03,1579.21,3703.8,,7178.68,11427.56,246.0
2024-09-09,2970.63,1424.07,6879.1,3233.18,1157.01,10562.41,1859.09,727.91,278.61,1510.62,1594.02,433.35,1327.57,4691.67,260.0,2680.2,1670.81,808.08,733.07,659.17,2769.17,1193.69,4771.94,1815.01,457.67,337.42,920.52,353.13,3550.88,2666.73,12066.9,905.95,1227.82,375.88,280.26,309.22,1460.67,1894.61,769.55,643.6,1796.0,1165.21,147.46,4218.09,1563.51,3679.03,,7097.85,11328.19,242.36
2024-09-10,2970.13,1432.03,6872.32,3249.27,1177.89,10526.61,1873.89,732.48,279.11,1532.34,1615.74,432.73,1330.36,4688.21,265.85,2690.21,1662.35,815.97,727.99,660.06,2847.69,1227.48,4806.93,1829.32,466.7,343.41,931.59,359.19,3551.87,2669.8,12020.0,888.37,1244.47,374.82,272.45,308.56,1454.69,1883.79,772.49,651.01,1801.37,1191.17,147.07,4206.2,1533.46,3692.89,,7149.81,11467.21,242.22
2024-09-11,2983.52,1447.91,6872.32,3273.96,1186.19,10794.18,1828.11,720.55,283.01,1565.36,1609.9,437.66,1323.78,4669.45,268.25,2700.18,1689.67,814.19,699.07,653.81,2825.95,1222.07,4861.73,1838.73,467.7,351.95,938.52,358.59,3561.78,2660.13,12128.73,885.93,1253.33,383.37,265.46,317.9,1457.23,1839.04,764.7,638.72,1807.67,1201.0,146.48,4281.0,1552.72,3720.7,,7154.75,11497.12,246.07
2024-09-12,2948.54,1437.01,6915.15,3328.28,1189.08,11196.97,1849.8,737.45,287.4,1582.92,1617.72,432.46,1331.56,4684.16,276.3,2680.85,1710.38,815.97,701.21,653.21,2825.36,1228.52,4950.13,1848.62,469.61,345.76,933.29,360.36,3525.12,2643.76,12130.8,888.42,1244.92,375.68,261.47,315.97,1451.2,1856.88,759.74,645.55,1826.12,1201.1,148.54,4270.4,1560.33,3724.79,,7191.77,11435.36,243.94
2024-09-13,2970.53,1465.82,7067.74,3314.01,1208.87,11433.72,1873.89,738.27,289.48,1637.31,1641.37,441.34,1328.85,4795.72,285.4,2750.1,1715.14,825.84,710.04,681.01,2869.43,1242.41,5003.54,1873.06,473.63,349.8,955.43,366.98,3588.53,2733.04,12232.6,913.95,1244.97,388.99,268.46,320.64,1470.53,1862.86,775.43,665.06,1835.82,1216.98,149.3,4289.1,1589.23,3765.67,,7242.23,11621.34,250.19
2024-09-16,2970.53,1448.05,6996.82,3318.41,1220.96,11443.96,1901.07,763.29,287.4,1620.9,1643.64,437.35,1329.55,4822.42,274.5,2792.64,1728.44,822.38,706.9,675.15,2824.39,1241.42,4971.6,1868.55,470.34,351.45,958.82,366.18,3585.71,2718.36,12190.01,922.84,1244.97,386.69,267.64,318.23,1471.67,1844.92,775.28,660.81,1832.87,1211.02,151.47,4286.26,1590.39,3756.69,,7263.71,11601.46,259.19
2024-09-17,2988.57,1435.81,7003.2,3294.51,1234.15,11391.3,1858.09,729.25,287.01,1636.32,1642.45,438.01,1319.65,4835.8,277.65,2758.96,1721.74,827.81,699.42,683.98,2782.75,1250.3,4944.64,1870.47,465.92,348.16,968.39,367.46,3634.11,2742.96,12153.46,933.92,1255.37,395.72,266.64,317.71,1468.14,1817.51,770.14,668.05,1833.85,1214.0,150.49,4273.24,1588.36,3748.62,,7408.58,11529.47,257.32
2024-09-18,2974.53,1423.08,7001.7,3271.79,1230.85,11547.83,1847.8,734.19,281.48,1641.48,1655.32,434.95,1321.02,4801.74,270.65,2744.86,1718.08,824.78,696.97,680.01,2789.45,1252.34,4925.68,1861.82,463.0,349.95,959.47,369.57,3654.91,2759.33,12108.99,963.59,1254.78,402.11,270.18,319.41,1464.15,1812.23,768.37,673.82,1838.77,1211.27,148.93,4257.9,1587.54,3757.69,,7428.56,11609.41,257.34
2024-09-19,2973.58,1426.06,7039.65,3253.22,1247.38,11519.26,1889.08,762.79,280.59,1634.04,1642.45,434.24,1308.5,4812.6,276.5,2733.06,1687.58,838.27,698.42,684.98,2791.63,1278.49,4926.67,1834.79,464.96,348.21,957.42,369.55,3715.35,2789.59,12128.68,953.9,1280.89,407.39,260.92,317.24,1460.42,1843.92,779.4,698.67,1816.33,1198.12,148.43,4156.59,1560.43,3738.75,,7449.55,11557.64,255.07
2024-09-20,2946.69,1412.08,7011.66,3263.1,1242.94,11630.24,1891.18,758.82,270.71,1657.15,1628.5,427.09,1298.72,4804.5,279.0,2735.05,1660.97,846.8,700.06,687.06,2838.76,1285.08,4836.83,1829.41,466.79,347.86,967.39,374.37,3665.81,2776.39,12228.05,979.87,1301.06,411.28,260.56,319.08,1468.14,1843.92,779.2,692.31,1822.14,1211.02,147.56,4087.33,1548.87,3781.62,,7343.64,11586.56,252.11
2024-09-23,3018.5,1440.99,7061.96,3275.89,1250.43,11703.39,1928.91,757.9,276.64,1704.75,1629.44,438.23,1311.68,4926.13,292.0,2695.2,1676.18,862.84,716.87,690.44,2892.33,1320.81,4926.57,1833.25,469.93,353.8,983.35,382.55,3764.89,2939.14,12489.82,1060.88,1331.15,410.75,261.83,322.72,1485.07,1875.82,770.53,694.64,1837.79,1213.01,150.86,4071.33,1565.2,3785.81,,7514.44,11760.45,252.68
2024-09-24,3053.49,1449.1,7047.82,3236.88,1240.04,11928.24,1919.07,755.04,282.86,1737.47,1607.82,448.45,1322.5,4824.94,298.0,2666.65,1662.87,870.73,725.49,692.52,2931.16,1310.89,4931.57,1813.09,471.35,353.25,988.64,386.55,3752.7,2995.93,12448.37,1069.27,1340.92,414.55,269.0,325.12,1482.58,1920.77,783.52,700.62,1826.96,1207.05,151.61,4025.55,1542.66,3806.54,,7633.34,11872.84,249.44
2024-09-25,3106.46,1451.94,7064.3,3211.74,1236.94,12083.75,1904.07,749.87,290.47,1741.0,1620.69,449.78,1322.86,4788.9,291.8,2609.81,1690.24,868.34,720.01,719.72,2863.75,1300.71,4801.89,1811.5,469.98,351.15,993.33,381.57,3752.55,3020.73,12590.97,1022.22,1321.36,411.33,271.86,333.9,1478.0,1867.54,782.19,687.87,1844.68,1204.97,157.82,4026.21,1576.9,3788.6,,7611.66,11736.6,252.54
2024-09-26,3083.47,1449.8,7079.49,3209.77,1266.47,12152.02,1939.06,759.31,287.11,1755.33,1625.83,449.33,1334.5,4852.09,285.4,2664.31,1693.52,874.7,714.57,713.22,2864.28,1309.89,4791.9,1822.5,471.94,351.95,981.36,378.56,3765.88,3047.52,12697.57,988.86,1332.53,420.8,269.68,343.52,1484.72,1866.85,780.33,691.93,1841.28,1186.21,158.31,4033.46,1550.8,3726.78,,7718.21,11760.45,252.49
2024-09-27,3120.45,1477.81,7130.58,3250.21,1271.91,12309.67,1975.89,773.23,288.84,1740.65,1612.92,449.82,1333.74,4926.13,275.4,2735.9,1719.89,876.65,727.44,741.51,2898.25,1322.79,4887.69,1855.44,474.31,349.46,1005.29,379.56,3703.46,3145.73,13239.7,994.8,1353.22,418.92,265.73,341.78,1493.04,1892.06,786.07,707.76,1887.94,1205.02,163.19,4104.47,1565.25,3762.68,,7893.11,11989.0,257.27
2024-09-30,3127.45,1449.65,7131.78,3269.77,1262.42,12243.31,2009.72,769.85,289.92,1699.79,1657.3,455.55,1342.49,4997.2,277.9,2773.91,1717.99,862.74,732.97,744.54,2877.0,1282.21,4893.73,1805.41,474.63,356.44,1001.3,370.91,3664.82,3137.94,13200.67,952.6,1338.46,419.79,269.64,334.27,1513.36,1885.78,786.12,706.97,1918.51,1186.16,163.68,4058.93,1546.94,3774.64,,7807.99,11848.89,252.16
2024-10-01,3134.75,1441.19,7172.61,3275.94,1227.05,12107.4,1972.04,761.31,281.67,1690.86,1642.45,454.66,1341.81,4961.96,272.55,2783.92,1700.88,850.5,714.03,749.5,2875.54,1260.08,4815.86,1800.6,472.39,351.45,1026.24,368.97,3633.12,3080.75,13096.25,985.36,1323.7,428.53,269.64,331.3,1474.76,1834.15,772.49,699.74,1894.73,1188.14,165.63,4029.24,1521.9,3812.48,,7593.42,11727.66,253.19
2024-10-03,3148.44,1445.72,7064.9,3152.78,1206.47,11442.01,1960.05,756.33,271.75,1651.2,1643.69,443.56,1347.45,4866.89,269.7,2778.89,1689.48,846.38,694.63,744.54,2823.18,1244.0,4812.87,1814.53,463.64,344.46,1025.24,371.15,3549.4,3060.41,12802.48,962.84,1321.24,415.08,267.82,323.66,1430.86,1801.06,774.35,698.37,1871.06,1177.27,161.73,4035.92,1555.61,3678.03,,7562.95,11553.86,253.15
2024-10-04,3118.35,1417.9,6874.41,3096.19,1174.5,11372.96,1912.37,737.45,275.35,1656.2,1627.71,443.65,1334.14,4720.79,267.0,2756.12,1689.48,826.08,700.31,737.24,2805.95,1237.55,4643.15,1814.58,464.96,342.97,1039.2,362.68,3482.52,3102.13,12554.02,927.28,1310.41,415.94,269.64,323.66,1398.34,1799.62,776.41,666.48,1880.95,1141.54,163.19,4000.32,1532.5,3614.12,,7434.56,11626.3,247.5
2024-10-07,3109.11,1403.17,6773.72,3036.94,1181.94,11483.37,1883.63,716.71,274.07,1637.31,1605.85,442.32,1328.29,4688.01,278.55,2750.0,1696.08,815.08,709.69,747.52,2761.3,1232.04,4597.23,1846.89,462.23,345.56,1037.16,361.58,3472.61,3003.87,12490.86,929.23,1281.85,413.73,268.73,320.83,1387.96,1794.09,784.25,659.21,1880.17,1122.08,163.29,4046.62,1565.2,3728.73,,7300.88,11419.57,252.16
2024-10-08,3017.0,1335.5,6791.65,3020.15,1152.02,11298.65,1872.29,722.03,263.79,1648.82,1607.48,426.96,1313.66,4590.48,266.0,2705.41,1685.68,804.13,698.57,718.23,2760.33,1231.5,4484.47,1861.01,464.96,334.23,1011.68,359.59,3460.67,3049.5,12368.38,914.94,1264.94,397.78,261.6,308.84,1367.51,1779.14,757.05,641.25,1874.21,1103.22,159.29,4045.39,1565.25,3578.48,,7513.49,11160.26,249.14
2024-10-09,3173.43,1417.85,6931.09,3057.23,1153.01,11648.77,1848.1,717.17,278.61,1652.93,1613.27,436.9,1330.76,4638.75,279.0,2744.02,1703.78,813.75,707.89,704.83,2740.34,1233.53,4650.39,1875.08,464.78,344.46,997.21,359.79,3509.32,3139.58,12420.52,967.98,1269.08,407.82,264.42,308.56,1391.97,1742.31,771.21,656.21,1864.91,1118.71,155.88,4033.46,1578.73,3507.44,,8082.0,11332.22,248.32
2024-10-10,3138.44,1410.14,7026.65,3051.8,1175.99,11529.3,1873.89,727.51,280.54,1672.62,1676.05,433.97,1331.16,4677.15,280.5,2708.1,1729.39,808.57,719.01,726.57,2688.51,1237.2,4726.01,1880.21,451.61,344.46,996.32,361.56,3482.52,3130.85,12661.86,964.69,1244.47,404.22,262.1,311.58,1374.54,1739.42,783.27,665.11,1899.41,1109.58,154.69,4027.07,1611.48,3499.47,,8192.9,11367.89,250.75
2024-10-11,3172.63,1408.35,6953.99,3021.33,1181.49,11596.11,1875.04,728.01,283.75,1664.19,1585.17,432.91,1308.7,4643.79,276.4,2712.58,1714.19,821.13,719.51,730.64,2683.46,1227.53,4652.79,1841.9,449.47,342.92,1004.59,374.01,3437.34,3174.5,12805.5,953.85,1240.05,407.34,264.46,315.59,1364.55,1731.79,781.51,655.33,1869.29,1109.77,155.67,3922.68,1544.05,3453.61,,8062.02,11319.0,243.89
2024-10-14,3143.44,1411.13,6948.86,2999.41,1170.55,11633.95,1884.18,724.8,282.66,1672.02,1583.09,439.52,1318.84,4688.21,280.9,2727.63,1754.14,816.98,725.99,740.57,2709.48,1211.65,4695.07,1855.49,447.64,342.27,1014.27,376.58,3477.57,3125.89,12638.21,943.31,1239.9,407.97,265.73,311.44,1373.96,1733.04,786.21,658.85,1873.23,1111.76,158.19,3919.84,1587.4,3463.98,,8272.88,11328.14,252.49
2024-10-15,3122.45,1409.09,7086.46,3036.94,1165.1,11654.63,1872.69,720.05,283.7,1693.84,1584.97,442.5,1328.38,4718.57,283.0,2715.12,1738.89,835.7,740.75,740.57,2710.93,1229.46,4756.91,1882.23,454.02,341.42,1009.78,382.0,3537.01,3151.68,12572.92,946.16,1231.21,409.94,260.01,314.65,1353.12,1736.23,789.64,669.03,1887.99,1107.79,155.87,3911.36,1637.49,3513.38,,8216.88,11328.19,259.12
2024-10-16,3096.46,1411.13,7056.68,3049.77,1150.02,11252.71,1854.1,696.7,284.69,1705.74,1544.9,439.57,1319.63,4663.53,279.0,2715.22,1775.95,828.85,721.46,723.2,2707.1,1238.94,4737.14,1877.43,452.2,336.53,992.33,376.37,3517.2,3112.99,12281.13,977.87,1225.28,408.64,256.93,313.0,1334.67,1719.38,787.0,668.44,1879.08,1107.0,151.65,3867.76,1608.59,3497.47,,8102.98,11269.57,249.82
2024-10-17,3088.42,1397.0,7060.56,3044.74,1150.02,10944.81,1867.09,693.81,282.61,1722.35,1545.69,440.23,1340.46,4585.54,275.0,2773.91,1776.8,836.17,727.99,735.7,2697.68,1239.88,4699.36,1858.42,451.29,334.33,988.44,374.84,3517.1,3030.65,12267.23,960.29,1217.88,407.06,258.74,309.98,1360.27,1728.3,793.57,661.01,1893.45,1104.81,152.1,3894.08,1599.63,3476.54,,7773.57,11279.5,250.73
2024-10-18,2988.52,1382.27,6955.29,3019.16,1157.01,9801.15,1814.12,685.07,279.5,1695.82,1532.68,433.35,1332.36,4554.84,256.9,2690.21,1774.05,820.46,724.0,729.45,2658.08,1218.55,4592.24,1818.66,445.59,328.64,975.87,373.17,3536.96,2921.88,11940.76,941.41,1171.15,401.34,256.02,312.81,1346.8,1700.4,795.13,623.59,1870.27,1082.13,148.93,3881.94,1632.67,3384.81,,7713.32,10947.9,249.35
2024-10-21,3003.66,1403.07,6944.28,2969.83,1195.83,9814.27,1821.11,686.67,282.86,1691.41,1535.6,436.9,1345.47,4704.01,258.0,2750.0,1781.94,846.06,746.79,754.47,2635.13,1254.82,4693.07,1816.06,443.72,333.88,994.32,369.57,3546.92,2936.16,12015.5,939.02,1161.31,409.36,255.25,314.22,1361.69,1709.52,808.47,656.69,1888.78,1039.3,152.54,3922.38,1680.83,3407.69,,7813.23,10980.4,258.54
2024-10-22,2936.54,1368.04,6991.79,3016.2,1193.23,10240.95,1757.69,675.83,278.61,1677.97,1506.9,430.69,1336.92,4748.87,267.0,2708.25,1750.09,853.49,743.74,727.66,2606.11,1256.9,4587.25,1784.47,440.94,327.49,978.37,357.98,3551.87,2981.05,12085.15,956.9,1158.61,406.29,252.39,314.13,1363.75,1695.41,797.98,648.15,1862.4,1015.77,151.37,3859.17,1640.76,3364.77,,7628.34,10683.28,257.69
2024-10-23,2839.44,1356.2,6857.38,2962.81,1174.1,10111.73,1726.71,656.52,267.74,1675.99,1488.85,415.9,1323.48,4662.1,256.35,2640.39,1715.37,841.16,723.0,710.79,2543.89,1251.34,4491.91,1772.03,438.53,315.76,961.06,351.82,3468.7,2853.23,11795.63,898.01,1156.42,397.78,245.13,301.2,1332.18,1697.6,774.45,625.99,1850.63,992.64,146.87,3796.14,1634.16,3320.01,,7461.54,10753.78,256.61
2024-10-24,2839.64,1338.49,6909.42,2952.69,1164.01,10244.37,1739.2,696.95,265.77,1673.01,1480.19,421.01,1320.43,4605.29,267.2,2635.31,1764.63,857.46,723.0,709.79,2569.13,1240.68,4543.92,1787.54,439.44,314.51,951.89,352.79,3412.18,2740.98,11870.47,901.96,1150.98,393.22,246.85,297.47,1329.96,1718.78,770.58,624.03,1801.37,1010.46,146.08,3800.32,1671.25,3291.15,,7562.65,10685.32,256.47
2024-10-25,2843.59,1353.42,6926.26,2938.67,1185.99,10045.41,1741.25,699.77,267.74,1667.16,1476.53,424.56,1305.72,4590.48,256.0,2655.44,1778.98,865.8,716.02,689.44,2428.69,1237.7,4538.53,1789.51,433.78,317.01,955.53,352.59,3393.35,2802.48,11637.64,902.16,1116.53,386.73,245.13,303.37,1338.16,1639.45,782.29,636.61,1827.75,989.57,145.6,3850.67,1671.92,3322.0,,7443.55,10994.01,257.67
2024-10-28,2699.76,1320.43,6895.23,2950.91,1192.98,9953.83,1709.92,687.76,273.38,1644.4,1480.98,401.38,1311.68,4532.82,252.0,2590.58,1764.73,859.38,708.29,676.04,2469.16,1275.66,4192.91,1785.91,439.39,314.01,933.49,353.19,3285.36,2708.24,11381.61,936.92,1117.49,383.28,236.64,296.77,1331.68,1611.69,768.37,618.95,1834.05,965.89,142.67,3861.97,1647.12,3260.19,,7355.88,10930.71,254.72
2024-10-29,2801.61,1358.09,6929.99,2982.62,1175.4,9824.95,1724.31,686.67,267.94,1636.82,1494.04,394.46,1318.64,4627.99,254.95,2650.36,1790.21,851.56,716.02,687.86,2509.63,1291.39,4020.91,1792.94,442.17,317.21,969.84,348.3,3285.36,2739.99,11327.4,966.88,1121.95,392.98,239.09,298.28,1322.82,1600.72,780.33,634.23,1891.93,974.78,146.44,3887.5,1646.16,3275.94,,7306.97,11004.25,262.38
2024-10-30,2862.58,1373.27,6952.6,2968.79,1177.74,9577.27,1765.84,695.61,280.04,1614.3,1424.78,397.83,1264.98,4788.02,,2681.89,1779.93,859.38,742.2,685.92,2481.78,1313.86,3998.29,1779.34,444.86,,963.61,345.0,3348.72,2667.82,10861.44,974.18,1121.33,397.93,240.59,300.59,1329.69,1631.12,811.7,629.33,1839.27,983.96,144.72,3867.71,1641.44,3251.22,,7413.58,11044.99,263.64
2024-10-31,2966.43,1401.13,6971.82,2957.14,1164.5,9694.31,1744.35,690.64,284.49,1620.45,1543.56,401.38,1250.67,4806.67,248.0,2665.3,1759.85,852.48,721.11,681.85,2479.79,1297.24,4056.15,1736.51,448.55,319.45,955.43,345.07,3497.38,2686.12,11104.81,992.65,1125.39,395.4,239.13,302.33,1334.67,1624.74,803.86,623.06,1830.9,1017.46,145.68,3862.96,1619.74,3281.13,,7252.72,11086.53,264.72
2024-11-01,2958.53,1379.79,6994.53,2921.38,1163.06,9660.17,1761.14,688.75,283.21,1606.57,1548.56,403.73,1271.93,4921.04,244.4,2709.14,1699.59,854.94,719.96,682.49,2469.11,1280.07,4043.17,1713.78,447.64,324.49,967.3,347.52,3591.45,2757.84,11030.61,1023.82,1128.29,398.3,244.94,304.27,1327.75,1634.01,806.21,617.97,1830.9,995.17,146.25,3786.89,1573.47,3294.09,,7147.76,11010.16,258.58
2024-11-04,2933.55,1387.45,7061.56,2925.48,1171.0,9651.88,1753.85,693.22,285.53,1605.73,1567.26,406.71,1251.66,4938.42,242.93,2686.88,1686.2,860.86,718.21,683.98,2472.07,1280.22,4062.68,1674.93,449.88,326.29,962.46,348.4,3591.45,2782.15,11174.06,1026.82,1123.42,400.09,248.76,306.25,1332.53,1631.62,806.51,617.27,1816.13,990.66,146.58,3764.54,1568.61,3308.04,,7102.85,11076.79,258.25
2024-11-05,2895.96,1343.46,6892.24,2859.16,1137.98,9294.44,1713.27,680.3,279.11,1570.12,1566.86,395.08,1257.13,4770.0,,2581.21,1691.94,840.14,708.84,670.68,2445.87,1263.25,3964.2,1709.41,440.3,,952.34,343.9,3523.14,2852.58,10923.77,1028.81,1110.14,386.7,240.77,294.74,1287.86,1601.52,813.51,617.7,1776.76,977.85,143.65,3740.62,1592.23,3196.38,,6999.94,10914.47,254.5
2024-11-06,2916.55,1323.56,6991.84,2854.72,1170.8,9639.11,1731.26,689.25,284.05,1569.88,1593.18,403.09,1265.97,4848.09,243.3,2641.34,1713.08,873.94,715.02,700.86,2469.61,1290.29,3938.34,1713.3,437.8,323.45,997.31,351.61,3560.79,2886.81,11098.87,1041.8,1116.04,393.18,243.04,299.5,1304.79,1627.83,832.48,623.45,1787.14,994.63,150.49,3799.94,1603.55,3135.56,,7017.92,11154.3,256.59
2024-11-07,3043.49,1366.3,7287.15,2864.1,1167.6,9821.68,1744.15,696.32,297.38,1582.72,1583.09,403.09,1296.73,4854.21,257.0,2621.61,1769.46,860.52,706.75,677.03,2455.37,1287.22,4066.13,1760.84,439.21,326.49,1011.28,352.19,3613.65,2948.07,11184.1,1089.24,1118.5,397.24,245.58,301.01,1318.73,1599.78,844.05,629.14,1816.13,1000.09,152.55,3957.59,1647.34,3170.46,,6992.94,11170.74,265.28
2024-11-08,2963.63,1346.55,7360.41,2807.66,1155.01,9613.02,1738.15,686.22,296.74,1557.98,1558.45,400.84,1284.65,4812.6,256.2,2555.7,1758.84,864.32,707.54,649.98,2438.93,1260.28,3983.37,1765.74,435.7,321.2,991.33,348.6,3606.76,2886.81,11139.93,1086.0,1117.02,389.74,241.45,294.27,1292.49,1583.78,842.68,607.69,1771.64,981.72,148.54,3943.64,1613.32,3111.64,,6544.33,10959.63,264.82
2024-11-11,2926.55,1348.54,7370.32,2533.3,1151.02,9606.58,1726.71,681.79,293.93,1548.06,1573.29,389.47,1275.91,4701.04,244.75,2518.89,1766.26,865.58,702.16,642.74,2463.52,1252.34,3996.25,1776.43,435.84,313.51,985.35,348.6,3612.31,2938.74,11210.17,1068.92,1121.95,384.91,238.18,295.87,1273.86,1573.41,829.35,592.92,1788.96,985.89,144.21,3918.2,1625.76,3182.02,,6224.96,10945.62,266.69
2024-11-12,2908.56,1341.52,7132.52,2503.62,1170.65,9655.3,1724.16,677.72,296.4,1555.79,1534.66,389.01,1279.73,4726.71,259.95,2514.1,1808.63,874.18,705.6,663.14,2449.78,1266.38,4013.22,1817.32,435.43,311.71,984.35,348.56,3616.27,2907.84,11270.07,1028.81,1127.09,380.08,236.82,312.81,1270.48,1563.95,835.72,593.79,1773.71,968.77,142.33,4001.53,1661.92,3192.04,,6514.36,10901.4,269.5
2024-11-13,2858.58,1315.6,6942.04,2439.42,1150.92,9439.47,1689.18,659.43,284.54,1546.97,1500.47,381.18,1250.07,4639.84,258.08,2512.06,1784.72,846.93,693.08,643.28,2417.47,1260.87,3887.43,1807.61,428.54,309.52,950.94,342.41,3551.87,2853.08,11020.72,1013.03,1102.88,371.23,232.55,304.46,1265.2,1554.88,807.14,577.26,1762.98,957.9,140.33,3965.56,1632.76,3165.47,,6493.37,10735.25,267.16
2024-11-14,2822.6,1283.7,6832.48,2452.07,1136.58,9177.41,1664.19,653.2,278.61,1537.15,1481.18,374.92,1242.02,4664.96,261.5,2493.83,1790.45,825.39,679.62,625.41,2415.8,1244.15,3857.48,1811.98,429.59,302.28,932.54,337.61,3525.12,2792.56,10936.63,1009.24,1101.8,367.41,229.28,301.6,1248.61,1541.12,792.73,561.95,1751.85,943.01,136.53,3924.66,1616.24,3135.61,,6490.38,10658.44,266.67
2024-11-18,2825.4,1257.88,6846.88,2488.81,1130.23,9225.25,1633.2,659.23,279.6,1555.94,1481.67,381.13,1198.5,4817.48,274.3,2487.95,1777.97,838.66,685.11,637.23,2357.63,1250.35,3943.34,1796.05,424.85,319.5,932.54,342.41,3488.56,2821.33,10832.75,1053.88,1078.0,367.36,227.97,300.55,1262.56,1545.9,795.04,556.0,1770.85,922.96,136.31,3998.69,1637.38,3174.15,,6406.05,10565.13,265.61
2024-11-19,2829.6,1278.78,6722.92,2461.41,1129.04,9323.7,1622.16,655.39,276.64,1524.26,1449.52,382.98,1185.48,4817.53,271.94,2508.03,1756.98,845.57,686.15,646.36,2387.82,1247.42,3995.25,1773.03,426.67,319.5,947.3,345.56,3527.01,2822.33,10971.25,1007.84,1094.88,355.76,232.53,299.64,1255.73,1562.85,802.88,561.0,1702.98,928.12,138.76,3815.41,1618.08,3182.42,,6354.34,10616.75,260.6
2024-11-21,2538.09,1155.08,6596.98,2428.47,1137.03,9239.34,1595.22,657.34,275.1,1525.25,1454.46,380.31,1167.5,4827.7,273.7,2482.07,1755.07,863.03,678.52,636.33,2380.8,1238.99,4038.18,1789.05,420.29,316.51,938.47,342.62,3497.38,2938.89,10804.21,981.87,1085.31,351.61,230.67,302.46,1236.71,1508.33,782.78,558.63,1744.28,910.4,136.32,3839.14,1663.86,3215.32,,6394.46,10488.52,263.41
2024-11-22,2099.96,1067.41,6724.52,2404.03,1135.68,9309.07,1569.19,643.03,272.68,1520.29,1450.51,375.1,1191.44,4850.11,266.8,2531.19,1765.92,860.15,678.13,648.2,2347.61,1248.37,4067.13,1800.81,415.92,314.01,945.35,346.4,3467.66,2920.54,10788.23,940.86,1089.57,345.18,227.7,311.84,1224.51,1480.47,770.53,541.7,1757.07,909.51,136.96,3863.91,1666.53,3165.32,,6454.31,10929.72,263.39
2024-11-25,2313.85,1179.26,6952.0,2478.23,1159.01,9323.7,1617.21,674.83,286.52,1568.83,1480.09,387.63,1226.17,4935.01,273.25,2605.52,1835.41,880.62,688.1,655.29,2425.23,1286.08,4196.91,1860.93,436.7,318.35,972.38,355.99,3626.18,3050.49,11082.05,1013.78,1111.39,361.56,231.14,327.2,1284.87,1487.7,810.72,576.56,1777.74,943.01,141.64,4062.28,1710.51,3349.92,,6793.11,11377.88,269.74
2024-11-26,2264.48,1166.38,7066.54,2433.61,1156.11,9231.05,1614.11,668.08,290.47,1576.82,1498.99,385.28,1201.38,4944.88,273.8,2620.27,1807.77,892.93,682.11,658.07,2441.19,1300.56,4267.29,1850.19,437.61,320.95,952.44,358.59,3720.2,3029.16,10907.1,974.88,1117.03,357.7,239.0,327.35,1289.8,1490.29,827.39,584.0,1778.48,952.94,140.93,4101.24,1683.88,3300.07,,6769.14,11385.28,274.19
2024-11-27,2178.92,1096.66,7048.16,2490.6,1144.22,8948.22,1595.17,660.92,295.26,1556.14,1471.38,386.7,1204.36,4869.85,281.0,2610.3,1814.13,883.01,679.97,662.34,2430.29,1288.56,4230.45,1874.62,435.33,325.19,960.76,355.78,3669.77,3001.83,10818.9,994.8,1120.27,351.7,237.18,322.8,1288.35,1502.05,821.99,596.64,1732.56,956.91,141.02,4137.21,1692.04,3315.02,,6686.21,10951.18,277.24
2024-11-28,2438.79,1190.86,6954.69,2473.29,1147.52,8938.56,1604.22,667.28,304.3,1557.98,1469.4,386.7,1201.43,4857.02,285.6,2612.5,1802.98,897.37,680.12,656.19,2440.94,1291.09,4304.73,1859.86,434.88,328.44,966.25,356.24,3665.81,2971.13,10941.97,1013.78,1119.02,357.41,237.18,324.72,1284.82,1502.2,817.68,598.82,1722.08,952.94,140.72,4099.3,1707.59,3282.12,,6844.07,11103.62,274.54
2024-11-29,2462.83,1169.31,6839.5,2431.78,1132.58,8835.18,1581.13,647.9,302.03,1538.29,1474.25,382.38,1198.4,4776.07,285.0,2555.7,1761.76,888.64,668.15,647.75,2410.6,1273.28,4352.2,1797.89,431.41,325.04,956.42,351.0,3601.51,2879.86,10832.7,980.87,1095.87,351.17,236.07,317.15,1274.91,1437.26,824.54,602.27,1715.63,934.87,140.62,4005.33,1659.97,3202.71,,6744.16,10846.25,269.5
2024-12-02,2490.12,1196.08,6830.49,2453.1,1131.73,8854.39,1587.23,655.46,304.1,1613.66,1515.81,385.23,1206.6,4776.12,281.9,2596.4,1767.55,889.72,648.21,651.42,2439.96,1289.95,4375.11,1805.57,433.97,325.49,963.31,352.59,3672.6,2960.22,11031.6,973.83,1103.64,351.56,237.65,314.09,1282.88,1423.71,822.44,594.82,1771.84,951.6,140.83,4052.79,1661.92,3239.25,,6771.18,11136.11,272.99
2024-12-03,2462.78,1221.01,7075.9,2467.35,1143.42,8879.95,1596.32,665.51,305.29,1639.2,1501.02,391.31,1221.25,4759.04,279.7,2683.29,1801.93,899.2,645.02,660.56,2435.05,1293.97,4442.49,1832.76,424.85,330.83,992.33,351.59,3686.62,3017.46,11129.54,1026.72,1113.09,347.06,242.21,310.36,1311.76,1425.4,821.5,616.75,1802.6,951.0,143.41,4094.88,1710.51,3280.13,,6799.41,11601.21,276.86
2024-12-04,2526.75,1294.7,7187.7,2452.41,1156.51,8935.34,1618.21,666.07,312.2,1616.24,1513.83,388.64,1216.78,4774.15,283.0,2698.48,1800.02,906.74,633.25,662.69,2436.13,1292.63,4416.54,1829.85,432.51,341.57,993.42,350.0,3740.12,2979.07,11160.21,1036.8,1112.6,356.68,245.42,314.95,1320.73,1436.27,837.14,619.62,1782.17,948.97,143.65,4094.12,1693.11,3331.97,,6884.04,11791.46,276.21
2024-12-05,2503.76,1267.83,7228.14,2438.66,1163.01,8820.6,1635.95,671.85,310.23,1586.74,1491.07,385.0,1208.88,4735.64,288.25,2723.09,1802.89,917.6,648.41,659.17,2420.91,1306.17,4361.63,1845.39,426.26,346.21,988.34,352.39,3774.8,3025.64,11015.72,1073.36,1111.02,360.35,242.49,311.08,1309.12,1447.83,843.07,620.98,1780.4,957.9,143.16,4176.93,1710.12,3364.82,,6864.0,11671.02,276.53
2024-12-06,2518.75,1272.81,7233.87,2441.63,1166.5,8732.58,1639.2,683.38,310.72,1604.59,1497.26,386.7,1238.15,4788.9,300.0,2705.06,1842.1,916.12,643.22,668.55,2449.78,1332.22,4380.6,1877.24,428.5,342.52,997.21,354.37,3796.59,3050.99,11080.08,1097.28,1115.28,357.16,242.58,313.09,1318.63,1430.29,848.22,615.96,1787.44,962.86,144.14,4226.48,1746.47,3443.59,,7043.9,11863.8,280.42
2024-12-09,2506.66,1251.71,7134.02,2412.1,1183.24,8871.17,1641.2,680.81,309.83,1582.67,1464.36,384.86,1246.74,4824.05,304.7,2692.11,1831.58,914.46,636.14,662.09,2420.32,1311.98,4462.96,1868.89,429.86,337.97,1002.8,353.21,3831.76,3038.98,11200.77,1060.83,1117.02,358.57,241.88,313.71,1297.82,1449.22,842.09,610.76,1786.41,966.83,144.91,4205.08,1729.07,3457.1,,6978.95,11783.71,276.53
2024-12-10,2499.76,1266.74,7199.8,2374.25,1156.01,8850.79,1643.95,684.26,313.73,1597.2,1461.34,382.56,1242.12,4778.05,296.75,2693.1,1832.97,926.33,640.03,670.09,2365.04,1308.9,4467.45,1883.27,424.26,336.48,1018.26,356.24,3918.46,3023.66,11154.27,1115.71,1096.85,356.73,239.65,317.63,1284.12,1458.89,844.84,615.66,1792.51,931.6,146.77,4200.99,1716.53,3459.59,,6943.98,11671.02,286.84
2024-12-11,2467.78,1248.03,7226.6,2374.11,1149.02,8821.48,1666.29,691.72,311.12,1574.83,1440.71,383.02,1232.48,4760.28,290.0,2656.34,1842.34,918.44,633.05,666.12,2361.41,1314.56,4445.54,1898.81,425.94,334.18,1013.17,358.79,3886.9,3027.68,11109.66,1108.77,1094.88,356.97,239.51,313.23,1279.89,1450.72,850.42,629.46,1795.76,924.55,147.16,4206.41,1715.37,3474.29,,6887.93,11776.35,288.86
2024-12-12,2455.78,1227.83,7270.72,2387.21,1144.02,8870.19,1684.18,707.82,309.78,1565.41,1444.57,383.48,1236.96,4740.48,291.8,2673.28,1841.1,913.16,634.25,670.09,2341.82,1311.43,4415.74,1918.43,424.39,343.26,1002.3,357.59,3893.69,3060.21,11178.36,1130.7,1107.16,353.83,239.98,313.95,1264.95,1445.24,844.54,638.12,1790.54,930.11,147.43,4204.7,1718.33,3460.09,,7040.1,11868.77,288.72
2024-12-13,2502.76,1235.94,7192.03,2364.02,1140.03,8742.58,1666.29,705.55,309.24,1604.59,1429.83,376.67,1232.48,4726.71,279.0,2631.43,1854.54,918.83,623.28,658.17,2302.45,1315.2,4452.38,1913.13,419.38,336.48,992.33,351.27,3823.34,3026.68,11018.15,1170.75,1094.88,343.92,235.32,316.48,1254.99,1417.38,835.82,638.62,1776.51,912.49,146.58,4209.35,1730.92,3409.74,,6993.94,11725.67,289.75
2024-12-16,2528.75,1251.91,7222.56,2394.09,1145.52,8839.96,1674.18,713.88,312.01,1667.81,1432.7,377.96,1238.5,4758.3,289.0,2670.39,1885.0,920.11,630.81,656.49,2346.98,1334.6,4426.62,1938.09,428.72,338.72,1001.3,360.18,3846.13,3064.78,11135.03,1178.69,1108.91,345.27,236.25,319.55,1269.93,1424.11,842.88,625.22,1790.24,922.86,145.55,4232.17,1743.07,3494.48,,6993.94,11974.1,290.59
2024-12-17,2510.76,1229.12,7198.01,2362.48,1144.27,8767.59,1672.19,715.58,311.76,1636.82,1454.46,377.91,1261.0,4746.55,295.5,2675.27,1860.56,915.8,633.2,644.77,2310.7,1331.72,4403.01,1911.43,428.5,338.52,987.69,358.81,3827.35,3030.75,11142.4,1173.8,1095.37,340.29,234.16,318.25,1256.03,1417.03,841.65,617.54,1781.68,913.58,144.42,4185.67,1727.47,3411.78,,6993.94,11855.5,291.53
2024-12-18,2487.77,1230.02,7204.24,2331.62,1135.23,8606.87,1641.2,710.52,306.47,1607.96,1439.62,371.51,1244.01,4663.53,297.7,2597.55,1864.1,902.72,621.43,637.28,2307.45,1315.1,4379.4,1910.27,430.96,335.48,964.45,355.99,3772.02,3001.98,10966.31,1191.67,1084.03,337.93,230.12,313.95,1235.71,1410.15,834.25,586.4,1769.87,898.34,142.67,4092.37,1712.5,3390.99,,6929.75,11700.83,289.66
2024-12-19,2427.8,1181.75,7119.33,2300.16,1103.96,8604.92,1616.01,690.74,291.46,1573.25,1434.67,359.96,1266.96,4649.71,288.05,2560.68,1826.8,887.8,616.35,616.08,2304.46,1276.15,4248.07,1878.41,427.59,317.5,931.54,352.28,3667.94,2982.04,10771.42,1168.65,1075.2,325.79,223.23,304.38,1234.07,1375.52,808.37,565.34,1772.82,901.32,138.32,4064.18,1691.02,3339.55,,6988.95,11564.69,287.17
2024-12-20,2427.8,1199.17,7295.42,2272.45,1103.01,8728.78,1588.78,687.1,294.42,1596.65,1490.63,361.84,1317.64,4687.22,290.0,2520.83,1869.46,879.22,617.99,624.77,2309.47,1274.12,4459.46,1918.38,425.31,314.26,923.51,350.6,3682.01,2990.62,10822.86,1179.34,1062.9,326.57,224.63,307.53,1219.13,1397.84,818.47,581.74,1794.77,900.33,139.63,4108.79,1720.23,3339.95,,7118.83,11591.37,295.75
2024-12-23,2372.77,1184.19,7222.01,2275.42,1074.18,8631.2,1582.23,685.47,290.47,1572.85,1458.37,355.4,1353.42,4689.2,273.9,2486.65,1834.93,879.12,623.33,621.0,2294.64,1284.74,4461.41,1874.57,429.59,308.32,933.49,349.1,3636.09,2894.74,10810.99,1172.35,1067.82,324.73,221.61,304.38,1210.17,1396.0,801.21,572.43,1782.66,888.37,139.2,3986.4,1643.35,3367.96,,6864.05,11447.44,287.41
2024-12-24,2354.03,1192.2,7230.88,2257.71,1076.38,8528.85,1562.34,683.98,292.69,1576.82,1460.4,354.34,1338.51,4689.74,274.5,2505.88,1825.46,889.01,620.83,630.38,2288.85,1286.87,4472.44,1871.66,432.96,304.23,934.53,348.11,3614.24,2886.21,10706.12,1150.12,1058.81,323.96,224.16,300.64,1217.44,1402.33,808.03,567.9,1786.5,898.29,137.98,3946.77,1669.3,3375.19,,6969.96,11398.75,288.25
2024-12-26,2376.87,1181.25,7243.03,2259.59,1082.08,8592.24,1553.69,678.85,289.48,1570.77,1460.15,355.77,1342.39,4731.55,276.6,2491.19,1822.59,887.28,618.19,625.41,2289.98,1296.99,4645.1,1854.18,438.12,304.23,919.37,350.96,3624.2,2901.69,10655.17,1147.33,1062.01,324.15,223.23,296.81,1219.38,1389.37,797.0,569.73,1791.52,901.32,137.74,3966.89,1659.1,3354.9,,7041.85,11318.6,286.28
2024-12-27,2413.8,1242.41,7232.02,2245.99,1077.18,8676.36,1567.19,680.49,292.3,1586.24,1472.87,356.78,1354.46,4758.3,274.9,2473.05,1817.23,885.43,624.67,624.17,2300.53,1288.61,4717.03,1854.52,437.39,305.47,912.19,351.59,3598.84,2963.39,10812.47,1162.16,1062.4,325.46,223.23,297.44,1213.45,1405.37,800.23,578.52,1816.63,895.36,137.49,3951.23,1657.01,3309.89,,7094.85,11419.22,286.09
2024-12-30,2423.8,1227.78,7210.96,2255.88,1073.18,8707.32,1579.23,685.77,288.54,1591.69,1493.05,350.34,1380.84,4827.4,271.25,2479.98,1805.76,884.15,618.64,610.92,2299.06,1294.96,4670.96,1860.64,438.3,304.53,910.85,352.59,3574.56,3003.92,10823.9,1103.73,1069.79,323.86,219.56,295.76,1211.56,1386.68,786.21,573.77,1832.92,901.27,135.74,3939.84,1666.77,3300.02,,7133.12,11347.52,289.75
2024-12-31,2573.72,1216.08,7276.3,2255.64,1061.09,8553.23,1569.19,682.78,281.08,1569.88,1501.86,347.94,1361.66,4765.21,278.0,2421.19,1831.77,873.35,615.5,597.02,2297.59,1277.05,4586.25,1837.91,436.2,303.38,895.64,346.61,3529.63,2970.53,10649.73,1142.38,1060.44,319.12,216.4,294.18,1203.19,1395.15,771.46,570.83,1847.44,892.39,133.75,3924.66,1680.38,3240.25,,6947.98,11199.01,282.11
2025-01-01,2534.74,1217.08,7290.64,2255.64,1063.24,8537.67,1564.24,678.12,289.63,1579.79,1515.76,353.14,1379.7,4767.19,279.0,2431.16,1833.88,874.9,613.4,597.12,2282.86,1271.84,4573.87,1820.13,443.08,298.43,898.73,355.44,3566.74,2983.13,10741.74,1126.85,1067.82,321.93,221.2,295.47,1210.02,1387.63,779.89,571.05,1860.33,906.28,134.95,3886.12,1652.78,3238.25,,7114.84,11339.12,281.22
2025-01-02,2564.43,1217.87,7375.3,2289.27,1071.08,8524.46,1580.53,693.72,290.91,1586.64,1518.68,357.61,1362.81,4822.47,277.9,2436.14,1828.66,876.7,615.3,590.57,2287.77,1275.26,4597.23,1832.76,442.49,305.52,907.06,359.59,3642.63,3075.29,11164.17,1144.68,1067.32,322.55,220.49,296.58,1216.39,1399.39,779.35,578.59,1862.4,914.22,133.88,3910.42,1660.94,3254.21,,7093.85,11427.56,279.35
2025-01-03,2578.72,1228.52,7398.16,2318.95,1085.07,8875.07,1699.17,734.44,292.94,1601.61,1522.73,361.84,1366.38,5256.84,285.0,2531.99,1893.75,883.56,617.29,594.64,2338.68,1276.35,4556.25,1896.81,446.96,306.22,911.55,369.77,3673.74,3189.38,11723.07,1158.66,1082.68,326.81,231.09,302.8,1238.95,1423.56,785.43,602.76,1848.62,925.84,135.03,3967.32,1664.05,3384.81,,7343.64,11724.68,284.31
2025-01-06,2556.38,1193.74,7269.07,2310.99,1086.82,8782.37,1714.16,745.4,289.03,1582.92,1484.15,362.81,1351.83,5242.77,274.5,2507.88,1866.25,858.45,625.27,588.29,2374.17,1258.34,4458.47,1895.89,431.37,307.22,912.59,363.78,3650.7,3184.02,11801.27,1180.54,1103.98,330.34,241.01,302.27,1248.96,1445.24,781.7,597.05,1821.55,928.12,135.21,3896.66,1656.81,3479.53,,7301.37,11727.61,276.53
2025-01-07,2473.42,1157.42,7436.3,2247.72,1063.64,8650.76,1691.18,730.98,278.76,1580.78,1474.25,350.38,1343.48,5182.9,256.95,2451.68,1874.62,846.06,604.33,568.88,2334.06,1256.8,4292.75,1889.09,421.8,297.54,899.13,356.99,3573.77,3085.21,11629.78,1168.65,1077.76,316.13,241.04,292.89,1217.14,1442.25,764.5,586.42,1819.63,945.0,129.75,3905.63,1645.39,3479.53,,7004.13,11442.42,275.88
2025-01-08,2519.3,1177.82,7418.87,2262.61,1062.84,8559.08,1680.18,731.67,283.55,1585.5,1488.99,349.92,1360.87,5145.48,251.7,2459.9,1823.26,842.73,618.34,578.51,2347.66,1270.74,4344.96,1874.52,419.44,300.03,907.56,355.61,3628.16,3110.01,11600.44,1218.69,1093.9,319.51,247.83,293.03,1244.03,1473.84,765.53,585.04,1833.46,947.97,130.88,3829.65,1621.05,3477.19,,6863.6,11545.37,274.66
2025-01-09,2515.75,1151.1,7111.36,2316.87,1078.68,8504.41,1696.17,729.34,277.87,1586.74,1474.35,351.3,1371.3,5119.91,251.6,2426.22,1842.87,830.84,614.4,575.78,2361.46,1248.37,4270.78,1878.46,425.5,298.04,898.58,354.39,3566.64,3079.06,11695.42,1205.56,1090.18,313.27,253.03,293.51,1261.96,1453.01,755.97,571.99,1812.2,950.41,128.99,3892.38,1616.92,3475.49,,6713.18,11331.72,278.41
2025-01-10,2478.77,1129.41,7061.56,2310.64,1055.35,8614.13,1681.18,723.28,276.64,1594.67,1467.42,341.96,1357.49,5084.08,244.9,2391.3,1851.67,824.36,608.37,581.73,2391.26,1249.36,4251.81,1881.32,426.02,289.55,888.56,356.43,3467.61,3085.21,11564.83,1206.61,1118.03,309.7,245.56,291.02,1248.86,1465.07,745.38,557.46,1796.89,958.1,126.97,3986.35,1606.62,3451.61,,6595.29,11132.68,275.88
2025-01-13,2363.83,1095.57,6971.92,2267.26,1025.72,8489.35,1688.78,719.56,261.82,1566.9,1444.57,337.08,1345.52,4945.87,240.0,2321.5,1908.0,809.06,605.33,567.44,2373.24,1225.44,4093.08,1899.78,411.86,277.37,893.54,346.18,3473.16,3029.31,11345.7,1121.01,1104.72,291.09,247.44,282.36,1225.11,1473.44,726.9,522.05,1756.68,938.25,123.13,4029.06,1650.3,3369.86,,6457.06,10632.6,280.24
2025-01-14,2240.39,1073.63,6827.1,2244.75,1052.05,8406.93,1688.18,718.57,259.84,1591.4,1420.82,336.06,1326.74,4886.69,233.95,2299.63,1851.76,809.01,603.33,565.75,2420.32,1223.91,3954.37,1912.26,417.54,267.03,880.13,349.52,3433.83,2976.09,11410.45,1101.13,1107.77,290.46,239.53,275.42,1239.15,1470.15,718.52,519.0,1727.54,958.6,120.14,4083.16,1622.94,3389.8,,6232.0,10503.42,273.53
2025-01-15,2397.81,1119.55,6722.53,2224.97,1042.11,8410.74,1720.26,729.55,268.73,1594.72,1439.57,342.42,1336.52,4973.41,235.0,2318.47,1756.02,817.2,602.83,589.68,2330.87,1224.55,4046.76,1891.04,413.38,274.57,907.56,351.61,3439.22,3032.73,11763.23,1083.65,1091.95,302.16,242.67,282.36,1240.0,1499.56,738.32,536.78,1745.06,956.06,125.08,4003.43,1611.38,3312.03,,6194.63,10473.61,274.66
2025-01-16,2498.76,1174.24,6732.88,2215.07,1033.02,8407.91,1679.18,715.58,270.11,1605.63,1436.41,348.45,1332.45,5046.61,250.0,2321.55,1753.15,815.4,628.36,591.66,2333.87,1235.57,4083.1,1909.44,414.75,276.57,907.56,358.75,3502.34,2954.41,11853.16,1052.14,1085.09,313.9,241.84,286.19,1253.89,1481.12,745.43,527.47,1747.28,952.94,125.08,4043.3,1647.34,3317.02,,6492.38,10523.3,277.38
2025-01-17,2448.79,1157.37,6792.59,2201.87,999.15,8354.12,1685.28,717.67,272.14,1616.59,1428.24,349.88,1289.82,4940.93,244.7,2354.53,1712.97,810.79,638.24,599.45,2307.41,1233.83,4093.08,1797.8,409.97,279.56,904.36,358.99,3491.44,2946.28,11972.32,1050.04,1073.06,314.48,243.7,284.9,1316.99,1514.51,751.22,538.3,1751.17,935.07,124.99,4020.94,1637.38,3309.94,,6211.57,10569.21,269.78
2025-01-20,2412.55,1166.33,6873.32,2247.97,991.2,8387.43,1685.48,713.81,279.8,1624.42,1427.06,358.71,1300.1,4948.19,251.0,2371.42,1729.49,802.16,640.23,612.56,2313.74,1214.53,4110.05,1770.55,415.65,278.57,906.16,377.56,3541.87,2886.81,12016.98,1025.47,1092.03,315.35,249.37,289.64,1310.76,1542.72,753.86,503.29,1761.35,952.94,128.0,4007.31,1616.24,3363.98,,6204.62,10520.71,283.1
2025-01-21,2440.54,1144.43,6810.57,2256.18,992.75,8370.31,1744.15,740.43,282.37,1640.29,1435.17,357.24,1294.14,4967.93,223.0,2396.18,1730.75,818.07,634.25,621.49,2310.84,1227.48,4123.03,1766.76,414.7,275.57,922.52,383.75,3579.37,2876.99,11888.38,1066.77,1094.88,326.57,249.32,293.85,1305.29,1494.77,769.35,510.18,1744.37,953.98,129.05,3958.5,1627.51,3390.75,,6085.33,10610.24,283.47
2025-01-22,2397.81,1110.1,6880.29,2245.74,974.92,8271.18,1719.16,729.4,275.65,1614.01,1415.97,351.26,1282.86,4916.25,207.15,2372.32,1746.98,810.25,627.27,610.52,2300.09,1191.8,4023.2,1755.45,416.5,261.29,929.5,379.36,3530.08,2825.3,11772.63,1071.76,1080.83,316.13,247.42,289.06,1273.21,1461.28,747.0,512.5,1749.2,969.71,127.28,3914.71,1596.51,3344.73,,5731.03,10632.6,280.61
2025-01-23,2381.82,1096.91,6864.6,2237.93,953.19,8230.56,1741.7,729.6,265.57,1611.03,1417.41,347.57,1280.88,4932.64,219.65,2379.34,1755.53,832.25,616.3,606.55,2273.04,1188.08,3982.32,1804.59,411.86,263.09,916.58,380.98,3459.73,2803.92,11876.46,1063.77,1079.7,310.33,244.63,284.75,1264.95,1453.26,735.24,510.82,1760.12,960.23,124.94,4028.77,1624.01,3346.38,,5615.14,10622.67,291.63
2025-01-24,2386.57,1098.8,6887.51,2258.6,947.19,8206.42,1750.15,739.76,270.66,1620.5,1429.97,355.45,1222.2,5068.28,221.0,2457.41,1739.06,818.93,618.84,604.27,2290.57,1193.89,4155.08,1811.88,416.03,255.6,927.5,377.76,3482.03,2852.09,11802.26,1078.76,1083.56,314.0,244.62,282.65,1260.96,1446.53,735.14,523.92,1800.38,981.48,127.53,3966.91,1670.66,3396.78,,5715.05,11180.13,299.03
2025-01-27,2308.91,1079.85,6673.12,2231.2,942.29,8170.97,1714.01,733.48,263.79,1625.36,1393.22,350.7,1216.68,5123.57,213.0,2466.53,1714.9,809.61,616.3,595.68,2322.13,1185.85,4128.57,1795.61,417.35,242.62,898.68,374.57,3415.35,2750.2,11774.46,1039.15,1073.75,312.89,237.18,282.36,1234.17,1430.29,725.43,517.96,1789.65,981.77,126.08,3964.97,1661.92,3377.83,,5472.26,11189.08,297.91
2025-01-28,2273.07,1081.74,6672.13,2235.85,959.18,8218.17,1732.11,734.47,260.33,1594.32,1380.31,346.19,1190.1,5093.95,206.25,2449.09,1653.99,812.52,609.27,585.8,2357.48,1237.8,4200.6,1777.4,416.6,236.63,920.92,378.56,3432.93,2812.41,11889.66,1013.83,1070.15,311.78,232.53,274.85,1233.08,1415.34,742.1,512.2,1751.95,963.81,123.49,3934.82,1609.39,3309.39,,5479.25,11144.36,290.63
2025-01-29,2295.86,1079.75,6713.96,2217.84,987.16,8212.02,1776.08,761.03,255.89,1606.57,1424.78,342.97,1179.92,5015.52,211.0,2394.29,1638.58,826.33,610.31,572.3,2341.92,1242.41,4280.22,1791.97,412.76,234.63,911.15,377.13,3399.3,2860.96,11990.23,1009.83,1061.08,309.36,231.51,273.12,1231.08,1414.84,738.18,523.13,1678.82,954.18,126.06,3918.58,1617.16,3329.18,,5490.24,11225.2,291.64
2025-01-30,2323.85,1098.56,6759.03,2199.39,983.81,8445.9,1824.11,780.19,265.62,1593.38,1415.88,351.44,1180.51,5116.56,223.0,2449.79,1663.7,829.29,622.98,582.63,2340.79,1240.43,4285.86,1819.31,409.97,240.28,935.38,383.63,3423.08,2901.04,11892.28,1038.9,1077.17,311.53,234.39,275.52,1230.64,1461.08,743.62,545.15,1713.22,958.84,127.82,3962.94,1637.62,3360.54,,5595.15,11472.13,297.32
2025-01-31,2237.74,1079.75,6794.88,2230.9,981.16,8582.49,1712.77,787.64,280.49,1625.51,1444.57,354.57,1194.42,5098.88,219.0,2482.67,1651.19,832.37,636.24,585.7,2357.97,1244.89,4220.62,1817.22,413.28,236.63,947.2,380.17,3468.7,2946.33,11871.51,1044.79,1091.12,314.16,239.05,284.28,1250.85,1474.84,749.84,540.67,1714.74,962.86,128.13,3972.71,1627.9,3389.8,,5564.18,11416.29,297.99
2025-02-01,2295.86,1100.55,6782.98,2287.29,988.66,8668.21,1746.15,783.17,292.39,1613.51,1463.76,369.89,1212.71,5148.05,220.35,2490.94,1667.56,837.43,637.29,589.68,2430.14,1241.57,4332.68,1826.25,424.17,244.02,945.3,379.36,3544.94,2966.17,12188.08,1072.21,1138.18,317.67,241.42,288.73,1260.07,1470.75,759.55,542.15,1712.78,1018.45,131.92,3975.61,1627.41,3516.42,,5775.0,11472.18,298.81
2025-02-03,2265.63,1078.75,6754.4,2326.03,986.26,8923.84,1734.16,787.36,274.51,1606.47,1419.83,358.78,1192.44,5503.64,233.99,2409.24,1608.63,823.86,613.8,570.81,2459.6,1237.3,4475.39,1783.23,437.43,238.63,912.54,378.28,3388.4,3032.24,12850.91,1123.7,1145.17,302.13,237.74,277.58,1246.02,1429.64,747.78,519.49,1753.58,1059.5,128.3,3896.25,1584.16,3554.3,,6204.62,11050.21,289.68
2025-02-04,2277.77,1094.67,6757.78,2280.02,993.15,8728.78,1799.12,837.33,272.68,1648.37,1410.83,352.7,1199.39,5465.68,242.0,2456.07,1637.71,833.09,626.22,576.27,2405.59,1253.13,4396.12,1834.7,433.64,236.03,933.84,377.77,3285.36,3199.3,13108.13,1148.87,1142.81,306.75,234.77,268.96,1243.09,1456.45,751.9,550.16,1721.93,1032.35,129.77,3947.28,1615.99,3579.23,,6164.61,11129.55,304.02
2025-02-05,2313.8,1120.55,6798.77,2244.75,1019.73,8709.27,1810.12,844.79,282.22,1656.15,1442.44,353.17,1219.27,5380.24,234.0,2489.94,1671.43,854.94,624.27,580.24,2408.54,1260.47,4362.58,1851.21,430.94,246.27,938.57,387.11,3412.82,3163.63,12969.62,1178.64,1123.82,312.75,240.91,273.36,1277.55,1467.56,764.65,570.94,1746.05,1027.48,130.12,4011.37,1616.09,3585.21,,5760.71,11446.54,303.83
2025-02-06,2338.84,1150.01,6809.97,2262.76,1011.14,8701.47,1807.12,848.19,285.48,1652.09,1428.69,357.66,1227.12,5358.62,233.47,2489.94,1665.48,856.18,624.72,596.67,2356.5,1265.24,4497.4,1861.9,426.06,252.21,948.0,382.96,3372.55,3144.74,12920.16,1183.63,1116.53,314.31,244.3,275.18,1268.63,1465.17,753.86,564.02,1735.97,1012.89,131.43,3968.26,1623.04,3480.43,,5839.94,11504.28,305.93
2025-02-07,2311.3,1154.38,6893.69,2241.79,1018.63,8670.8,1800.12,853.24,277.38,1621.49,1457.93,354.57,1232.19,5299.93,230.7,2494.92,1664.81,863.33,630.21,591.12,2336.86,1262.26,4417.53,1864.13,416.6,248.01,948.4,383.76,3335.89,3142.75,12920.16,1131.69,1106.35,305.44,239.96,264.46,1271.07,1467.61,744.84,561.94,1734.39,1024.31,130.26,3953.37,1627.9,3404.65,,5316.79,11428.66,304.97
2025-02-10,2348.84,1144.43,6789.85,2246.78,1020.13,8767.2,1804.02,842.68,275.55,1684.77,1460.6,352.24,1231.89,5330.88,233.35,2475.99,1665.58,847.2,634.25,600.6,2327.93,1247.57,4357.24,1850.24,404.29,248.89,971.38,386.61,3316.87,3183.62,12910.27,1138.69,1106.85,308.36,236.17,266.3,1259.47,1458.09,725.43,555.8,1724.34,1012.5,134.95,3905.05,1635.67,3404.75,,5455.27,11447.44,304.78
2025-02-11,2310.85,1138.66,6772.62,2254.65,1008.14,8611.74,1791.53,824.81,270.51,1691.86,1449.52,345.7,1212.31,5073.07,227.0,2451.08,1683.79,840.14,630.51,589.73,2328.03,1246.23,4317.85,1828.97,405.99,241.62,947.5,392.47,3329.89,3121.77,12761.82,1075.91,1099.94,304.32,230.0,260.2,1259.52,1443.44,722.93,560.06,1708.44,1022.32,129.97,3884.17,1658.03,3324.69,,5207.04,11424.58,305.45
2025-02-12,2323.85,1134.48,6324.13,2217.89,999.15,8516.17,1748.15,809.97,261.77,1689.87,1437.79,336.26,1210.32,4886.64,213.01,2470.01,1665.53,835.21,616.4,594.69,2283.55,1247.57,4309.57,1830.82,397.35,232.64,950.34,384.25,3228.89,3044.09,12564.02,993.95,1096.45,298.33,226.73,251.29,1214.6,1422.76,718.72,532.9,1689.87,1011.5,126.4,3838.45,1632.76,3272.9,,5223.82,11228.82,299.67
2025-02-13,2352.83,1128.31,6346.69,2204.44,1002.14,8499.64,1803.07,814.68,256.04,1695.82,1433.88,338.22,1209.23,4788.56,218.01,2472.01,1654.04,838.17,627.42,591.71,2287.87,1242.96,4334.03,1814.79,394.27,227.82,951.44,392.15,3259.25,3000.84,12539.28,1003.49,1086.42,298.28,226.25,249.11,1212.21,1447.38,719.94,541.26,1683.49,1022.17,129.27,3835.45,1627.9,3240.5,,5242.11,11427.56,296.66
2025-02-14,2244.59,1114.58,6360.65,2212.5,1009.69,8484.96,1852.6,835.7,259.05,1699.79,1462.38,340.0,1215.79,4769.26,218.54,2489.94,1653.07,839.6,628.26,604.57,2279.91,1242.51,4359.63,1800.71,396.0,229.64,970.29,394.35,3244.79,2975.1,12564.02,1002.84,1078.39,298.96,222.93,252.16,1214.15,1465.67,716.56,545.17,1730.38,1020.34,133.14,3793.89,1637.62,3226.59,,5263.44,11516.0,296.42
2025-02-17,2151.58,1053.82,6133.99,2207.46,991.6,8284.05,1840.4,816.98,245.96,1697.56,1442.05,330.93,1189.31,4639.84,213.19,2422.49,1653.31,831.36,624.47,601.79,2276.33,1241.57,4168.95,1785.7,394.13,221.9,962.01,390.55,3183.86,2917.36,12466.67,985.66,1087.46,289.85,218.38,248.77,1206.28,1455.7,704.9,531.36,1683.98,1014.48,129.88,3727.67,1609.34,3185.66,,5105.58,11148.33,294.55
2025-02-18,2238.89,1077.66,6303.55,2223.98,992.1,8299.75,1891.08,837.83,246.01,1677.97,1459.06,336.59,1191.39,4707.95,220.0,2471.01,1648.24,845.1,622.28,604.57,2287.18,1243.31,4292.75,1789.35,392.39,223.21,972.38,387.96,3197.18,2821.33,12628.27,1044.74,1097.68,293.41,220.28,255.5,1219.98,1471.4,713.38,545.17,1697.55,1011.6,131.23,3768.17,1621.1,3225.09,,5095.59,11377.88,291.92
2025-02-19,2164.93,1056.46,6331.73,2213.69,990.8,8231.43,1890.13,840.73,237.81,1656.15,1439.57,336.35,1158.65,4639.84,220.6,2439.13,1664.86,847.05,615.3,602.58,2257.08,1225.39,4328.68,1794.3,389.32,220.68,972.98,392.34,3190.4,2728.08,12590.73,1038.25,1092.48,303.2,223.88,254.19,1214.65,1470.15,707.84,542.05,1648.93,1016.47,131.43,3742.85,1646.41,3210.34,,4955.71,11218.89,297.56
2025-02-20,2179.72,1069.0,6367.64,2215.17,1007.54,8250.84,1866.94,830.46,248.97,1626.25,1446.55,336.35,1157.16,4718.81,231.5,2442.12,1647.47,844.09,621.28,622.44,2209.61,1245.74,4388.98,1753.65,384.65,227.65,974.38,396.0,3229.93,2723.22,12514.55,1022.52,1091.96,304.51,224.64,254.43,1219.08,1468.16,710.63,551.15,1650.96,1012.5,132.19,3635.85,1632.76,3200.37,,4955.71,11219.98,297.52
2025-02-21,2189.36,1106.32,6345.74,2225.02,1011.14,8338.67,1871.29,830.87,256.38,1629.87,1473.26,343.41,1163.32,4825.43,233.0,2431.16,1632.78,829.24,616.1,634.55,2207.3,1231.6,4492.41,1769.43,386.67,235.63,976.47,393.66,3245.53,2792.76,12287.01,1030.71,1097.91,314.99,229.48,256.9,1223.81,1464.87,712.98,574.75,1661.75,1000.58,134.77,3649.96,1611.13,3181.87,,5083.6,11194.04,299.05
2025-02-24,2127.9,1078.01,6258.67,2221.9,1000.49,8241.63,1867.09,827.69,247.98,1613.51,1444.57,343.87,1144.54,4872.82,219.98,2403.26,1627.95,829.34,614.3,637.33,2189.58,1217.31,4494.41,1748.31,384.7,230.64,968.39,387.21,3259.3,2647.73,12117.2,998.85,1089.02,313.82,224.17,249.83,1211.71,1475.14,696.51,569.95,1613.92,982.72,135.65,3618.11,1584.16,3121.61,,4994.27,10939.31,289.63
2025-02-25,2114.1,1069.4,6234.73,2222.2,1003.14,8241.14,1856.9,830.37,253.27,1583.76,1455.45,340.09,1159.79,4963.64,224.2,2383.33,1580.61,824.41,615.35,631.37,2202.35,1217.21,4532.34,1694.99,386.62,229.23,964.4,393.35,3203.13,2718.16,12256.1,993.25,1100.63,311.87,222.93,250.61,1206.18,1475.14,704.8,575.69,1623.57,986.69,135.33,3503.91,1562.83,3130.58,,5085.59,10973.1,281.41
2025-02-27,2142.69,1077.76,6244.71,2190.34,1006.79,8153.46,1881.23,849.02,254.01,1629.78,1436.65,335.42,1121.39,4897.0,226.0,2364.4,1565.15,830.06,623.28,620.55,2228.51,1215.77,4436.0,1704.75,389.37,226.01,956.18,393.95,3208.08,2814.39,12397.52,1026.62,1119.32,307.24,221.51,245.96,1207.98,1459.19,701.91,575.2,1613.13,997.61,134.08,3491.05,1530.71,3189.2,,4946.71,10731.97,281.07
2025-02-28,2105.96,1068.8,6129.06,2186.38,1013.93,8031.21,1910.12,861.19,247.0,1628.34,1424.78,342.71,1121.59,4847.2,226.0,2338.64,1557.42,831.26,612.31,625.41,2204.36,1206.69,4462.36,1704.6,383.74,218.92,965.5,386.96,3170.23,2673.62,12206.39,1008.44,1119.72,305.93,218.19,247.8,1197.22,1455.2,687.1,603.55,1654.77,987.68,134.66,3465.2,1525.85,3192.39,,4755.88,10423.93,281.07
2025-03-03,2107.95,1069.75,6009.92,2156.46,1016.18,7738.82,1883.78,848.37,244.53,1565.91,1385.2,345.7,1111.3,4765.21,222.05,2320.06,1521.72,858.3,606.82,629.83,2159.14,1201.23,4471.39,1643.66,380.81,209.67,956.42,380.67,3136.7,2592.97,11758.73,959.89,1083.69,303.3,213.21,244.99,1199.21,1427.84,676.56,618.74,1569.9,956.61,133.88,3368.58,1457.82,3080.73,,4895.81,10254.25,267.16
2025-03-04,2084.07,1042.88,6117.04,2131.03,1000.25,7462.96,1828.86,846.99,250.84,1575.83,1387.63,332.71,1104.1,4824.44,220.6,2347.46,1507.18,837.68,611.41,623.43,2140.44,1197.91,4427.17,1646.28,380.28,199.68,957.42,379.79,3141.75,2540.59,11564.83,960.39,1069.7,303.3,208.8,242.09,1157.58,1387.63,679.36,612.11,1569.6,938.15,133.05,3357.95,1433.52,3040.85,,4894.66,10185.44,266.73
2025-03-05,2152.88,1051.68,6183.86,2109.22,1002.14,7150.97,1786.13,840.31,261.82,1564.92,1380.35,338.27,1113.44,4746.45,229.0,2395.29,1480.13,839.63,611.31,633.36,2112.99,1207.68,4612.21,1643.8,379.41,206.68,972.38,380.18,3183.31,2640.73,11480.74,965.39,1044.94,305.49,215.46,248.82,1156.38,1386.58,703.43,620.02,1549.4,941.52,135.83,3403.24,1446.4,3039.35,,4982.68,10322.47,269.03
2025-03-06,2258.88,1112.79,6238.72,2166.45,1021.73,7296.09,1817.91,831.37,272.89,1604.59,1409.89,345.74,1127.85,4931.65,231.44,2392.94,1526.5,832.25,619.49,660.11,2135.58,1218.55,4742.64,1665.7,393.5,221.65,1010.28,388.35,3220.07,2726.1,11575.71,1020.82,1083.07,320.54,219.6,256.76,1192.24,1412.44,721.51,632.1,1582.73,956.91,143.44,3438.18,1497.67,3081.92,,5170.02,10473.41,275.77
2025-03-07,2248.84,1130.7,6275.87,2243.47,1032.82,7277.8,1844.25,835.83,272.49,1615.49,1450.46,357.47,1132.91,5029.19,223.89,2371.37,1529.07,829.78,616.6,673.66,2186.34,1201.83,4787.91,1654.15,388.12,219.66,1008.28,382.96,3229.78,2699.61,11525.26,1003.74,1090.01,327.21,220.66,257.58,1211.16,1419.38,717.64,637.59,1608.22,949.96,146.33,3479.74,1459.72,3111.74,,5070.61,10434.86,274.76
2025-03-10,2243.89,1140.45,6190.25,2245.74,1035.12,7385.81,1843.85,838.6,275.25,1626.4,1442.94,355.69,1127.8,5057.42,217.41,2398.52,1504.28,833.24,623.33,684.78,2167.98,1198.75,4658.13,1637.54,385.71,222.25,1008.43,386.05,3216.01,2673.52,11475.79,978.87,1108.93,320.98,220.93,252.79,1240.05,1417.03,718.33,624.92,1606.19,952.94,148.11,3486.03,1450.39,3070.76,,4985.68,10522.3,271.94
2025-03-11,2222.05,1131.79,6114.05,2249.7,1029.52,7173.69,1829.11,825.41,270.17,1616.49,1432.7,346.63,1109.96,4886.64,205.01,2363.4,1478.15,829.98,621.28,679.02,2199.4,1207.88,4594.54,1631.71,386.14,214.37,1001.15,384.16,3141.01,2663.35,11455.51,956.45,1109.72,318.59,209.56,261.45,1235.07,1401.05,710.63,617.65,1600.4,948.97,144.72,3439.15,1423.32,3005.95,,4735.6,10345.42,264.82
2025-03-12,2268.88,1133.49,6118.14,2262.96,1024.32,7314.57,1813.12,828.99,276.96,1675.99,1426.76,354.62,1109.56,4921.19,209.09,2404.8,1503.32,834.5,635.19,694.9,2177.16,1237.4,4662.07,1589.85,390.86,219.66,1021.95,387.55,3175.39,2624.51,11496.37,993.65,1113.78,322.49,215.44,262.13,1253.0,1423.02,716.22,632.29,1645.86,944.65,147.56,3445.91,1439.35,3028.29,,5006.26,10413.99,265.49
2025-03-13,2247.89,1129.5,6139.08,2231.15,1014.13,7358.75,1827.11,844.79,281.15,1637.11,1441.01,356.44,1098.19,4966.11,208.2,2393.29,1488.44,846.58,629.26,685.18,2145.4,1241.47,4732.0,1553.28,397.2,227.53,1012.17,394.68,3172.66,2655.76,11510.22,993.5,1090.55,323.46,216.44,261.26,1255.04,1409.74,711.61,631.3,1655.76,943.01,148.54,3385.31,1401.45,3010.34,,5025.65,10453.74,256.74
2025-03-17,2198.91,1109.4,5986.38,2181.44,1010.24,7314.62,1819.11,834.77,279.16,1598.83,1444.42,355.23,1100.92,4871.83,200.0,2373.12,1476.27,841.13,620.68,673.31,2121.83,1247.42,4702.05,1500.74,397.2,222.77,1004.84,395.56,3160.52,2614.0,11390.52,994.05,1077.4,324.39,214.89,261.45,1237.21,1390.07,714.55,606.96,1677.59,939.14,148.53,3372.45,1402.37,2976.09,,5018.05,10480.07,252.39
2025-03-18,2251.58,1131.64,6140.63,2195.83,1033.27,7301.01,1870.69,852.77,278.1,1625.56,1476.82,360.41,1143.45,4985.6,204.28,2390.65,1492.83,843.79,628.06,675.79,2131.9,1259.28,4772.39,1544.35,394.32,220.76,1003.0,398.16,3144.13,2683.59,11429.99,996.75,1076.81,323.12,217.94,258.89,1233.92,1432.26,708.92,616.71,1687.74,933.53,148.35,3380.86,1399.6,3008.3,,5155.08,10480.67,248.42
2025-03-19,2318.8,1154.38,6258.92,2249.7,1046.91,7484.32,1854.1,864.66,284.13,1621.44,1498.99,364.43,1166.6,5065.32,218.5,2417.21,1505.73,855.93,640.23,697.88,2167.0,1295.6,4802.88,1556.92,394.32,226.92,1033.22,407.38,3244.74,2772.72,11574.72,1023.97,1092.73,330.28,220.56,263.39,1236.11,1455.93,725.04,638.92,1730.82,940.53,153.23,3428.51,1390.42,3078.78,,5271.48,10642.54,250.48
2025-03-20,2346.84,1179.26,6448.17,2265.53,1055.35,7543.76,1841.35,867.15,292.88,1646.24,1483.8,371.58,1171.52,5063.35,226.0,2455.87,1495.44,865.3,663.17,697.39,2163.95,1309.89,5031.5,1546.24,389.51,230.64,1035.21,405.73,3304.43,2781.4,11574.62,1097.08,1091.49,335.84,221.49,274.53,1246.87,1489.93,733.28,682.76,1718.79,946.09,156.35,3394.68,1363.69,3090.7,,5242.46,10862.3,257.36
2025-03-21,2342.64,1176.28,6477.1,2267.16,1053.45,7772.03,1877.09,898.45,299.03,1695.48,1497.9,370.36,1182.7,5181.96,220.0,2470.91,1483.12,866.07,675.93,709.79,2204.31,1305.92,5063.44,1532.59,390.42,231.64,1049.17,407.53,3325.98,2816.47,11653.87,1124.75,1109.77,333.21,223.69,272.11,1269.93,1497.92,735.19,662.03,1741.91,960.88,155.41,3358.92,1350.96,3177.39,,5219.98,10949.59,252.39
2025-03-24,2368.83,1190.21,6632.1,2277.8,1081.08,7917.15,1854.45,904.02,294.96,1725.57,1508.93,381.15,1197.41,5257.33,228.8,2469.67,1537.13,877.64,677.73,699.72,2209.46,1345.57,5046.77,1552.02,391.43,231.54,1060.15,419.52,3417.13,2792.86,11653.82,1173.3,1125.71,347.82,231.65,275.98,1285.86,1547.85,743.08,669.89,1777.07,958.15,154.4,3479.74,1376.04,3158.69,,5145.99,10949.54,255.31
2025-03-25,2383.82,1199.17,6579.33,2300.16,1109.0,7958.31,1904.07,906.9,302.01,1710.7,1513.83,381.2,1202.67,5390.11,223.8,2520.58,1567.08,890.41,681.12,695.35,2209.95,1348.59,5002.55,1558.87,396.24,233.74,1058.5,435.48,3472.61,2752.59,11823.43,1156.27,1119.23,359.51,231.48,281.79,1302.5,1575.46,768.47,680.78,1767.46,971.8,155.38,3523.24,1432.55,3075.74,,5117.02,11169.2,260.04
2025-03-26,2323.75,1177.27,6636.48,2314.99,1114.05,7816.26,1950.05,904.62,299.1,1724.73,1491.07,372.32,1170.48,5364.34,202.35,2573.59,1569.88,900.33,671.24,689.94,2230.82,1333.76,5011.53,1579.26,394.61,227.65,1065.18,434.5,3440.91,2729.37,11680.58,1147.38,1116.7,357.51,230.86,282.47,1285.86,1562.13,756.8,671.68,1750.78,967.83,152.64,3525.9,1422.83,3059.74,,5200.49,11309.31,260.04
2025-03-27,2308.86,1176.28,6483.13,2290.26,1091.07,7705.71,1939.06,880.67,295.06,1725.52,1449.22,367.42,1152.69,5261.23,204.47,2574.63,1570.61,888.0,666.56,685.92,2203.52,1322.94,4966.61,1549.69,392.39,221.82,1049.12,428.31,3428.03,2713.2,11647.09,1111.72,1109.42,344.8,226.61,279.85,1273.07,1539.26,748.77,662.97,1733.99,955.92,151.27,3494.1,1367.58,3038.41,,5354.36,11328.69,258.13
2025-03-28,2374.82,1191.9,6475.15,2318.9,1097.46,7773.39,1994.78,894.24,302.01,1718.93,1459.41,370.92,1151.94,5294.35,204.24,2605.47,1561.38,902.3,682.01,685.47,2206.27,1325.77,5141.21,1544.3,395.18,226.83,1056.9,427.37,3477.47,2714.0,11573.78,1130.1,1110.83,352.69,230.94,284.6,1274.91,1542.76,756.9,674.84,1714.63,968.32,151.84,3529.04,1375.31,3084.72,,5418.26,11512.53,259.08
2025-04-01,2310.85,1173.29,6581.83,2316.97,1092.27,7442.38,1997.03,872.94,300.02,1700.78,1423.35,371.67,1136.99,5296.87,201.7,2601.93,1523.61,888.98,681.12,667.11,2218.06,1329.74,5091.4,1495.01,394.13,226.65,1060.15,434.36,3447.84,2631.66,11357.08,1104.73,1120.17,343.29,234.32,280.43,1259.57,1535.62,751.71,645.16,1714.19,995.62,148.6,3453.36,1362.58,3044.54,,5346.22,11278.51,248.9
2025-04-02,2338.59,1176.68,6615.04,2303.12,1090.77,7765.2,1945.35,867.65,288.0,1705.74,1425.77,375.22,1142.75,5293.07,203.5,2609.51,1463.71,873.54,691.39,663.83,2203.03,1312.03,5019.52,1491.07,391.48,230.63,1055.26,427.71,3401.28,2610.13,11358.17,1092.84,1104.37,343.1,237.21,277.77,1242.59,1540.86,757.1,633.28,1678.54,1010.51,150.49,3425.61,1357.86,3001.97,,5625.68,11288.45,251.24
2025-04-03,2338.59,1164.58,6657.68,2270.48,1077.98,7743.79,1914.07,859.7,281.15,1733.51,1466.34,369.05,1183.0,5197.6,208.15,2585.69,1449.21,878.67,686.6,653.21,2185.11,1311.83,4991.07,1490.54,391.48,226.65,1042.19,425.31,3368.58,2586.97,11505.97,1093.59,1088.55,342.71,235.27,280.19,1228.15,1543.85,754.84,626.36,1737.95,1042.18,149.51,3374.38,1357.72,3061.79,,5625.13,11118.52,248.47
2025-04-04,2393.76,1190.21,6654.64,2324.29,1080.58,7685.23,1911.07,860.29,285.22,1739.95,1479.89,369.99,1144.54,5282.45,211.84,2625.55,1399.94,894.41,685.11,640.3,2189.58,1319.37,5047.42,1418.52,391.91,229.69,1029.53,425.69,3368.58,2594.11,11475.79,1128.35,1106.35,349.62,228.21,290.51,1236.16,1534.22,763.76,648.62,1761.57,1057.61,149.14,3250.27,1312.04,3089.7,,5683.08,11525.94,241.87
2025-04-07,2148.98,1044.87,6547.91,2166.6,1034.12,7119.56,1834.11,828.89,255.32,1715.66,1321.88,335.28,1013.57,4936.0,196.0,2540.76,1299.46,869.65,661.92,554.93,2111.03,1285.33,4741.99,1313.14,375.23,202.78,903.57,403.28,3020.88,2405.67,10986.69,1083.95,1069.7,319.57,197.32,274.62,1127.7,1447.99,715.63,589.74,1604.36,1011.5,125.08,2996.45,1209.99,2916.22,,5002.27,11129.45,220.89
2025-04-08,2268.88,1129.5,6707.5,2330.82,1060.09,7201.97,1889.08,859.7,280.6,1706.43,1380.06,359.71,1093.07,5099.43,213.19,2540.76,1333.28,870.73,672.64,570.81,2227.19,1289.9,5099.38,1389.87,396.15,216.66,946.8,412.01,3096.07,2490.0,11406.54,1114.91,1116.75,347.67,211.55,282.71,1167.34,1487.93,745.04,617.15,1629.02,1048.23,131.82,3191.75,1277.05,3140.25,,4898.76,11246.46,233.99
2025-04-09,2264.58,1128.36,6647.65,2374.35,1072.18,7339.44,1898.08,876.09,279.16,1705.39,1401.53,357.19,1087.6,5203.08,216.0,2553.21,1333.9,870.73,683.61,563.62,2252.37,1294.96,5136.82,1364.66,397.2,223.65,942.61,410.33,3129.61,2519.76,11337.39,1093.74,1130.72,344.9,210.6,280.77,1164.85,1485.93,751.9,641.15,1633.97,1054.19,127.04,3151.63,1253.73,3128.44,,4762.87,11217.74,230.12
2025-04-11,2301.91,1157.37,6804.94,2413.43,1062.39,7528.69,1908.52,877.09,281.15,1745.41,1444.57,364.34,1132.72,5222.28,216.0,2640.39,1313.95,875.54,681.52,580.74,2351.2,1295.11,5206.1,1370.69,403.94,225.43,969.84,412.52,3085.23,2528.68,11357.42,1088.74,1161.67,341.97,216.58,283.97,1190.4,1536.86,744.06,620.42,1693.39,1116.72,131.6,3179.66,1239.15,3212.33,,4778.36,11767.76,234.23
2025-04-15,2373.82,1194.19,6946.87,2389.09,1089.07,7802.26,1983.03,919.87,288.0,1793.21,1466.53,372.79,1133.71,5394.06,224.25,2665.3,1371.92,920.06,689.24,608.54,2356.5,1340.66,5311.02,1404.05,412.78,235.53,1007.29,428.51,3150.62,2585.23,11663.76,1091.24,1179.35,357.56,221.99,297.48,1246.02,1553.34,754.84,645.11,1703.29,1100.15,132.51,3203.68,1277.25,3260.19,,4874.78,11675.0,234.27
2025-04-16,2398.81,1204.14,6852.12,2379.4,1121.74,7801.28,1960.05,909.34,291.58,1787.46,1451.59,369.29,1142.95,5477.97,220.51,2680.25,1367.09,929.34,698.27,613.65,2308.39,1346.61,5251.13,1384.04,402.01,238.68,1000.31,423.51,3239.78,2638.8,11641.99,1082.75,1162.31,353.18,220.74,294.81,1229.19,1546.35,748.47,665.59,1674.67,1086.05,133.3,3139.69,1255.67,3240.25,,4917.74,11593.51,233.27
2025-04-17,2416.8,1226.93,7019.68,2433.61,1154.61,7796.41,1960.54,898.46,291.08,1818.8,1482.17,370.83,1142.85,5543.62,220.6,2691.21,1371.92,928.45,714.08,604.47,2314.38,1351.57,5235.15,1357.82,408.74,242.56,993.33,422.51,3184.4,2611.02,11539.11,1072.76,1174.69,350.01,228.63,295.78,1235.27,1555.84,756.8,669.89,1678.54,1095.88,131.34,3137.09,1258.68,3240.25,,5047.63,11593.51,224.67
2025-04-21,2424.9,1253.3,7131.39,2439.55,1200.97,7812.01,2036.11,911.38,295.55,1882.66,1508.88,373.02,1156.07,5622.59,229.0,2745.01,1386.41,949.17,723.0,607.05,2325.18,1425.0,5384.9,1369.47,411.68,249.61,998.31,438.49,3219.47,2678.38,11569.78,1093.74,1189.05,356.39,231.48,300.19,1264.95,1615.75,787.19,691.42,1743.89,1111.96,134.51,3180.2,1267.33,3304.06,,5175.52,11741.57,226.96
2025-04-22,2457.68,1243.55,7122.91,2418.87,1229.35,7983.66,2102.98,923.8,299.03,1872.35,1498.89,377.0,1166.5,5736.62,236.0,2740.33,1439.55,954.6,716.02,620.45,2327.04,1401.98,5492.72,1398.61,409.66,245.12,1057.15,449.28,3249.69,2742.96,11643.97,1078.66,1191.03,357.61,236.19,309.63,1294.83,1625.54,804.99,695.62,1733.99,1113.45,138.76,3211.61,1335.36,3326.09,,5374.34,11858.83,227.96
2025-04-23,2458.78,1234.1,7070.05,2410.96,1224.25,7910.52,2092.98,922.51,303.6,1851.52,1516.8,373.73,1177.63,5714.9,237.48,2740.13,1502.35,976.25,713.43,624.17,2366.32,1418.06,5530.65,1404.44,419.52,251.61,1048.18,456.47,3245.13,2807.44,11672.66,1143.08,1198.12,353.62,235.97,304.21,1291.84,1622.74,809.74,702.05,1737.16,1134.59,136.21,3252.59,1379.0,3346.93,,5345.87,11964.16,226.77
2025-04-24,2448.79,1232.01,7122.91,2423.82,1198.08,8055.83,2120.77,956.1,303.0,1858.96,1517.49,372.7,1171.57,5662.58,237.0,2680.25,1541.0,942.26,711.03,625.41,2379.87,1405.46,5550.62,1427.65,415.33,257.6,1032.72,443.09,3276.44,2894.55,11812.15,1135.59,1205.89,354.4,237.16,304.93,1287.26,1610.66,796.75,696.61,1772.61,1142.53,137.49,3287.49,1404.37,3346.73,,5306.4,11802.19,234.04
2025-04-25,2448.89,1230.31,7150.84,2437.97,1176.0,8021.7,2103.97,925.34,304.79,1831.39,1539.55,374.01,1196.31,5590.02,235.9,2716.12,1536.17,949.56,709.49,627.8,2289.63,1399.2,5471.25,1433.09,413.6,258.38,1047.18,443.49,3279.42,2878.28,11774.56,1119.71,1201.88,353.86,236.21,303.09,1298.31,1721.11,798.96,691.56,1788.46,1151.66,138.76,3305.76,1414.47,3372.45,,5329.38,12072.48,233.22
2025-04-28,2344.84,1182.35,6936.4,2394.04,1165.3,7835.42,2039.01,902.43,294.06,1820.78,1509.77,367.33,1168.89,5509.07,226.0,2725.09,1529.46,942.86,700.76,617.92,2302.5,1394.84,5245.14,1437.65,410.33,252.0,1018.66,438.89,3229.88,2895.64,11305.63,1066.77,1188.56,344.61,233.37,294.57,1334.67,1687.65,782.93,616.16,1770.04,1137.67,135.38,3320.25,1427.98,3345.93,,5120.06,12154.95,229.92
2025-04-29,2390.81,1206.13,7030.65,2433.71,1192.98,7935.39,2060.0,907.4,304.54,1808.58,1538.56,371.06,1196.81,5554.48,228.37,2743.12,1519.68,946.6,713.93,626.46,2285.8,1417.86,5370.92,1439.4,412.5,257.7,1052.17,444.61,3304.18,2926.49,11685.52,1108.72,1191.53,354.64,238.34,298.78,1365.55,1731.49,803.86,618.44,1827.08,1146.7,138.83,3339.59,1424.97,3365.77,,5216.48,12124.15,230.98
2025-04-30,2330.24,1209.22,6973.8,2423.82,1184.09,7860.78,2017.22,878.58,316.91,1821.77,1525.7,363.54,1168.79,5533.25,232.0,2725.09,1535.32,943.74,710.14,618.02,2277.95,1422.03,5253.12,1453.78,411.05,255.6,1027.23,442.27,3293.29,2885.62,11698.38,1123.6,1176.18,347.82,232.89,294.81,1396.42,1719.61,795.53,608.25,1792.42,1166.06,138.23,3356.02,1453.25,3363.88,,5430.3,11794.24,230.93
2025-05-02,2348.74,1248.92,6903.99,2399.09,1181.09,7802.26,1954.05,852.29,308.77,1836.65,1521.25,360.18,1168.69,5488.83,220.05,2715.72,1531.41,952.03,741.65,619.46,2291.79,1415.97,5221.18,1456.59,407.88,262.49,1018.46,440.29,3294.28,2926.49,12125.76,1085.05,1176.18,345.43,228.63,295.83,1408.38,1758.56,774.79,605.28,1814.5,1148.49,136.81,3356.02,1462.68,3352.01,,5168.02,11567.68,231.4
2025-05-05,2311.45,1283.75,6941.89,2397.21,1188.98,7674.99,1963.94,882.31,311.9,1852.51,1515.81,360.6,1181.21,5399.49,234.5,2720.1,1544.12,956.57,728.09,630.63,2281.98,1428.97,5410.86,1471.45,413.79,259.2,957.22,420.54,3319.05,2925.4,12356.26,1107.72,1163.25,341.97,227.68,295.15,1425.31,1770.54,766.61,603.75,1810.05,1147.0,138.34,3334.75,1456.85,3347.63,,5170.52,11628.29,233.27
2025-05-06,2452.78,1343.46,6981.28,2415.91,1176.99,7733.99,2027.91,885.64,313.58,1872.64,1513.83,361.11,1164.81,5390.6,240.0,2744.02,1540.99,952.13,736.86,634.3,2297.78,1418.06,5546.13,1462.71,420.77,258.85,957.42,416.72,3315.08,3125.49,12304.82,1138.59,1157.36,340.03,228.75,297.86,1425.31,1767.54,778.32,622.2,1802.32,1152.95,138.84,3344.42,1454.81,3311.83,,5376.34,11625.31,233.75
2025-05-07,2313.85,1292.51,6951.86,2362.48,1158.01,7719.85,2010.32,869.63,303.0,1885.24,1484.15,345.98,1136.19,5390.6,228.6,2689.22,1516.75,954.1,717.02,628.39,2326.06,1414.09,5197.22,1456.88,416.82,244.67,955.33,412.26,3301.21,2997.82,12222.71,1121.71,1154.39,329.31,220.37,298.25,1415.25,1711.62,750.24,611.71,1800.24,1131.61,138.96,3306.34,1447.23,3270.16,,5140.55,11577.61,225.63
2025-05-08,2360.83,1333.51,6931.91,2297.19,1169.0,7656.46,2031.01,892.19,308.47,1881.27,1484.15,364.38,1145.44,5393.56,235.25,2675.27,1526.43,964.36,716.52,631.17,2318.89,1427.58,5301.04,1464.65,412.59,255.7,959.92,419.32,3279.51,3102.47,12425.51,1158.66,1152.9,332.28,225.46,303.48,1398.51,1738.88,763.67,628.34,1764.0,1127.64,142.67,3332.82,1458.7,3339.85,,5228.47,11527.93,232.42
2025-05-09,2238.89,1293.71,6717.97,2222.59,1159.01,7431.65,1969.04,860.86,303.0,1839.62,1454.36,354.2,1135.3,5227.22,222.0,2667.2,1530.43,942.31,707.05,604.67,2287.77,1404.36,4963.61,1457.56,409.66,243.72,932.49,414.52,3300.22,2938.0,12005.06,1090.04,1140.03,325.61,217.34,290.51,1379.99,1703.63,741.61,593.7,1734.88,1089.92,137.78,3285.46,1438.38,3356.9,,5059.12,11407.69,226.2
2025-05-12,2348.84,1353.42,6782.3,2305.1,1183.99,7607.2,2023.91,880.67,322.87,1853.41,1462.38,366.2,1148.62,5434.53,232.0,2661.42,1562.49,946.01,718.02,635.49,2317.22,1398.61,5412.35,1492.82,413.07,258.55,970.39,426.31,3480.54,3020.43,12292.95,1141.68,1168.65,331.65,226.73,294.43,1394.43,1722.61,783.27,604.64,1679.23,1114.74,142.29,3387.92,1479.2,3526.59,,5325.39,11517.0,234.31
2025-05-13,2423.8,1354.01,6890.02,2328.85,1204.17,7840.78,2045.9,896.1,321.58,1854.5,1498.99,369.52,1188.46,5436.01,238.0,2731.06,1646.73,962.0,733.37,640.3,2332.54,1429.07,5491.72,1562.75,418.27,262.79,1002.5,426.51,3554.05,3025.69,12465.09,1158.56,1178.65,339.64,231.61,295.35,1427.8,1740.28,782.88,634.87,1694.38,1136.87,148.54,3499.46,1555.3,3552.21,,5439.29,11626.3,245.65
2025-05-14,2443.69,1373.32,6911.96,2294.22,1194.88,7890.04,2027.91,900.18,336.78,1814.83,1479.2,370.69,1205.65,5360.49,232.0,2710.04,1592.98,948.23,737.96,630.87,2327.04,1418.95,5515.68,1528.76,410.76,268.38,992.53,421.71,3553.86,3013.29,12351.32,1147.68,1171.23,333.64,228.78,289.73,1414.35,1738.58,789.89,632.79,1685.47,1110.37,147.56,3403.38,1539.46,3544.33,,5335.38,11602.46,240.51
2025-05-15,2462.18,1368.94,6923.93,2260.58,1195.98,7933.92,2014.12,905.6,344.23,1834.56,1479.2,377.23,1206.35,5429.6,236.2,2724.39,1612.53,943.99,741.0,644.77,2308.98,1414.98,5411.85,1544.1,412.69,267.58,990.33,416.54,3560.79,3060.41,12465.09,1175.14,1173.7,330.77,232.37,286.54,1419.33,1755.26,788.61,647.93,1684.58,1112.16,151.96,3444.95,1560.84,3586.21,,5357.36,11598.48,242.07
2025-05-16,2527.75,1404.07,7061.57,2308.96,1204.97,8143.61,2053.0,914.46,349.3,1818.8,1493.74,379.33,1231.09,5433.55,242.6,2834.69,1653.47,954.0,747.93,654.7,2317.22,1442.17,5589.55,1566.25,418.27,273.67,1040.6,419.5,3608.35,3110.01,12811.34,1194.32,1195.79,334.18,234.37,290.51,1447.42,1787.52,804.0,666.93,1723.1,1146.4,153.76,3473.85,1589.02,3643.04,,5589.16,11874.73,245.7
2025-05-19,2570.03,1400.69,6966.82,2328.45,1206.97,8289.9,2037.91,912.32,370.46,1806.89,1484.05,379.28,1220.56,5439.47,245.84,2809.78,1623.28,955.58,744.94,650.23,2331.95,1435.42,5550.62,1531.19,418.36,276.57,1031.12,419.92,3571.39,3090.17,12850.91,1173.45,1190.54,334.28,235.27,292.44,1446.32,1770.64,792.1,662.97,1728.05,1159.41,154.4,3431.41,1571.53,3606.15,,5605.14,11829.02,243.13
2025-05-20,2543.74,1392.23,6967.32,2322.41,1206.97,8631.25,2046.0,925.36,366.98,1794.8,1479.59,378.86,1214.3,5478.96,240.0,2744.02,1623.08,951.19,746.49,663.14,2351.2,1439.1,5581.57,1524.87,420.29,276.67,1028.23,422.47,3596.46,3103.27,12865.75,1181.64,1198.36,337.98,234.12,294.77,1432.48,1776.33,798.15,674.89,1726.86,1140.55,154.74,3413.82,1566.67,3606.85,,5599.15,11893.61,241.87
2025-05-21,2508.46,1373.32,6910.47,2271.47,1196.08,8395.23,2010.52,905.65,364.5,1797.97,1443.58,384.61,1217.38,5340.75,227.0,2707.15,1607.64,950.65,745.94,662.24,2303.48,1431.85,5451.79,1522.83,419.9,271.08,1013.27,418.52,3532.75,3038.59,12539.28,1170.55,1168.01,333.74,238.59,288.33,1418.24,1754.46,787.0,651.44,1699.73,1120.2,155.82,3390.82,1532.66,3559.29,,5445.78,11623.32,238.73
2025-05-22,2499.16,1373.42,6965.82,2284.52,1195.68,8445.95,2036.31,915.35,380.49,1804.81,1467.33,378.4,1216.98,5313.11,228.97,2690.21,1601.19,944.83,757.61,658.17,2312.32,1430.07,5455.78,1510.79,416.44,274.02,999.31,414.32,3551.87,3052.08,12475.97,1143.48,1181.13,337.25,235.91,286.54,1415.55,1763.85,788.0,645.16,1717.35,1130.42,157.31,3378.25,1545.0,3554.3,,5436.29,11592.52,238.05
2025-05-23,2497.76,1376.4,6969.32,2277.2,1187.49,8548.35,2004.92,909.53,386.6,1809.87,1452.98,373.91,1220.26,5321.0,229.12,2665.3,1595.91,947.25,753.72,648.25,2294.54,1431.16,5510.69,1505.45,417.4,274.52,1008.28,412.68,3537.01,2995.93,12316.69,1138.79,1166.77,333.21,230.05,282.76,1401.0,1762.55,787.9,644.17,1641.89,1118.21,157.92,3360.85,1530.71,3520.41,,5400.32,11653.13,235.28
2025-05-26,2547.84,1389.04,7076.54,2291.25,1215.16,8567.37,2043.0,921.08,382.38,1818.8,1470.39,376.11,1222.15,5333.84,232.8,2662.81,1614.87,954.6,782.14,650.23,2325.08,1446.84,5520.67,1521.57,421.49,282.31,1006.49,417.54,3582.39,3013.79,12321.64,1168.65,1195.69,341.97,232.7,290.55,1426.3,1803.49,792.0,657.87,1676.65,1128.64,159.38,3403.38,1538.49,3565.27,,5450.28,11725.67,237.56
2025-05-27,2544.64,1390.24,7099.97,2288.38,1214.16,8723.9,2049.0,922.57,381.98,1828.71,1470.0,376.06,1236.06,5350.62,226.4,2646.37,1635.79,952.92,777.85,656.58,2350.71,1441.38,5261.11,1534.49,425.96,279.56,1029.23,417.52,3614.99,3055.65,12288.0,1182.64,1213.37,335.15,234.18,287.6,1420.43,1799.1,794.4,660.79,1659.82,1138.16,158.81,3414.01,1556.37,3604.15,,5520.22,11602.46,239.95
2025-05-28,2557.73,1398.2,7081.52,2302.73,1194.58,8767.79,2043.9,920.08,382.93,1832.68,1469.3,374.66,1239.94,5335.81,225.9,2611.3,1626.21,947.3,777.65,654.65,2344.72,1436.52,5327.0,1535.56,409.13,295.59,1012.17,414.52,3626.18,3015.47,12281.08,1156.17,1214.36,329.89,232.08,285.23,1414.45,1808.09,794.5,654.95,1667.05,1130.02,158.7,3402.42,1555.79,3584.21,,5582.16,11382.85,238.61
2025-05-29,2535.44,1414.12,6947.37,2278.59,1198.98,8686.84,2030.41,920.58,388.99,1842.6,1459.41,373.73,1237.55,5260.29,224.5,2568.26,1632.07,951.14,785.83,645.22,2326.06,1445.45,5321.51,1543.33,413.34,291.3,1017.66,414.98,3630.04,2975.1,12207.87,1147.68,1199.16,332.23,231.09,282.13,1406.48,1805.09,799.0,648.82,1658.73,1115.7,158.49,3387.63,1547.33,3569.26,,5565.18,11178.15,238.67
2025-05-30,2548.74,1435.02,6931.91,2271.96,1200.37,8569.81,2009.92,917.0,384.27,1838.63,1460.4,372.74,1240.33,5309.16,226.56,2565.67,1626.89,953.07,778.75,643.08,2317.22,1448.72,5297.05,1547.31,410.5,287.55,1000.31,415.84,3621.52,2981.05,12259.31,1136.69,1205.89,328.82,230.56,282.76,1412.36,1822.47,798.0,636.35,1685.47,1109.8,159.39,3373.42,1550.15,3569.26,,5651.1,11194.04,239.01
2025-06-02,2525.75,1425.86,6925.93,2234.96,1188.78,8408.4,2016.42,913.0,382.48,1828.71,1452.48,372.74,1243.12,5271.64,237.31,2536.77,1588.19,952.18,769.62,624.37,2305.34,1430.96,5340.97,1536.48,409.71,286.5,984.35,412.92,3641.14,2953.07,12030.79,1128.2,1188.56,325.31,226.73,281.11,1406.48,1809.68,812.85,631.6,1662.69,1100.0,155.38,3334.75,1520.99,3514.52,,5676.08,11109.58,236.71
2025-06-03,2509.76,1462.88,6931.91,2248.32,1193.98,8302.58,2038.11,910.6,384.96,1851.52,1456.84,373.45,1242.12,5344.7,245.0,2533.78,1609.5,956.08,746.34,631.37,2322.23,1443.76,5349.96,1535.49,410.4,287.3,977.42,413.52,3655.0,3017.76,12141.59,1162.66,1196.33,324.44,228.15,283.24,1416.64,1807.29,816.2,641.2,1678.54,1116.1,155.42,3330.89,1512.15,3514.92,,5641.61,11208.95,237.09
2025-06-04,2478.77,1425.37,6794.77,2225.46,1180.79,8339.15,1999.03,897.5,384.47,1839.62,1457.63,367.04,1240.43,5271.64,237.1,2547.03,1593.96,947.69,751.92,629.48,2316.73,1426.39,5374.42,1519.73,408.59,283.46,970.39,408.95,3645.0,3020.83,11998.14,1135.69,1182.81,320.54,225.78,279.13,1409.07,1772.54,817.0,643.13,1639.91,1110.0,153.91,3304.91,1501.36,3495.58,,5585.16,10970.46,235.67
2025-06-05,2493.76,1436.81,6850.62,2227.05,1171.5,8401.08,1960.05,898.7,391.12,1868.38,1460.4,368.68,1256.23,5263.25,248.0,2545.84,1597.77,961.01,756.91,633.36,2321.64,1419.94,5454.78,1524.56,409.91,291.55,970.19,410.49,3629.9,3053.47,12069.37,1151.87,1191.03,320.74,225.83,281.79,1422.32,1779.53,808.7,640.21,1645.86,1124.5,155.24,3324.41,1516.13,3488.2,,5534.21,10968.47,236.04
2025-06-06,2513.65,1449.65,6849.13,2225.07,1157.91,8395.23,1967.04,894.5,392.27,1856.58,1474.05,371.72,1286.94,5222.78,256.56,2550.52,1594.15,959.04,762.29,632.61,2330.28,1437.51,5470.75,1531.26,411.67,291.55,966.15,408.31,3645.0,3017.36,12009.02,1141.48,1190.49,321.17,225.58,284.26,1435.27,1772.34,806.65,647.14,1668.63,1111.9,155.7,3287.45,1520.8,3513.43,,5695.07,11109.58,236.23
2025-06-09,2543.74,1474.82,6958.34,2216.06,1211.46,8465.45,2000.03,955.0,391.42,1858.46,1495.72,374.57,1319.03,5352.6,261.9,2576.53,1610.57,984.2,753.02,648.64,2350.61,1453.78,5500.7,1554.21,413.34,295.54,1003.6,421.71,3664.0,3105.05,12371.1,1175.64,1200.94,325.31,229.37,288.57,1451.2,1787.12,817.4,692.65,1663.58,1115.6,157.69,3315.63,1530.71,3554.1,,5812.96,11189.08,238.62
2025-06-10,2598.71,1464.87,6933.41,2236.51,1223.35,8431.32,2021.12,970.0,393.91,1851.12,1492.95,376.53,1312.67,5356.54,256.8,2700.18,1615.75,978.18,762.04,649.04,2350.02,1427.98,5695.38,1560.12,415.79,305.32,1012.27,428.85,3704.0,3077.28,12524.44,1197.32,1196.14,330.09,231.71,291.04,1444.23,1788.41,821.0,697.6,1685.27,1121.2,158.0,3354.64,1534.7,3534.36,,5923.87,11338.13,241.78
2025-06-11,2628.7,1466.66,6900.0,2205.56,1231.55,8422.05,2003.02,949.0,395.64,1842.5,1496.51,373.82,1341.49,5301.26,255.68,2698.28,1637.94,970.68,760.1,655.69,2351.79,1410.91,5597.04,1566.12,419.21,303.03,1001.25,429.31,3689.9,3060.41,12336.48,1183.63,1209.61,332.23,231.95,291.57,1440.05,1783.02,817.0,694.73,1678.34,1115.2,156.45,3383.9,1572.5,3514.42,,5811.96,11308.32,244.76
2025-06-12,2590.22,1452.73,6913.96,2220.53,1229.95,8516.65,2015.02,944.9,390.23,1856.38,1510.86,375.59,1351.43,5282.5,257.07,2708.25,1685.82,962.0,762.99,651.22,2343.64,1419.55,5588.56,1592.62,418.23,303.38,1004.4,428.57,3684.8,3063.39,12325.6,1190.23,1201.93,329.46,238.59,285.81,1447.72,1797.4,816.0,681.77,1678.44,1108.9,156.0,3385.75,1590.0,3537.35,,5776.5,11402.72,248.57
2025-06-13,2498.0,1405.0,6960.84,2171.61,1196.98,8250.89,1999.03,915.0,377.17,1799.95,1464.36,364.38,1346.46,5212.41,243.26,2642.49,1628.16,947.2,741.85,630.38,2263.22,1392.85,5191.23,1552.24,406.48,287.55,982.06,413.92,3501.2,2908.63,12069.37,1195.02,1169.74,318.4,242.43,273.61,1418.34,1717.61,786.25,645.01,1650.61,1066.6,149.8,3309.0,1559.87,3399.47,,5505.5,11041.01,243.79
2025-06-16,2500.0,1389.0,6992.26,2210.75,1205.07,8276.73,2004.02,956.0,393.56,1826.83,1486.03,365.32,1351.23,5237.09,249.0,2655.34,1653.57,949.17,748.78,637.13,2277.95,1405.75,5271.09,1575.88,406.43,293.04,984.6,421.09,3575.5,2977.08,12271.18,1243.76,1173.75,323.46,240.95,278.84,1421.22,1759.55,792.5,661.98,1648.83,1074.0,152.01,3354.64,1611.38,3400.77,,5589.0,11199.01,248.57
2025-06-17,2535.0,1400.5,7101.47,2227.52,1214.36,8280.15,2029.01,941.5,403.14,1863.42,1510.86,368.12,1339.8,5312.12,251.3,2695.1,1688.75,955.58,771.77,644.42,2277.95,1415.97,5370.92,1596.26,409.52,294.54,1001.8,427.31,3622.0,3018.75,12394.85,1252.85,1178.7,325.41,243.75,279.51,1442.24,1793.61,794.0,672.67,1663.68,1083.4,153.81,3422.91,1644.81,3417.71,,5687.0,11427.56,251.33
2025-06-18,2491.9,1387.0,6988.27,2253.48,1208.77,8294.78,2001.03,927.0,399.02,1832.28,1487.61,365.6,1302.84,5265.72,247.3,2661.72,1688.66,945.72,771.87,633.36,2285.51,1406.15,5299.04,1596.56,408.44,288.55,994.32,424.51,3622.0,2976.09,12484.87,1228.38,1170.68,326.58,240.99,278.4,1424.31,1797.5,792.5,656.09,1629.02,1066.4,152.2,3431.78,1668.82,3395.78,,5654.0,11311.3,251.34
2025-06-19,2466.3,1370.5,6918.95,2266.46,1216.96,8270.4,1981.03,919.0,398.38,1856.48,1486.52,364.71,1296.78,5340.75,247.99,2670.29,1680.64,954.05,763.89,638.32,2258.41,1397.22,5272.59,1599.41,407.12,289.05,984.25,427.41,3607.0,3013.79,12613.48,1184.63,1159.24,323.85,237.64,277.72,1424.41,1792.51,792.35,653.81,1632.09,1065.2,152.0,3364.39,1636.65,3468.36,,5800.0,11328.19,251.29
2025-06-20,2428.0,1338.0,6986.77,2263.47,1216.46,8315.0,1973.84,897.0,396.39,1864.41,1468.31,358.96,1324.0,5459.21,249.01,2673.28,1674.98,952.92,760.8,636.68,2253.4,1400.49,5246.63,1594.59,407.46,282.76,991.28,428.51,3614.0,3075.29,12671.85,1161.56,1157.9,321.51,239.31,276.51,1425.31,1784.62,787.5,645.16,1631.6,1088.3,150.75,3340.01,1632.76,3489.5,,5756.0,11348.07,254.3
2025-06-23,2438.0,1341.0,6981.78,2257.68,1211.56,8275.0,1975.34,899.0,408.31,1914.0,1483.85,361.58,1310.59,5424.66,250.15,2690.21,1689.93,961.21,769.95,639.31,2265.59,1406.15,5310.03,1576.86,408.44,288.1,1002.3,431.12,3645.0,3138.39,12634.25,1200.71,1175.19,325.12,240.02,282.18,1447.22,1807.49,790.0,654.85,1647.04,1090.0,150.5,3330.26,1632.76,3469.76,,5850.0,11329.19,252.39
2025-06-24,2504.0,1395.1,7016.19,2301.41,1221.86,8363.0,2018.02,920.0,423.61,1934.73,1490.77,368.54,1309.59,5517.46,257.0,2736.05,1680.84,969.4,779.5,663.93,2277.1,1416.77,5622.0,1576.86,408.34,297.54,1003.3,441.09,3637.1,3129.95,12692.62,1207.61,1176.18,322.49,234.79,284.16,1459.17,1829.66,799.0,666.93,1654.27,1112.0,153.8,3349.38,1651.03,3512.53,,6174.0,11486.19,253.83
2025-06-25,2519.9,1399.7,6976.8,2272.55,1225.25,8407.0,2027.01,918.0,417.55,1925.9,1493.94,367.98,1339.8,5559.91,256.11,2781.78,1663.35,969.89,780.05,672.02,2261.22,1411.11,5664.93,1566.03,407.85,303.23,1005.29,444.09,3640.0,3154.66,12548.19,1190.13,1174.69,322.98,231.47,277.43,1458.18,1840.44,799.5,668.95,1645.56,1107.7,155.9,3322.75,1642.28,3539.35,,6090.0,11561.71,254.21
2025-06-26,2535.0,1399.0,7036.14,2283.44,1214.16,8370.0,2017.02,930.0,406.27,1953.67,1495.03,366.25,1317.64,5505.12,259.42,2829.71,1671.16,977.49,789.0,669.19,2271.05,1413.89,5682.4,1584.54,408.64,304.33,1027.23,439.97,3620.1,3200.19,12643.16,1248.56,1198.46,323.85,229.57,281.6,1463.26,1847.43,802.0,668.06,1658.53,1122.0,156.87,3359.32,1647.34,3644.03,,6123.0,11616.37,257.27
2025-06-27,2587.7,1434.9,7111.44,2279.44,1235.84,8468.0,2060.0,950.0,407.81,1993.34,1502.0,369.05,1320.53,5543.12,266.49,2885.5,1695.6,1004.0,801.0,689.94,2263.01,1427.88,5680.4,1594.59,412.36,313.61,1035.66,441.49,3665.0,3179.46,12613.48,1268.54,1212.82,330.23,232.43,285.66,1493.44,1845.43,805.0,695.67,1653.98,1144.0,161.0,3369.27,1650.25,3688.9,,6119.0,11904.54,257.17
2025-06-30,2650.0,1440.8,7317.41,2358.32,1227.85,8470.0,2040.0,956.0,413.92,2001.27,1509.4,369.52,1294.69,5587.55,262.0,2852.92,1685.82,1003.25,809.0,694.9,2291.88,1450.61,5830.15,1590.65,411.18,326.39,1030.28,441.07,3682.0,3179.85,12531.37,1283.02,1222.23,327.12,231.47,290.89,1507.78,1843.44,809.0,692.65,1679.53,1124.0,160.99,3354.54,1633.34,3655.2,,6050.0,12138.06,254.4
2025-07-01,2624.9,1450.3,7455.55,2376.79,1200.97,8370.0,2055.1,932.5,422.02,1992.34,1505.9,366.72,1278.19,5584.09,264.75,2832.2,1689.34,1000.01,814.3,687.36,2282.06,1434.63,5952.44,1584.74,408.44,327.69,1020.95,432.2,3669.8,3162.59,12316.69,1283.52,1223.22,326.63,232.7,291.47,1494.63,1828.46,820.0,700.57,1659.42,1098.9,160.01,3369.27,1642.48,3687.9,,6226.5,12028.75,253.83
2025-07-02,2634.0,1458.0,7450.56,2336.35,1178.99,8350.0,2054.0,933.0,428.23,2020.11,1515.7,364.38,1267.96,5614.2,260.5,2859.6,1682.89,1007.44,808.5,690.64,2277.1,1421.23,5891.04,1593.6,408.34,329.69,1028.23,436.5,3666.6,3142.75,12247.44,1267.74,1193.76,324.1,230.43,288.13,1522.32,1862.41,821.0,688.45,1639.91,1094.0,160.06,3400.67,1627.9,3693.88,,6130.5,12133.09,253.35
2025-07-03,2634.0,1444.0,7454.55,2425.12,1176.99,8378.0,2008.0,922.0,424.9,2024.87,1504.0,362.42,1266.87,5636.91,260.1,2838.08,1677.03,994.97,788.95,695.9,2291.98,1421.13,5945.95,1594.1,405.5,327.04,1062.14,427.33,3605.0,3139.97,12494.76,1277.53,1188.51,326.0,229.57,288.96,1514.75,1847.43,813.5,674.45,1661.21,1096.0,166.0,3344.89,1637.52,3690.89,,6234.0,12357.67,256.6
2025-07-04,2617.0,1432.0,7573.24,2427.11,1174.0,8382.0,1993.0,922.0,427.19,2010.19,1508.4,362.23,1294.79,5642.34,262.1,2807.39,1676.05,991.08,783.9,686.96,2299.92,1416.07,5779.73,1600.5,406.38,325.49,1048.88,424.31,3590.0,3161.1,12578.85,1306.8,1186.05,327.07,232.61,284.4,1517.94,1803.49,808.75,668.86,1670.32,1091.0,165.91,3323.44,1627.95,3655.0,,5675.0,12321.9,256.5
2025-07-07,2602.0,1424.4,7542.82,2419.52,1177.6,8433.0,1996.8,925.0,424.65,2001.27,1516.0,361.11,1299.66,5557.93,261.4,2799.81,1686.31,992.03,781.05,694.36,2322.74,1426.0,5746.79,1615.27,404.52,324.44,1038.2,425.51,3599.9,3162.5,12511.58,1303.1,1193.26,326.87,232.89,285.37,1520.53,1797.2,811.2,669.05,1663.89,1085.0,163.0,3333.48,1630.82,3664.47,,5500.0,12397.42,258.18
2025-07-08,2586.0,1438.0,7585.21,2436.7,1180.0,8463.0,2000.0,918.8,415.26,2009.2,1505.5,359.66,1302.04,5631.97,259.65,2769.92,1661.39,986.05,785.0,687.06,2386.64,1421.04,5739.8,1603.45,407.61,328.49,1042.0,436.5,3580.0,3150.0,12390.89,1303.9,1204.55,329.5,229.96,284.84,1529.89,1798.5,807.9,664.95,1669.16,1108.0,162.45,3320.51,1606.18,3581.8,,5512.5,12267.24,256.02
2025-07-09,2599.0,1448.4,7525.36,2516.57,1160.0,8350.0,2013.0,926.5,421.18,2018.13,1486.0,357.89,1271.93,5598.41,263.65,2802.8,1671.16,1001.01,792.0,686.96,2380.29,1425.2,5805.19,1613.11,407.66,328.49,1051.7,442.89,3605.0,3145.0,12301.85,1291.0,1203.5,334.42,230.86,288.81,1530.59,1817.47,810.0,664.2,1649.29,1100.0,161.95,3325.39,1617.86,3441.3,,5440.0,12331.83,256.22
2025-07-10,2591.0,1444.0,7435.6,2503.39,1170.1,8394.0,2034.0,943.0,415.71,2011.78,1489.0,362.56,1262.9,5619.14,265.1,2787.76,1636.96,1005.5,783.0,670.09,2404.5,1425.8,5915.0,1614.19,411.67,329.99,1040.9,445.31,3575.0,3172.1,12366.16,1240.0,1205.99,335.15,231.01,290.51,1513.65,1808.49,811.3,676.82,1651.27,1097.9,160.0,3296.13,1598.07,3432.1,,5430.0,12439.15,255.79
2025-07-11,2575.0,1444.0,7335.86,2443.69,1162.0,8285.5,2037.0,938.7,408.31,1925.9,1480.0,358.82,1263.0,5559.91,260.0,2765.04,1605.88,996.52,765.0,668.1,2480.5,1411.11,5856.1,1555.29,408.44,330.48,1043.0,439.85,3575.0,3158.0,12504.66,1249.7,1195.55,331.74,230.57,289.78,1505.99,1811.48,807.55,671.91,1655.05,1083.9,160.64,3218.02,1563.63,3408.0,,5419.0,12437.16,249.52
2025-07-14,2555.0,1432.0,7181.26,2427.31,1179.0,8090.0,2010.0,932.0,402.85,1899.12,1488.9,356.91,1254.7,5534.73,264.95,2763.95,1602.75,989.04,755.2,666.12,2480.5,1413.99,5907.02,1567.8,408.49,324.49,1040.0,444.27,3540.6,3072.8,12455.19,1230.0,1196.19,334.23,230.43,290.02,1486.26,1840.44,809.8,665.94,1669.55,1076.8,159.84,3184.96,1581.44,3372.0,,5368.0,12416.3,246.94
2025-07-15,2588.0,1434.4,7241.6,2406.14,1174.0,8128.0,2010.0,919.0,405.83,1908.84,1483.8,358.68,1254.8,5518.44,271.9,2778.89,1553.89,984.05,769.0,665.12,2501.04,1410.22,5939.96,1541.5,412.26,320.6,1044.7,441.49,3519.0,3086.1,12347.36,1256.0,1190.02,334.33,231.93,288.67,1480.29,1847.33,811.0,670.81,1694.0,1071.8,160.26,3126.45,1538.49,3418.0,,5329.5,12465.98,242.83
2025-07-16,2602.5,1447.5,7355.31,2377.29,1164.9,8311.0,2040.1,924.0,406.72,1927.88,1485.0,361.25,1260.9,5528.32,263.15,2773.91,1530.82,1006.5,765.0,663.14,2506.6,1415.08,5909.51,1555.19,413.44,320.5,1034.0,436.32,3504.0,3128.6,12401.77,1262.5,1201.51,333.21,231.47,289.49,1467.14,1831.35,816.0,669.92,1718.83,1081.8,159.0,3157.61,1563.63,3417.0,,5415.0,12425.24,246.08
2025-07-17,2612.0,1455.0,7341.84,2400.35,1170.0,8278.5,2037.6,925.95,403.49,1927.59,1475.0,361.63,1259.4,5595.45,263.0,2751.99,1528.09,999.51,759.65,665.12,2493.4,1410.12,5920.99,1573.91,417.06,319.6,1030.5,434.5,3515.0,3186.3,12434.42,1276.0,1222.4,335.35,230.52,288.13,1481.48,1826.46,838.4,665.94,1693.0,1081.5,157.5,3154.77,1566.99,3418.4,,5400.0,12386.49,252.25
2025-07-18,2612.0,1452.4,7365.28,2396.86,1090.0,8305.0,2029.9,920.5,401.6,1915.1,1481.1,361.58,1265.0,5591.5,259.95,2760.96,1520.75,990.98,755.0,671.57,2495.28,1404.96,5808.18,1568.09,416.47,320.0,1039.0,433.52,3489.0,3208.0,12390.89,1241.5,1222.9,334.18,232.17,287.12,1478.89,1796.5,832.0,665.94,1697.97,1106.0,160.1,3155.65,1556.7,3444.0,,5425.0,12441.14,256.79
2025-07-21,2596.3,1442.1,7284.49,2378.69,1086.0,8306.0,2026.9,938.9,392.02,1894.8,1481.1,363.45,1250.2,5525.36,257.0,2718.11,1525.48,986.64,738.0,674.06,2471.47,1436.91,5890.05,1556.18,413.34,317.7,1051.0,427.62,3467.6,3177.0,12297.9,1217.4,1229.81,333.3,233.37,284.7,1459.17,1792.21,823.0,641.59,1670.25,1095.8,162.5,3121.4,1534.93,3391.0,,5375.5,12480.89,255.21
2025-07-22,2626.0,1454.5,7251.08,2371.7,1102.0,8470.0,2047.9,955.0,400.36,1909.2,1475.0,361.39,1261.0,5399.98,293.0,2742.92,1510.02,1004.05,752.0,678.23,2450.73,1462.81,5890.05,1541.4,411.48,317.5,1038.6,434.4,3502.0,3246.7,12315.7,1229.8,1229.76,332.77,232.46,287.7,1421.72,1788.61,827.5,654.01,1675.22,1089.9,163.3,3091.66,1533.94,3450.0,,5409.5,12569.33,250.19
2025-07-23,2600.7,1430.0,7232.13,2359.32,1099.5,8313.5,2047.7,954.0,400.86,1920.0,1465.3,363.82,1240.2,5362.47,298.0,2725.68,1501.15,1003.0,765.0,686.96,2461.65,1471.55,5915.0,1552.53,408.54,311.11,1034.0,434.2,3476.2,3260.0,12405.73,1209.9,1223.39,333.01,233.37,289.39,1420.33,1806.49,812.5,638.11,1667.67,1085.0,163.25,3091.66,1534.93,3472.4,,5383.0,12381.52,248.81
2025-07-24,2615.4,1423.2,7353.81,2371.7,1104.0,8409.5,2060.5,970.0,398.08,1943.8,1470.5,364.48,1261.1,5370.36,302.25,2699.28,1506.96,1016.32,762.0,691.93,2436.74,1476.31,5830.15,1556.18,407.31,314.51,1039.0,433.08,3484.9,3255.0,12512.57,1261.6,1219.81,334.77,232.95,290.36,1413.55,1805.49,820.0,656.0,1671.64,1084.0,163.0,3097.04,1537.9,3467.4,,5315.0,12294.07,250.48
2025-07-25,2605.0,1411.7,7345.83,2336.35,1086.1,8275.0,1999.0,906.4,396.39,1936.1,1485.0,360.22,1266.0,5409.85,309.95,2725.09,1478.5,1007.5,752.85,691.93,2407.18,1488.51,5805.19,1520.13,401.58,315.06,1033.8,427.82,3470.0,3256.0,12410.67,1261.2,1151.23,330.19,231.47,287.75,1393.34,1811.48,815.0,621.21,1679.09,1078.0,163.5,3072.48,1474.66,3476.4,,5154.0,12245.0,250.29
2025-07-28,2549.0,1396.3,7460.53,2332.56,1080.9,8075.5,1990.0,909.25,392.61,1930.0,1541.2,356.16,1280.0,5363.45,310.0,2694.3,1467.67,1001.5,762.0,688.4,2396.56,1465.79,5761.26,1491.07,402.37,310.77,1029.0,405.06,3430.1,3246.4,12238.54,1275.2,1131.24,324.88,227.95,282.76,1386.76,1829.46,806.55,612.12,1691.11,1048.0,161.23,3043.12,1446.85,3453.0,,5043.0,12274.0,247.61
2025-07-29,2529.0,1376.0,7337.35,2355.32,1070.9,8089.5,1977.8,875.05,387.45,1880.0,1563.4,352.19,1287.0,5321.01,305.0,2717.31,1444.03,999.95,762.0,681.11,2425.73,1468.57,5715.84,1490.09,401.58,305.82,1023.8,393.4,3418.0,3203.0,12207.87,1256.0,1109.01,323.46,227.7,281.31,1377.5,1845.43,796.2,628.17,1687.04,1059.9,158.2,2994.2,1435.57,3390.0,,4994.0,12200.0,242.93
2025-07-30,2547.9,1398.8,7440.59,2405.25,1070.5,8090.5,1972.7,890.95,388.39,1934.0,1574.3,358.78,1298.1,5395.04,306.55,2730.07,1458.21,1014.0,752.3,684.13,2422.95,1476.31,5790.22,1496.98,400.6,322.5,1046.4,393.22,3622.0,3195.0,12297.89,1275.2,1109.01,326.39,230.09,283.73,1412.46,1822.47,798.95,631.15,1708.9,1056.0,161.69,2994.2,1436.26,3380.0,,5011.5,12205.0,245.12
2025-07-31,2509.9,1382.1,7358.8,2397.66,1066.0,7990.0,1953.1,872.0,376.52,1913.0,1540.0,353.17,1274.5,5380.24,300.0,2725.09,1442.94,1007.3,746.0,672.17,2401.22,1458.65,5615.51,1486.94,397.62,316.51,1018.0,388.24,3625.0,3225.0,12372.09,1240.0,1106.53,327.41,227.87,275.93,1382.58,1835.45,795.1,621.21,1704.43,1068.7,161.0,2976.29,1434.98,3340.0,,4975.0,12201.0,241.86
2025-08-01,2425.0,1371.0,7518.38,2374.29,1065.0,8008.0,1945.0,884.8,380.59,1914.0,1544.0,350.37,1258.0,5551.0,309.8,2738.04,1442.94,1007.0,752.55,675.05,2530.11,1469.06,5860.1,1471.37,403.93,329.44,1054.0,396.6,3636.0,3205.0,12521.0,1245.0,1117.81,324.44,227.77,282.42,1381.38,1837.45,795.7,626.18,1679.09,1067.1,157.93,2964.75,1441.51,3340.0,,5034.0,12181.0,240.3
2025-08-04,2360.0,1349.8,7367.78,2439.39,1064.4,8044.5,1923.0,874.0,376.52,1892.0,1510.0,347.98,1225.1,5527.5,303.0,2720.1,1430.24,1005.05,741.5,671.08,2527.13,1465.49,5790.22,1439.46,411.57,329.34,1029.7,397.4,3595.2,3170.0,12326.0,1253.6,1136.86,322.39,224.36,281.98,1389.55,1795.5,794.5,612.17,1619.28,1070.4,153.5,2944.39,1420.13,3315.0,,5275.0,12158.0,236.64
2025-08-05,2370.0,1392.0,7292.97,2458.06,1068.0,8176.0,1930.1,889.0,387.45,1920.0,1513.5,351.3,1225.0,5625.0,306.9,2788.85,1457.62,993.25,735.8,686.96,2517.71,1441.87,5755.77,1456.4,408.64,333.93,1059.0,401.6,3630.0,3195.0,12400.0,1245.6,1133.73,323.9,223.41,278.01,1405.39,1830.76,798.0,626.68,1630.31,1072.6,159.56,3008.29,1454.87,3356.3,,5245.0,12330.0,239.86
2025-08-06,2333.9,1374.0,7251.08,2436.2,1074.0,8269.0,1939.4,888.0,389.43,1930.0,1498.8,354.57,1214.8,5684.5,302.0,2789.85,1458.6,985.55,734.1,686.96,2518.9,1431.26,5790.21,1430.11,405.65,332.68,1059.0,400.6,3650.0,3212.2,12570.0,1289.9,1128.9,325.02,222.51,278.5,1386.36,1856.02,800.95,630.16,1619.18,1061.0,159.62,2997.13,1464.76,3437.0,,5350.0,12298.0,239.81
2025-08-07,2290.0,1351.0,7145.36,2480.23,1067.8,8070.0,1919.7,871.0,383.47,1928.1,1476.1,355.52,1184.0,5660.0,291.55,2753.98,1436.05,990.05,747.05,676.94,2515.92,1430.07,5883.56,1408.44,403.54,322.5,1052.6,396.2,3610.3,3198.0,12525.0,1260.0,1112.0,323.56,221.18,275.5,1382.18,1832.45,801.1,623.05,1570.8,1051.0,157.15,2951.14,1439.92,3380.0,,5285.0,12204.0,233.09
2025-08-08,2247.0,1345.4,7151.34,2502.59,1073.0,8229.0,1915.0,877.0,382.78,1886.3,1483.0,359.31,1200.8,5681.5,300.35,2733.76,1452.6,993.55,756.0,684.0,2496.38,1434.83,5838.63,1403.51,405.4,324.59,1070.0,398.78,3641.6,3207.0,12630.0,1265.0,1115.97,321.51,221.89,275.79,1379.49,1848.53,805.0,619.52,1579.74,1052.0,159.5,2982.55,1458.53,3450.1,,5330.0,12285.0,236.3
2025-08-11,2196.0,1325.0,7082.52,2460.06,1058.1,8235.0,1918.0,877.15,381.49,1863.0,1488.0,358.36,1212.5,5677.0,300.9,2716.12,1452.79,987.95,763.5,673.75,2470.68,1416.97,5732.31,1398.49,405.99,321.0,1049.2,392.8,3610.0,3150.9,12585.0,1245.3,1091.11,326.39,221.45,275.83,1364.55,1833.45,808.0,606.75,1576.66,1048.0,157.95,2971.11,1465.06,3473.0,,5330.0,12161.0,233.03
2025-08-12,2280.1,1342.0,7240.11,2485.22,1071.1,8275.5,1925.0,877.2,381.49,1857.4,1504.0,361.73,1210.0,5679.5,309.4,2757.0,1467.57,995.95,764.75,658.0,2498.36,1431.0,5815.17,1406.67,408.44,327.95,1054.8,395.0,3680.0,3186.1,12620.0,1268.0,1102.05,327.6,221.8,275.4,1376.4,1847.13,824.95,612.27,1601.3,1055.8,158.52,2975.61,1467.24,3467.9,,5443.5,12447.0,236.59
2025-08-13,2299.0,1335.2,7383.73,2475.94,1071.1,8214.5,1914.0,854.55,379.7,1853.0,1521.6,365.9,1220.3,5658.0,305.9,2760.0,1477.42,997.0,765.85,673.0,2465.62,1424.6,5886.0,1403.51,408.64,328.6,1052.2,393.6,3696.0,3255.0,12840.0,1270.0,1085.24,331.55,225.53,277.92,1382.48,1838.74,822.65,608.34,1613.72,1047.8,160.96,2970.81,1499.3,3486.8,,5365.5,12485.0,236.78
2025-08-14,2288.0,1324.8,7809.62,2501.1,1067.0,8250.0,1914.4,860.0,386.21,1873.0,1562.5,366.04,1255.1,5710.0,313.0,2745.9,1478.4,989.0,778.75,701.0,2479.41,1412.0,5978.0,1404.7,405.75,330.6,1055.0,397.6,3700.0,3273.2,12864.0,1275.0,1093.99,331.21,226.26,279.9,1377.3,1839.54,822.0,610.58,1629.22,1057.2,160.02,2968.76,1494.25,3476.5,,5424.0,12413.0,236.98
2025-08-18,2309.6,1321.9,7829.57,2546.03,1080.0,8400.0,1950.0,875.0,386.36,1892.5,1566.2,366.56,1270.0,5880.0,318.4,2795.0,1475.54,1005.0,809.0,700.0,2519.2,1450.0,6009.0,1442.62,404.52,331.25,1060.0,399.58,3699.0,3350.0,13703.0,1216.1,1114.48,332.67,225.07,280.34,1390.0,1876.39,836.0,623.2,1638.95,1061.0,158.0,2980.99,1484.46,3496.0,,5530.0,12628.0,242.38
2025-08-19,2339.9,1332.0,7820.12,2583.37,1078.0,8609.0,1994.0,905.95,380.88,1901.1,1565.2,368.32,1263.0,5918.0,316.5,2845.9,1454.07,999.15,791.8,714.0,2552.14,1431.1,6060.0,1411.1,398.01,330.0,1080.0,398.8,3648.9,3400.0,14070.0,1212.6,1143.43,330.19,225.31,282.04,1390.0,1862.41,827.5,622.21,1622.26,1076.7,158.5,2946.45,1456.75,3555.0,,5550.0,12787.0,239.28
2025-08-20,2380.0,1369.4,7819.62,2573.98,1081.0,8794.5,1972.8,900.55,382.27,1937.0,1539.2,365.95,1244.0,5964.0,322.4,2828.3,1445.9,993.5,793.05,701.0,2578.73,1432.6,6050.0,1418.98,400.7,330.85,1072.0,404.1,3613.5,3354.1,14362.0,1227.8,1158.74,329.11,224.83,280.29,1413.0,1843.44,828.7,619.57,1623.45,1086.0,158.2,2946.15,1472.58,3560.0,,5496.0,12850.0,239.13
2025-08-21,2387.1,1371.1,7882.54,2570.89,1090.0,8835.0,1984.0,888.0,371.42,1930.0,1540.1,366.06,1245.4,5990.0,324.6,2880.0,1477.42,998.75,792.5,701.05,2646.3,1440.1,6100.0,1485.26,397.71,329.0,1080.6,407.8,3599.0,3410.0,14219.0,1239.8,1183.61,333.55,225.78,280.48,1425.0,1867.4,828.95,614.26,1620.28,1104.0,161.92,3062.69,1512.17,3595.0,,5457.0,12890.0,246.38
2025-08-22,2369.9,1364.0,7884.53,2558.81,1076.0,8684.5,1975.0,895.0,372.22,1934.0,1590.0,363.37,1274.1,5970.0,321.8,2881.1,1467.17,994.95,793.8,708.0,2626.35,1444.3,6099.0,1475.51,397.67,324.8,1068.5,402.04,3610.0,3380.0,14349.0,1255.0,1168.69,329.8,225.78,276.2,1420.0,1857.52,824.0,616.05,1631.4,1087.2,161.25,3019.64,1513.75,3616.3,,5452.5,12864.0,245.66
2025-08-25,2335.7,1341.3,7915.49,2512.08,1073.0,8750.0,1959.1,902.1,376.25,1940.0,1594.0,360.34,1277.7,5945.0,320.0,2825.7,1457.72,980.1,788.75,708.0,2622.39,1435.9,6149.5,1483.98,390.81,322.0,1059.5,397.4,3616.0,3428.0,14401.0,1240.0,1156.66,328.38,224.17,275.57,1414.7,1856.32,817.45,616.24,1638.56,1085.0,159.2,3020.91,1500.29,3629.7,,5460.0,12648.0,244.29
2025-08-26,2304.0,1335.2,7817.12,2477.23,1068.0,8730.0,1960.0,899.95,370.42,1922.1,1604.0,364.19,1276.0,5980.0,317.3,2803.6,1479.29,979.5,786.05,714.0,2604.13,1427.9,6100.0,1500.04,391.1,319.5,1051.2,395.6,3599.0,3395.0,14452.0,1212.0,1142.83,327.51,224.51,275.23,1408.0,1844.34,814.85,616.15,1634.38,1074.1,159.16,3061.71,1505.24,3662.8,,5420.0,12581.0,246.63
2025-08-28,2271.9,1316.9,7744.72,2461.16,1057.0,8798.0,1920.0,870.2,362.51,1893.0,1594.0,357.94,1263.2,6269.5,321.2,2775.0,1465.6,967.0,775.5,700.8,2726.57,1408.0,5875.0,1506.54,396.2,315.75,1047.1,391.0,3540.0,3375.0,14895.0,1196.0,1159.34,322.73,222.27,274.26,1389.9,1813.18,807.25,573.26,1582.82,1081.5,155.78,3077.37,1484.46,3552.1,,5295.0,12570.0,245.68
2025-08-29,2283.0,1318.0,7659.83,2487.12,1052.1,8714.0,1923.1,870.85,360.76,1872.5,1578.5,358.09,1259.0,6149.0,315.55,2784.3,1427.97,954.0,776.0,701.0,2644.02,1392.1,5715.0,1479.25,393.75,311.0,1032.0,390.04,3575.6,3271.0,14750.0,1151.0,1154.07,322.49,221.41,266.09,1381.1,1824.36,800.7,567.04,1570.8,1065.0,154.5,3026.49,1483.27,3637.7,,5239.0,12521.0,244.2
2025-09-01,2259.0,1318.3,7585.43,2514.08,1047.6,8665.0,1918.9,877.85,368.38,1889.0,1589.4,360.63,1260.1,6085.0,313.95,2778.0,1424.23,949.6,772.05,704.5,2639.05,1398.1,5629.5,1454.43,401.34,311.7,1026.6,392.06,3601.0,3191.1,14790.0,1154.3,1151.68,319.57,221.99,268.42,1356.0,1797.5,803.1,576.49,1588.68,1059.1,154.48,3023.55,1469.61,3631.0,,5321.0,12639.0,243.14
2025-09-02,2291.0,1340.9,7621.38,2565.0,1061.5,8970.0,1945.0,895.0,375.7,1904.5,1587.0,366.25,1279.9,6310.5,322.85,2815.0,1446.88,951.0,780.0,720.0,2628.34,1413.9,5679.0,1476.79,398.2,314.2,1035.6,393.2,3598.4,3325.0,14859.0,1185.0,1168.09,322.59,226.49,272.51,1354.8,1812.38,806.3,586.43,1555.89,1077.0,156.17,3053.98,1486.44,3614.0,,5450.0,12788.0,244.06
2025-09-03,2285.0,1338.0,7674.81,2526.06,1056.2,9052.0,1950.0,892.7,376.15,1891.0,1570.0,366.06,1250.0,6349.0,325.1,2789.0,1452.79,945.0,783.0,725.0,2660.09,1389.0,5660.5,1477.38,400.11,311.0,1042.0,388.8,3594.0,3269.0,14875.0,1160.0,1200.02,327.85,227.2,281.06,1369.7,1811.98,804.3,581.46,1552.02,1102.9,158.4,3062.6,1497.12,3605.0,,5416.0,12700.0,245.56
2025-09-04,2309.9,1338.0,7779.67,2549.92,1058.2,9350.0,1985.0,915.0,379.88,1899.0,1599.0,376.49,1268.0,6690.0,328.0,2801.0,1443.04,960.2,803.0,744.05,2728.55,1409.9,5780.0,1461.62,415.25,315.25,1075.0,392.2,3622.9,3527.0,15240.0,1189.0,1223.39,328.21,227.99,278.97,1371.8,1887.38,814.65,592.39,1586.69,1126.0,169.0,3048.99,1490.49,3740.0,,5525.0,13000.0,243.22
2025-09-05,2275.0,1330.0,7889.53,2561.0,1056.6,9117.0,2013.9,942.0,372.41,1887.0,1577.8,377.06,1254.3,6449.0,327.55,2810.0,1426.2,967.5,764.0,738.0,2646.79,1411.0,5705.0,1447.84,408.34,310.0,1069.0,389.94,3592.8,3511.0,14740.0,1169.9,1205.49,324.82,224.82,274.6,1363.0,1812.48,811.5,585.43,1572.19,1074.0,167.0,3030.5,1483.47,3695.0,,5557.0,12680.0,239.91
2025-09-08,2290.0,1321.9,7824.11,2575.88,1055.9,9102.0,2014.4,937.6,370.07,1898.0,1554.5,378.6,1269.0,6570.5,331.0,2795.1,1402.46,969.0,762.3,745.0,2609.49,1402.2,5681.0,1429.12,399.09,310.75,1080.1,388.5,3570.0,3561.3,14921.0,1174.5,1202.01,323.54,223.28,278.53,1380.0,1804.49,808.0,592.39,1587.29,1072.4,170.0,2984.41,1467.04,3653.0,,5540.0,12601.0,238.21
2025-09-09,2320.0,1354.7,7744.72,2536.04,1057.5,9390.5,2012.0,944.0,370.32,1892.0,1541.2,373.51,1257.5,6782.0,329.0,2804.1,1388.97,974.0,755.0,740.7,2616.43,1399.0,5670.0,1458.67,400.11,311.1,1100.0,391.2,3547.2,3702.2,15249.0,1153.0,1188.78,322.41,221.75,275.28,1376.6,1787.32,812.0,594.38,1569.8,1074.2,169.3,2966.9,1451.4,3667.8,,5330.0,12699.0,238.83
2025-09-10,2330.0,1400.0,7794.65,2533.35,1058.0,9425.0,2035.1,951.05,372.12,1904.0,1555.0,373.32,1294.4,6900.0,328.95,2795.9,1413.3,973.9,763.0,745.0,2621.39,1410.0,5665.0,1487.33,402.56,310.0,1108.0,396.98,3559.0,3702.0,15366.0,1158.8,1201.71,320.34,222.2,276.88,1383.9,1802.39,812.0,594.97,1581.82,1083.5,169.19,2990.68,1487.43,3632.0,,5250.0,12625.0,243.03
2025-09-11,2348.0,1404.9,7865.06,2537.04,1069.0,9243.5,2038.0,968.0,387.95,1884.0,1563.5,378.26,1304.0,6805.0,325.0,2782.4,1441.86,960.3,777.95,742.0,2623.18,1398.0,5560.0,1500.92,404.57,310.05,1101.2,395.4,3548.0,3620.0,15111.0,1168.5,1205.59,321.28,221.34,274.79,1376.0,1822.27,819.1,601.14,1582.22,1099.0,169.35,3071.5,1510.19,3620.0,,5214.5,12478.0,249.26
2025-09-12,2416.9,1395.5,7864.56,2556.01,1088.4,9115.0,2036.1,972.25,384.36,1925.0,1562.1,378.17,1303.1,6765.0,327.1,2799.0,1452.79,969.9,775.7,748.9,2604.53,1405.1,5699.0,1513.83,406.82,311.05,1099.0,394.64,3556.4,3594.9,15160.0,1184.0,1213.65,326.74,223.64,279.36,1383.3,1811.68,824.1,619.43,1599.61,1105.0,169.6,3076.39,1513.16,3589.9,,5179.0,12396.0,248.47
2025-09-15,2392.0,1393.1,7889.53,2531.15,1105.0,9026.5,2078.0,999.0,398.3,1904.0,1568.0,378.94,1308.9,6875.0,322.95,2795.0,1445.11,969.6,775.0,758.15,2560.37,1422.0,5758.0,1502.6,404.57,311.05,1100.0,393.6,3581.0,3590.0,15350.0,1184.2,1205.69,325.75,222.34,280.38,1393.0,1827.56,823.55,626.98,1606.17,1103.9,169.77,3066.61,1512.07,3556.0,,5131.0,12370.0,245.17
2025-09-16,2410.0,1400.0,7795.15,2491.11,1105.7,9032.0,2085.0,1005.85,396.76,1903.3,1556.0,379.56,1300.0,6823.0,323.0,2811.9,1441.86,961.2,776.85,754.4,2568.01,1414.0,5691.0,1485.66,404.72,315.8,1100.5,395.28,3603.9,3545.0,15300.0,1161.0,1205.49,325.95,221.7,278.68,1404.7,1827.86,825.1,619.87,1592.16,1103.0,169.39,3060.74,1507.12,3525.0,,5154.0,12497.0,245.66
2025-09-17,2417.0,1410.0,7858.57,2478.13,1121.3,9076.5,2088.0,1010.0,403.78,1938.1,1556.0,386.29,1317.0,6921.0,327.3,2855.0,1468.35,965.15,775.05,756.0,2566.82,1420.1,5749.0,1494.03,405.45,315.9,1119.5,405.8,3672.0,3608.0,15592.0,1162.5,1200.52,330.18,225.06,281.06,1407.0,1807.59,834.3,616.24,1602.19,1103.1,172.5,3084.22,1522.36,3561.9,,5180.0,12678.0,246.93
2025-09-18,2414.5,1410.0,7864.56,2494.01,1129.0,9099.5,2066.0,1007.0,413.24,1944.5,1560.0,384.85,1312.1,6895.5,328.8,2878.0,1470.13,973.3,766.2,746.35,2550.85,1431.1,5740.0,1526.63,402.91,316.3,1111.9,410.0,3691.0,3636.1,15916.0,1145.1,1198.63,331.66,226.68,279.12,1420.4,1802.39,858.65,616.24,1624.55,1136.3,171.46,3116.51,1539.88,3530.0,,5215.0,12730.0,250.53
2025-09-19,2495.0,1447.8,7840.09,2471.14,1133.0,9050.0,2069.0,991.0,407.27,1930.2,1581.0,378.6,1324.7,6947.0,337.0,2876.1,1471.31,974.9,786.8,752.0,2579.72,1416.1,5758.0,1521.31,403.1,317.6,1121.1,410.92,3679.0,3601.0,16000.0,1170.0,1205.49,331.61,224.21,282.04,1414.9,1825.46,852.0,626.18,1637.96,1128.5,172.1,3101.83,1534.93,3504.0,,5149.0,12602.0,250.53
2025-09-22,2535.0,1433.0,7601.41,2490.21,1136.0,8971.5,2067.3,989.95,408.06,1954.0,1575.0,379.08,1320.9,7000.0,340.0,2860.0,1401.58,964.0,786.8,743.3,2548.96,1403.9,5698.5,1460.34,402.22,317.0,1122.0,406.4,3693.6,3600.0,15879.0,1165.9,1192.46,333.77,225.06,279.12,1403.9,1852.42,862.0,634.14,1639.35,1120.0,170.8,3028.45,1483.47,3458.2,,5089.5,12547.0,242.29
2025-09-23,2642.6,1453.0,7714.76,2468.25,1146.0,9079.0,2068.0,999.0,404.68,1950.0,1542.2,379.32,1300.0,7015.0,340.95,2858.9,1422.46,967.0,787.45,745.0,2548.86,1391.0,5765.0,1470.49,398.74,313.85,1125.0,404.6,3646.9,3610.0,16120.0,1174.7,1183.41,334.07,226.25,280.72,1391.0,1862.41,854.6,624.2,1632.59,1131.0,171.45,3003.98,1496.04,3465.2,,5010.5,12650.0,243.92
2025-09-24,2655.0,1445.0,7687.79,2442.19,1168.0,8990.0,2084.1,1021.5,402.74,1926.0,1527.0,379.08,1303.3,6950.0,336.2,2813.5,1403.64,952.2,771.25,744.0,2502.53,1386.4,5745.0,1464.78,394.92,314.0,1138.4,408.4,3657.6,3614.5,16188.0,1154.0,1161.63,337.86,225.69,279.99,1385.3,1822.37,876.0,624.4,1619.48,1125.0,173.16,2984.41,1454.77,3430.0,,4938.0,12427.0,242.08
2025-09-25,2625.0,1431.7,7638.86,2454.67,1154.7,8821.0,2069.2,1020.0,393.77,1930.0,1538.0,376.73,1298.3,7009.5,334.0,2810.0,1418.52,952.5,768.0,746.0,2526.14,1377.0,5690.0,1466.55,393.21,306.75,1149.1,406.46,3684.0,3579.9,16249.0,1138.4,1178.14,343.76,227.84,285.93,1381.3,1807.59,866.55,621.36,1617.39,1145.0,172.9,2957.02,1436.95,3408.0,,4914.5,12210.0,239.27
2025-09-26,2572.8,1407.2,7539.99,2393.76,1161.6,8830.0,2040.0,1008.05,401.94,1931.1,1495.6,377.16,1250.0,6980.0,331.0,2775.0,1398.62,945.1,766.6,745.9,2515.23,1368.0,5679.0,1452.76,391.89,300.9,1155.0,401.8,3664.0,3510.0,16235.0,1135.0,1163.72,335.1,228.87,275.71,1372.0,1804.89,862.0,606.31,1574.77,1126.0,172.22,2877.76,1424.98,3387.7,,4739.0,12140.0,235.37
2025-09-29,2543.7,1393.6,7539.99,2339.25,1155.4,8745.0,2007.9,990.0,399.3,1928.0,1506.9,374.57,1265.0,7049.0,326.95,2740.1,1376.07,946.05,762.0,745.0,2475.54,1359.6,5575.0,1437.99,398.55,296.0,1130.0,399.18,3738.0,3419.0,16300.0,1134.6,1153.77,333.73,227.92,276.1,1381.6,1811.48,858.05,605.21,1570.8,1119.0,167.6,2853.29,1400.34,3327.0,,4700.0,12100.0,230.92
2025-09-30,2522.0,1389.7,7434.13,2348.34,1130.0,8721.0,2025.0,990.0,403.28,1896.0,1488.1,374.47,1235.1,6984.5,325.1,2747.0,1371.14,958.05,757.0,759.95,2478.42,1353.7,5551.0,1421.24,398.4,295.0,1128.8,400.8,3695.0,3420.0,15985.0,1115.7,1149.39,335.69,228.87,274.26,1377.1,1780.52,869.95,608.09,1578.84,1123.0,169.5,2848.4,1393.41,3452.0,,4744.5,12041.0,233.89
2025-10-01,2518.4,1406.0,7399.68,2349.73,1132.5,8720.0,2008.9,991.5,400.3,1868.0,1505.0,374.57,1227.9,7000.0,323.1,2767.9,1365.23,952.7,753.2,761.9,2495.78,1348.0,5568.0,1424.2,394.09,294.0,1145.0,397.2,3658.9,3419.2,16026.0,1119.7,1151.68,334.91,227.54,273.28,1367.0,1780.52,872.3,612.32,1601.5,1129.1,169.0,2828.83,1386.48,3370.0,,4711.0,12274.0,233.96
2025-10-03,2595.0,1413.0,7431.13,2338.55,1171.0,8626.5,2016.5,975.0,405.08,1851.2,1522.0,373.32,1243.9,7000.0,326.2,2800.0,1375.47,952.0,756.65,766.0,2516.42,1371.9,5602.0,1417.3,396.59,300.05,1146.1,412.66,3690.0,3462.1,15949.0,1098.0,1153.77,334.86,231.26,275.57,1363.2,1798.6,865.15,641.09,1589.67,1146.0,168.12,2861.12,1408.25,3379.9,,4804.0,12095.0,234.92
2025-10-06,2589.1,1419.1,7539.99,2351.33,1185.0,8698.0,1996.1,993.0,410.95,1892.6,1511.0,368.51,1248.2,6941.0,326.5,2765.1,1372.52,971.9,755.2,782.05,2515.43,1371.0,5659.5,1424.79,394.73,302.0,1161.7,422.8,3720.0,3462.0,15840.0,1101.0,1157.25,335.2,231.48,280.43,1360.0,1773.53,868.0,642.58,1619.48,1133.0,173.3,2839.6,1390.34,3453.3,,4817.0,12019.0,233.96
2025-10-07,2580.7,1400.8,7664.32,2351.33,1212.0,8800.0,2038.7,1008.9,411.5,1900.0,1514.9,368.99,1250.3,6880.0,335.5,2800.0,1400.59,974.0,767.0,771.0,2520.19,1363.6,5675.0,1455.42,394.24,306.35,1159.9,428.4,3748.0,3468.1,16014.0,1134.0,1175.35,333.73,234.46,281.01,1376.0,1774.53,874.15,666.14,1638.75,1136.4,170.4,2930.6,1425.08,3425.0,,4695.0,12059.0,236.79
2025-10-08,2562.0,1399.4,7687.29,2356.32,1180.1,8903.0,2031.5,1012.05,408.66,1929.0,1512.0,370.43,1248.3,6957.0,337.65,2819.0,1411.62,976.0,755.6,770.0,2491.41,1372.3,5637.5,1435.03,391.79,309.9,1158.0,425.3,3730.0,3500.0,16108.0,1130.0,1163.72,333.87,235.12,282.38,1384.8,1781.52,866.8,657.99,1634.38,1112.0,172.0,2911.03,1417.26,3474.0,,4709.0,12150.0,237.13
2025-10-09,2535.0,1394.5,7679.8,2324.87,1178.0,8775.0,2013.6,1023.0,401.99,1945.0,1510.0,368.03,1245.0,6925.0,345.0,2781.4,1431.32,974.5,746.1,770.25,2481.49,1369.8,5656.0,1479.35,390.81,305.3,1146.0,423.6,3735.5,3450.0,16070.0,1148.0,1168.79,328.51,230.63,277.17,1374.0,1770.44,861.6,662.86,1634.38,1117.0,172.79,2968.76,1443.09,3559.8,,4630.0,11991.0,237.85
2025-10-10,2552.0,1400.5,7684.3,2335.26,1168.0,8816.0,2014.6,1018.1,407.27,1937.0,1513.0,368.99,1249.6,6895.5,342.55,2810.6,1468.55,979.0,754.9,774.5,2490.42,1370.3,5721.0,1487.23,392.23,307.0,1174.0,429.0,3765.0,3425.0,15980.0,1156.0,1180.03,330.67,232.74,277.42,1377.8,1822.47,862.1,664.95,1644.32,1116.0,176.0,2984.41,1461.7,3548.9,,4670.0,12180.0,241.76
2025-10-13,2529.1,1400.8,7698.78,2336.55,1171.0,8947.0,2004.1,1023.85,411.2,1937.9,1559.0,368.27,1257.0,6999.5,347.5,2791.1,1467.57,974.3,742.2,772.25,2499.55,1373.1,5758.0,1474.43,391.79,306.0,1160.9,427.2,3780.0,3432.0,16264.0,1154.0,1192.56,332.59,233.64,279.85,1376.9,1807.49,879.0,656.0,1651.77,1120.0,173.0,2961.91,1439.92,3518.0,,4677.1,12225.0,239.87
2025-10-14,2538.9,1440.0,7838.09,2338.75,1191.8,9100.0,2024.9,1040.0,408.26,1964.0,1563.0,367.12,1262.4,6939.5,352.0,2798.0,1492.58,970.0,746.95,776.05,2473.56,1389.0,5778.0,1476.4,391.79,309.65,1165.0,429.8,3775.0,3469.9,16350.0,1149.0,1183.71,336.58,233.93,278.63,1380.0,1814.88,883.0,670.96,1656.84,1115.0,174.91,2956.04,1444.87,3533.0,,4690.0,12172.0,239.61
2025-10-15,2535.0,1430.0,7789.66,2326.37,1180.0,9106.5,2024.5,1026.0,401.29,1957.2,1550.0,366.35,1233.0,6893.5,347.75,2780.0,1475.35,975.0,744.7,765.0,2483.08,1386.5,5780.0,1461.53,389.83,305.6,1147.8,431.0,3747.0,3461.0,16300.0,1161.5,1169.19,331.61,233.35,279.26,1383.0,1813.58,878.1,671.41,1641.84,1118.9,170.83,2917.95,1454.77,3532.9,403.0,4617.2,12085.0,243.71
2025-10-16,2544.8,1454.0,7803.64,2373.3,1216.4,9030.0,2078.5,1062.0,407.37,1962.3,1559.0,369.95,1235.9,6893.0,356.0,2825.7,1477.32,982.65,759.95,765.1,2498.16,1401.0,5895.5,1451.68,392.77,314.05,1165.0,430.58,3830.3,3503.0,16246.0,1161.4,1214.84,334.81,236.5,284.37,1375.1,1840.04,888.3,672.75,1643.33,1114.2,173.0,2916.87,1450.81,3549.0,395.45,4743.0,12306.0,244.1
2025-10-17,2560.0,1479.5,7839.59,2417.23,1196.3,9150.0,2090.0,1056.1,408.61,1973.6,1565.3,372.45,1245.0,6990.0,340.0,2862.0,1488.22,993.95,740.75,780.0,2545.49,1412.0,5875.0,1432.96,397.03,313.55,1175.0,440.78,3860.0,3561.0,16298.0,1188.0,1257.11,336.09,237.03,283.01,1401.0,1841.44,887.5,668.13,1647.5,1152.2,173.6,2916.97,1449.82,3635.0,396.8,4793.4,12300.0,243.71
2025-10-20,2561.3,1488.0,7939.46,2503.89,1207.9,9194.5,2088.0,1081.5,414.73,2026.0,1590.0,374.76,1264.8,7049.0,345.0,2849.0,1479.18,997.0,751.9,774.3,2588.65,1442.0,5890.0,1431.78,404.08,309.2,1174.6,442.8,3862.0,3674.0,16500.0,1211.9,1282.58,335.99,236.21,282.18,1440.0,1847.43,894.6,674.29,1674.03,1166.9,173.3,2932.2,1440.0,3680.0,400.05,4821.9,12420.0,234.84
2025-10-21,2554.9,1477.0,8027.34,2509.08,1225.8,9159.5,2150.0,1084.9,416.38,2051.8,1646.7,377.74,1288.0,7037.0,340.1,2875.9,1491.89,1006.0,740.6,791.0,2573.77,1384.5,5950.0,1455.71,405.01,311.45,1150.0,442.76,3892.0,3608.2,16453.0,1214.9,1273.13,337.51,237.21,280.38,1468.0,1849.43,908.0,691.29,1679.09,1176.4,172.4,2976.98,1450.0,3737.2,402.8,4827.0,12371.0,234.93
2025-10-23,2559.9,1478.8,7939.46,2514.97,1246.0,9136.0,2170.0,1090.0,419.71,2063.9,1665.0,376.3,1303.6,7100.0,343.0,2884.0,1499.14,1016.0,745.0,791.5,2580.71,1385.0,5941.0,1487.23,407.46,312.0,1161.0,445.0,3890.0,3632.1,16660.0,1200.0,1280.09,338.35,238.41,281.01,1475.0,1847.43,912.0,691.04,1694.0,1174.6,173.9,3000.46,1465.0,3765.0,407.5,4800.0,12390.0,238.64
2025-10-24,2554.8,1463.0,7964.43,2491.11,1254.2,9070.0,2176.6,1093.5,420.21,2008.0,1625.1,377.3,1280.0,6894.0,328.0,2864.6,1514.03,1011.0,743.6,811.35,2563.85,1368.1,5800.0,1516.29,407.41,310.0,1140.0,447.6,3929.3,3630.0,16392.0,1213.7,1267.56,337.02,242.22,281.7,1450.0,1857.42,910.95,706.74,1679.09,1163.3,174.6,3025.01,1465.4,3775.0,406.95,4796.0,12149.0,238.83
2025-10-27,2504.2,1429.0,7827.11,2497.7,1243.4,9099.5,2159.5,1090.95,423.2,2030.0,1585.0,380.04,1283.0,6868.0,326.2,2859.0,1520.39,996.5,734.95,834.9,2496.77,1382.1,5801.0,1510.0,408.44,306.85,1147.8,434.44,3912.0,3626.8,16350.0,1180.0,1275.12,335.3,243.58,281.06,1463.0,1877.59,906.95,716.63,1690.02,1155.9,175.89,3011.75,1457.9,3714.0,404.0,4810.0,11922.0,237.17
2025-10-28,2495.0,1425.9,7853.57,2511.08,1249.0,9100.0,2172.0,1078.0,415.03,2092.0,1585.8,381.44,1283.9,6905.0,332.75,2932.7,1523.96,997.65,736.0,838.0,2499.35,1373.0,5807.0,1499.7,411.87,306.1,1145.6,428.4,3922.1,3605.0,16399.0,1186.3,1276.91,336.97,241.37,282.57,1484.1,1900.46,927.1,715.14,1681.08,1169.3,177.35,3021.08,1469.0,3750.0,411.3,4800.6,12025.0,237.53
2025-10-29,2500.0,1424.1,7880.04,2516.07,1246.9,9090.0,2150.0,1072.0,411.8,2083.0,1575.0,377.88,1299.0,7007.5,333.55,2945.9,1519.0,1004.9,750.2,854.0,2493.0,1364.6,5815.5,1500.2,409.62,307.8,1189.2,434.0,3988.0,3580.0,16360.0,1185.0,1268.15,333.87,239.32,281.06,1490.0,1931.32,933.9,719.32,1679.09,1169.0,183.67,3003.3,1453.0,3734.2,412.5,4735.0,11940.0,237.47
2025-10-30,2550.0,1458.0,7756.7,2531.55,1243.0,9034.0,2140.0,1063.0,406.07,2070.0,1587.0,367.98,1196.0,6952.0,328.0,2960.0,1546.5,1000.0,758.0,852.1,2471.57,1362.4,5815.0,1507.0,412.95,310.1,1207.9,430.0,3980.0,3540.0,16190.0,1186.5,1271.14,343.47,244.61,288.16,1500.0,1967.66,939.45,734.03,1704.73,1184.0,184.4,2994.66,1453.2,3745.0,412.7,4781.1,12040.0,236.78
2025-10-31,2535.0,1457.9,7822.61,2519.47,1243.0,8939.5,2115.0,1052.0,412.05,2056.0,1510.1,374.71,1202.5,6929.0,329.95,2950.4,1538.65,994.0,745.0,856.95,2449.74,1357.0,5729.0,1490.0,411.87,309.0,1210.0,429.38,4001.1,3516.1,16204.0,1167.8,1273.03,339.53,242.89,283.98,1490.4,1962.27,934.9,729.01,1689.03,1171.0,184.0,2980.81,1433.8,3758.9,414.05,4745.0,12053.0,236.02
2025-11-03,2484.0,1451.5,7664.82,2492.31,1226.0,8900.0,2086.0,1037.0,426.19,2055.0,1502.9,375.29,1196.9,7030.0,316.45,2896.0,1529.02,985.0,730.0,847.85,2436.94,1340.5,5625.0,1482.3,411.33,306.2,1213.9,420.44,4030.0,3511.0,16016.0,1146.7,1262.78,331.51,243.18,281.06,1486.0,1947.29,938.75,758.18,1677.3,1164.8,182.4,2992.5,1419.1,3730.0,414.0,4694.3,11927.0,234.61
2025-11-04,2479.8,1449.6,7814.13,2506.09,1230.1,8920.0,2087.0,1040.0,418.22,2107.0,1511.5,375.04,1198.0,7050.0,321.05,2908.9,1525.35,987.0,736.0,841.55,2440.81,1342.6,5696.0,1479.7,405.5,306.0,1202.6,423.34,3985.0,3548.6,15607.0,1149.1,1259.2,330.08,244.23,276.69,1483.9,1956.38,951.0,787.65,1695.98,1199.8,183.0,2965.69,1419.9,3724.5,417.4,4720.0,11960.0,234.45
2025-11-06,2425.1,1452.1,7722.25,2556.11,1225.0,8755.0,2079.0,1037.0,409.26,2115.0,1510.8,373.76,1202.0,6945.0,308.5,2797.1,1518.1,981.0,738.85,788.0,2444.68,1330.0,5750.0,1478.6,401.58,301.9,1181.4,414.6,3945.0,3625.0,15534.0,1119.1,1258.21,326.79,241.8,270.37,1484.0,1974.16,969.65,787.8,1688.03,1172.1,179.29,2936.71,1412.0,3780.0,407.15,4660.6,11800.0,233.96
2025-11-07,2315.0,1435.0,7778.67,2598.84,1227.0,8720.0,2060.0,1039.0,406.27,2048.0,1500.0,367.15,1208.0,6806.5,305.95,2700.0,1504.2,980.0,731.05,788.5,2417.0,1320.4,5689.5,1470.0,397.71,297.0,1160.1,415.74,3877.1,3615.6,15459.0,1126.0,1257.21,321.97,238.41,262.78,1494.6,1959.38,958.75,792.5,1683.07,1185.0,177.0,2947.42,1400.1,3766.0,406.7,4679.5,11871.0,232.69
2025-11-10,2308.25,1452.2,7621.38,2609.73,1222.0,8795.0,2114.7,1066.6,414.19,1995.0,1510.0,371.19,1199.4,6870.0,304.25,2738.0,1507.08,982.3,750.0,792.0,2405.0,1342.9,5604.0,1490.1,395.76,299.65,1174.0,416.2,3895.0,3690.2,15380.0,1141.3,1256.32,323.66,240.32,265.62,1477.9,1997.32,956.0,822.0,1686.54,1167.2,182.03,2939.56,1386.7,3788.0,406.0,4568.0,11851.0,231.46
2025-11-11,2295.74,1453.0,7491.55,2646.27,1218.1,8819.0,2085.0,1043.7,415.38,2020.1,1511.3,376.47,1203.6,6871.5,302.95,2775.0,1536.67,983.5,754.4,790.8,2422.2,1349.0,5624.0,1525.0,397.67,302.0,1187.0,420.0,3929.0,3699.9,15640.0,1103.3,1261.19,323.51,242.42,265.27,1497.0,1992.13,953.6,821.1,1690.62,1148.0,182.9,2990.63,1405.0,3810.5,412.55,4295.0,11750.0,235.03
2025-11-12,2311.25,1477.0,7510.03,2655.86,1227.9,8935.0,2009.5,1011.0,426.34,2060.0,1514.9,379.24,1220.1,6906.5,308.0,2788.4,1563.67,998.8,765.0,798.0,2430.6,1370.0,5790.0,1540.0,399.62,305.3,1192.0,420.02,3970.0,3761.0,15674.0,1124.9,1263.18,325.05,240.89,266.01,1505.0,1994.53,957.7,832.3,1710.29,1156.3,181.44,3005.37,1415.0,3838.0,407.6,4330.0,11861.0,236.64
2025-11-13,2425.65,1515.0,7470.08,2854.45,1219.0,8888.0,2045.0,1012.5,421.36,2099.9,1520.0,381.46,1235.8,6875.0,308.65,2766.6,1587.9,984.0,782.9,803.0,2429.0,1358.9,5838.0,1557.1,398.65,310.0,1191.7,417.9,3954.6,3748.2,15661.0,1103.9,1273.13,324.7,241.94,264.13,1515.0,1977.85,954.25,826.0,1723.31,1168.0,184.0,3075.88,1463.0,3860.0,404.0,4378.0,11921.0,239.81
2025-11-14,2423.71,1500.0,7430.14,2860.64,1224.0,8867.5,2050.0,1004.9,417.02,2090.0,1526.9,378.2,1235.2,6799.0,295.0,2777.2,1578.56,976.05,779.0,807.0,2405.1,1374.0,5900.0,1520.0,396.39,311.0,1182.1,413.2,4002.0,3700.0,15725.0,1093.7,1268.35,324.55,239.86,267.35,1505.5,1979.85,952.95,809.5,1726.19,1149.0,177.52,3034.83,1444.2,3839.2,397.95,4335.0,11941.0,237.78
2025-11-17,2460.0,1518.9,7465.09,2901.87,1243.9,8850.0,2065.8,1021.0,426.14,2112.0,1537.5,381.95,1253.0,6730.0,303.1,2790.0,1582.54,991.25,770.7,801.0,2431.4,1375.1,5900.0,1496.0,401.34,316.0,1173.9,419.0,4004.4,3710.0,15689.0,1105.0,1265.17,326.53,241.91,269.08,1520.9,1998.12,971.0,809.0,1754.4,1166.0,175.13,3050.54,1440.0,3848.0,380.0,4391.9,11810.0,237.83
2025-11-18,2462.0,1518.9,7440.12,2886.0,1250.0,8975.5,2073.0,1021.2,422.75,2122.0,1530.0,382.79,1244.5,6835.0,312.0,2788.0,1592.46,997.65,766.45,804.5,2415.8,1380.2,5876.0,1506.0,399.87,311.15,1179.9,418.12,4020.0,3718.5,15878.0,1141.4,1255.32,326.58,241.32,270.96,1521.7,1988.34,975.6,820.0,1752.62,1178.7,172.4,3046.62,1444.0,3865.0,373.1,4404.6,11888.0,236.82
2025-11-19,2446.5,1499.0,7409.16,2914.0,1268.0,8950.0,2059.4,1009.0,418.22,2155.0,1511.4,378.1,1248.7,6800.0,305.0,2770.0,1583.83,990.0,760.6,797.15,2412.0,1373.5,5712.0,1490.5,396.54,305.85,1167.5,419.9,4007.0,3695.0,15950.0,1115.0,1261.09,326.49,241.27,272.89,1517.4,1988.14,972.45,824.15,1750.63,1154.1,172.45,3041.71,1427.5,3882.9,371.2,4380.0,11707.0,235.13
2025-11-20,2450.1,1500.0,7471.08,2897.4,1275.0,8924.0,2064.7,1015.0,423.2,2153.1,1526.9,376.03,1255.0,6906.0,308.5,2760.0,1650.64,995.3,760.7,799.8,2445.1,1380.1,5761.5,1555.0,395.27,305.6,1170.6,422.96,4035.0,3744.8,15810.0,1166.0,1281.08,325.54,243.28,272.19,1530.0,2011.1,986.0,822.0,1778.45,1164.9,174.1,3091.79,1445.3,3950.0,362.0,4352.2,11720.0,241.27
2025-11-21,2450.0,1492.0,7415.65,2869.0,1284.0,8950.0,2100.0,1020.0,419.71,2150.1,1521.1,373.07,1244.8,7125.5,304.95,2750.0,1624.23,1003.1,760.0,786.0,2436.2,1373.0,5785.0,1531.0,396.69,307.0,1166.0,420.0,4026.0,3730.0,15790.0,1160.0,1268.15,324.4,241.37,274.12,1541.0,2024.09,979.7,825.0,1766.53,1173.9,171.8,3088.65,1455.0,3901.0,359.0,4397.0,11758.0,238.83
2025-11-24,2426.2,1482.0,7389.19,2876.0,1279.2,8905.0,2064.0,1005.0,412.24,2162.1,1515.0,373.22,1248.0,7151.5,296.5,2734.9,1602.69,1000.0,765.5,782.85,2441.9,1373.3,5953.0,1563.6,400.02,303.3,1142.0,419.0,4025.0,3745.1,16005.0,1183.9,1278.1,324.25,241.27,274.91,1550.0,2024.19,975.55,825.0,1774.37,1188.5,168.0,3101.62,1470.0,3915.5,362.5,4370.0,11738.0,238.85
2025-11-25,2400.9,1490.0,7399.18,2899.9,1269.1,9025.0,2039.0,995.0,404.78,2159.0,1500.2,367.74,1236.3,7258.5,303.0,2688.1,1606.66,1004.0,763.85,777.95,2422.0,1365.0,5805.5,1549.0,395.27,299.75,1107.3,418.86,4013.0,3687.0,15958.0,1169.0,1260.59,321.03,240.1,271.95,1535.9,1969.66,975.55,828.2,1773.48,1188.0,166.0,3089.14,1501.2,3874.4,358.0,4310.9,11600.0,241.76
2025-11-26,2321.2,1484.3,7331.77,2880.0,1271.9,9054.0,2035.0,986.2,408.51,2104.0,1505.0,367.0,1236.1,7258.0,300.3,2686.8,1589.58,981.3,763.6,790.15,2412.0,1360.0,5799.0,1532.1,392.77,301.5,1112.0,415.0,3999.0,3681.0,15950.0,1158.3,1250.35,321.87,239.71,270.96,1542.3,2028.18,986.6,841.95,1764.04,1150.0,167.0,3063.12,1498.0,3845.0,354.45,4246.5,11589.0,239.81
2025-11-27,2310.0,1511.8,7380.2,2880.0,1297.0,9194.0,2085.1,1015.6,413.54,2132.0,1523.8,372.43,1248.0,7210.0,308.0,2748.0,1607.46,1002.1,787.55,807.9,2426.1,1379.0,5913.0,1564.0,395.22,309.0,1159.0,420.8,4071.0,3701.5,16166.0,1171.6,1269.15,324.7,242.3,273.92,1575.0,2027.18,986.7,860.0,1790.47,1187.0,170.45,3123.22,1523.0,3900.6,362.0,4305.5,11776.0,244.1
2025-11-28,2267.1,1510.0,7320.28,2880.0,1287.3,9031.0,2110.0,1038.0,412.25,2118.0,1525.2,374.06,1250.0,6999.0,303.0,2747.2,1617.28,1007.0,780.4,812.2,2450.0,1392.0,5922.0,1565.0,396.0,306.15,1160.0,423.8,4085.0,3692.0,15906.0,1156.1,1259.5,325.54,239.37,270.76,1568.0,2008.21,976.8,870.05,1798.62,1177.1,168.13,3083.94,1515.8,3906.2,358.0,4276.1,11620.0,244.68
2025-12-01,2300.0,1530.0,7365.22,2877.7,1288.0,9129.0,2102.5,1041.9,414.14,2114.7,1532.0,371.98,1263.9,7061.5,302.3,2750.0,1618.28,1017.5,765.0,817.95,2466.6,1394.0,5890.0,1562.5,394.53,307.1,1164.9,426.8,4087.0,3790.0,15975.0,1164.0,1253.83,324.65,238.44,269.43,1575.0,1964.27,985.45,857.85,1829.12,1172.4,169.0,3081.87,1515.3,3907.7,359.0,4270.0,11620.0,243.81
2025-12-02,2255.0,1528.1,7277.84,2867.0,1270.7,9100.0,2070.1,1014.5,416.28,2089.8,1520.0,374.55,1260.5,7125.0,300.6,2717.1,1639.13,988.0,762.0,811.0,2471.0,1381.8,5792.0,1567.0,395.95,303.0,1168.4,428.0,4066.5,3722.8,16127.0,1125.4,1244.28,325.0,237.9,266.01,1561.1,1949.29,976.0,855.75,1792.36,1160.0,168.43,3075.1,1523.1,3875.0,364.0,4218.1,11702.0,243.71
2025-12-03,2240.0,1514.0,7190.45,2969.0,1255.0,9085.5,2065.9,1021.0,410.25,2100.1,1516.7,374.01,1283.6,7090.0,300.6,2744.0,1623.74,986.0,755.3,810.8,2478.2,1367.0,5675.0,1555.1,393.45,305.0,1162.0,427.02,4032.0,3736.0,16219.0,1118.0,1250.25,326.53,238.44,264.48,1545.2,1979.25,970.45,843.4,1793.35,1159.8,167.78,3083.94,1537.9,3870.0,361.7,4226.0,11700.0,244.29
2025-12-04,2188.0,1497.7,7174.48,2950.0,1270.7,9005.0,2046.0,1018.0,404.08,2094.8,1503.1,370.11,1280.6,7098.0,297.6,2720.3,1638.13,1000.0,755.0,824.0,2440.0,1387.0,5520.0,1568.0,391.89,301.0,1159.0,429.22,3990.0,3675.0,16058.0,1087.0,1235.23,320.48,234.97,263.59,1536.0,1967.46,951.05,830.45,1796.73,1153.0,167.8,3136.97,1545.1,3805.0,357.0,4188.1,11580.0,249.56
2025-12-05,2217.9,1504.6,7191.45,2955.0,1275.2,9054.0,2050.0,1028.9,407.27,2092.6,1525.0,373.96,1277.6,7120.0,295.0,2730.5,1650.74,992.0,757.2,811.55,2422.0,1381.0,5406.0,1610.0,394.78,302.0,1150.0,427.0,3999.0,3659.3,16000.0,1083.9,1230.85,319.84,237.12,265.22,1530.4,2000.22,948.85,828.15,1807.26,1148.4,167.0,3172.33,1567.1,3777.0,355.0,4215.0,11630.0,251.7
2025-12-08,2265.4,1509.4,7147.51,2970.0,1284.0,9115.0,2100.0,1048.0,404.73,2114.4,1515.1,375.93,1275.0,7230.0,290.9,2747.0,1670.9,1000.0,768.0,825.8,2350.1,1387.0,5110.0,1617.1,396.64,303.0,1164.9,431.74,4047.0,3720.0,16200.0,1103.9,1240.2,320.78,235.68,265.82,1539.2,2002.22,970.85,858.5,1793.65,1162.9,167.09,3185.1,1581.0,3796.3,353.95,4183.1,11610.0,253.47
2025-12-09,2216.2,1476.9,7090.59,2910.0,1272.0,8990.0,2050.0,1025.0,383.42,2086.8,1497.6,370.21,1266.5,7142.0,284.55,2740.0,1674.87,994.9,763.9,819.0,2318.0,1379.9,4901.0,1601.2,393.75,296.15,1118.0,424.0,3990.0,3658.0,16051.0,1079.4,1208.38,315.07,232.24,261.17,1540.3,2016.2,954.8,830.0,1784.41,1140.6,163.39,3172.33,1579.1,3775.0,348.5,4049.6,11500.0,254.8
2025-12-10,2255.8,1500.0,7091.58,2810.0,1273.0,8961.0,2070.0,1016.0,388.35,2072.0,1492.0,373.56,1249.3,7129.5,289.0,2770.9,1651.34,997.5,759.0,816.05,2306.5,1377.9,4999.5,1608.0,392.87,294.0,1101.3,426.0,4000.0,3660.0,16090.0,1075.9,1209.27,317.45,233.82,261.96,1534.0,1993.23,960.1,846.0,1776.36,1141.1,161.0,3167.42,1563.0,3831.0,347.0,4080.0,11425.0,251.52
2025-12-11,2225.0,1496.0,7018.68,2800.0,1277.4,8991.0,2080.0,1011.9,384.36,2066.0,1492.0,377.36,1250.8,7250.0,284.0,2757.0,1655.51,990.0,771.05,826.0,2296.3,1363.7,4650.0,1598.0,394.87,291.0,1100.9,425.9,3993.2,3623.4,16049.0,1077.0,1202.91,319.24,233.79,261.32,1536.9,2003.32,962.1,841.8,1766.53,1136.1,163.5,3147.78,1550.0,3830.4,343.4,4022.0,11340.0,251.81
2025-12-12,2277.7,1512.0,7005.7,2795.0,1278.0,9065.0,2075.8,1000.0,386.36,2053.1,1520.0,379.53,1275.0,7235.0,290.1,2814.0,1665.34,1003.0,779.1,830.8,2306.9,1368.0,4830.0,1601.4,394.63,300.0,1110.0,436.34,4061.0,3665.4,16248.0,1082.8,1212.45,320.48,233.02,262.06,1550.8,2009.21,966.0,852.0,1796.33,1142.1,167.6,3140.61,1575.0,3844.8,348.0,4077.9,11491.0,252.97
2025-12-15,2282.4,1522.8,7065.62,2773.1,1285.0,9040.0,2079.9,1015.0,387.4,2070.1,1505.0,378.99,1274.9,7200.0,295.0,2836.7,1661.17,992.0,772.5,851.95,2260.6,1356.1,4900.0,1585.0,391.89,299.0,1120.1,433.42,4072.8,3632.0,16500.0,1081.3,1231.35,320.63,232.53,260.67,1551.2,2027.28,957.25,852.0,1767.52,1143.0,170.95,3153.77,1571.0,3861.3,347.45,4067.0,11658.0,253.45
2025-12-16,2270.0,1512.6,7100.57,2793.0,1277.1,8940.0,2066.1,1007.5,389.09,2070.1,1500.0,378.99,1285.9,7120.0,298.2,2822.0,1668.91,990.1,772.9,845.0,2293.4,1364.0,4990.0,1600.0,393.16,298.05,1114.0,435.6,4083.7,3581.0,16400.0,1089.0,1229.86,319.64,228.79,259.24,1545.0,2032.08,966.05,855.35,1778.45,1157.4,172.7,3162.51,1570.0,3850.0,347.15,4115.0,11700.0,255.15
2025-12-17,2247.6,1494.1,7099.57,2800.0,1220.6,9008.0,2035.2,1000.0,386.36,2117.6,1497.6,375.88,1270.0,7104.0,286.25,2785.2,1639.13,996.0,764.35,844.05,2281.2,1365.0,4999.0,1587.2,392.77,295.0,1088.3,437.6,4079.0,3647.9,16389.0,1070.1,1230.36,317.6,226.42,257.46,1550.0,2036.57,965.55,856.0,1769.51,1170.0,170.09,3143.36,1578.2,3930.0,346.45,4100.1,11505.0,252.48
2025-12-18,2236.4,1486.4,6912.32,2780.0,1226.1,8891.0,2020.0,1002.1,382.42,2099.0,1494.8,379.38,1277.0,7135.0,284.05,2810.0,1645.08,973.3,755.05,850.0,2270.0,1346.3,4977.0,1610.5,391.79,292.7,1079.0,434.64,4067.0,3600.0,16440.0,1030.0,1228.07,319.59,227.64,257.86,1535.2,2015.2,977.9,868.5,1773.48,1176.9,169.92,3170.37,1581.0,3900.0,346.35,4050.0,11545.0,254.61
2025-12-19,2249.0,1495.0,6909.83,2766.4,1236.7,8830.5,2019.0,1003.2,381.87,2113.9,1495.5,379.98,1277.0,7075.0,286.9,2800.0,1662.95,987.0,753.1,858.0,2263.7,1354.0,5123.0,1650.0,392.03,294.1,1091.0,433.7,4040.1,3571.0,16329.0,1066.5,1224.19,316.56,226.67,255.19,1554.4,2011.7,979.95,869.0,1735.73,1171.5,169.15,3240.1,1611.0,3919.0,347.4,4034.0,11503.0,260.28
