Date,ADANIENT.NS,ADANIPORTS.NS,APOLLOHOSP.NS,ASIANPAINT.NS,AXISBANK.NS,BAJAJ-AUTO.NS,BAJAJFINSV.NS,BAJFINANCE.NS,BEL.NS,BHARTIARTL.NS,CIPLA.NS,COALINDIA.NS,DRREDDY.NS,EICHERMOT.NS,ETERNAL.NS,GRASIM.NS,HCLTECH.NS,HDFCBANK.NS,HDFCLIFE.NS,HINDALCO.NS,HINDUNILVR.NS,ICICIBANK.NS,INDIGO.NS,INFY.NS,ITC.NS,JIOFIN.NS,JSWSTEEL.NS,KOTAKBANK.NS,LT.NS,M&M.NS,MARUTI.NS,MAXHEALTH.NS,NESTLEIND.NS,NTPC.NS,ONGC.NS,POWERGRID.NS,RELIANCE.NS,SBILIFE.NS,SBIN.NS,SHRIRAMFIN.NS,SUNPHARMA.NS,TATACONSUM.NS,TATASTEEL.NS,TCS.NS,TECHM.NS,TITAN.NS,TMPV.NS,TRENT.NS,ULTRACEMCO.NS,WIPRO.NS
2022-01-03,1714.09,720.04,4929.1,3295.93,693.45,2964.87,1694.73,708.35,66.33,675.65,901.2,111.29,944.92,2608.25,141.35,1623.59,1118.99,722.8,642.58,464.54,2200.62,741.77,2010.6,1704.25,177.22,,637.62,363.55,1845.33,800.54,7257.17,432.63,940.83,107.95,110.27,125.18,1093.78,1198.22,438.43,231.38,810.16,723.73,100.55,3386.36,1553.55,2491.16,,1049.69,7551.94,332.0
2022-01-04,1715.94,722.63,4903.51,3331.46,706.2,2975.77,1710.11,720.46,67.87,681.66,895.15,109.64,941.47,2595.01,138.35,1653.3,1125.15,727.04,645.2,462.65,2237.85,749.68,2038.26,1704.88,178.15,,640.82,369.16,1859.43,802.51,7359.6,426.81,950.92,113.86,113.93,128.6,1118.47,1209.31,450.25,231.79,799.42,714.87,101.11,3445.79,1557.9,2549.54,,1051.04,7480.02,333.3
2022-01-05,1712.39,737.93,4912.06,3396.47,723.88,3038.56,1795.24,752.62,66.97,684.15,899.31,110.14,932.7,2665.62,133.95,1707.09,1106.0,744.3,645.6,461.92,2251.41,764.42,1974.41,1655.95,178.39,,663.86,383.02,1870.04,809.89,7499.7,406.2,953.15,113.09,115.9,127.41,1123.7,1208.57,458.54,231.21,796.94,709.79,103.65,3424.68,1512.42,2542.78,,1065.87,7489.02,329.6
2022-01-06,1710.05,723.17,4903.37,3384.77,727.26,3092.52,1795.05,760.22,66.53,694.32,892.97,110.82,922.78,2702.6,130.0,1681.19,1084.19,732.36,639.03,465.56,2228.67,761.51,1956.84,1631.85,176.89,,644.21,376.99,1846.91,810.23,7602.67,407.59,939.37,112.15,116.25,125.76,1099.54,1194.45,457.89,225.01,791.69,701.91,102.38,3377.22,1472.86,2562.27,,1075.32,7292.49,326.02
2022-01-07,1696.07,719.55,4960.06,3444.14,727.56,3069.27,1772.13,751.49,65.32,688.75,885.95,112.47,916.73,2709.55,129.25,1756.53,1088.95,737.5,652.27,479.56,2251.73,769.47,2002.07,1628.71,176.65,,643.16,379.45,1828.1,799.76,7625.72,400.33,951.58,112.54,121.06,125.3,1108.41,1206.14,457.47,224.86,791.07,712.21,102.13,3418.07,1483.09,2539.38,,1080.15,7389.68,328.68
2022-01-10,1749.48,722.24,5002.93,3422.18,739.71,3107.81,1776.32,758.55,66.2,688.99,887.35,115.16,914.91,2701.01,130.2,1796.79,1086.89,741.59,654.88,478.97,2243.25,786.44,2051.63,1661.43,180.61,,642.44,388.16,1874.36,812.26,7837.54,397.04,942.26,112.97,122.07,124.57,1109.32,1217.73,469.02,226.23,788.93,708.15,102.89,3441.44,1493.66,2623.08,,1067.01,7416.27,320.36
2022-01-11,1840.62,747.9,4996.8,3407.98,740.16,3109.31,1776.39,752.52,66.08,687.52,887.11,113.61,909.11,2680.72,131.3,1804.65,1133.76,744.8,650.14,472.61,2240.09,786.35,2032.12,1665.78,179.52,,617.21,385.94,1882.08,811.73,7855.14,389.03,944.84,113.35,124.07,124.47,1117.3,1222.0,471.16,226.36,794.37,714.68,99.48,3473.42,1512.07,2618.98,,1113.94,7436.95,320.66
2022-01-12,1826.84,746.38,4952.7,3412.84,743.74,3112.34,1789.94,762.79,66.12,713.67,877.67,114.19,913.81,2701.4,132.25,1831.13,1140.93,740.4,665.06,483.88,2248.94,799.05,2085.48,1685.4,180.17,,628.06,389.89,1894.61,849.5,7881.08,401.27,942.22,114.68,127.15,125.15,1147.13,1237.85,475.16,230.36,797.99,712.21,100.97,3423.74,1506.24,2579.1,,1139.92,7488.19,319.37
2022-01-13,1850.05,754.84,4922.03,3328.53,737.62,3122.2,1818.85,766.11,65.8,715.23,894.95,118.06,920.15,2717.52,133.1,1814.37,1125.83,726.77,662.19,493.16,2249.92,799.98,2141.28,1702.77,181.14,,657.5,383.86,1937.03,864.4,7790.71,403.07,942.57,115.62,126.38,127.01,1153.59,1247.06,476.19,230.77,825.95,706.51,107.48,3457.45,1496.1,2585.32,,1177.4,7437.44,300.15
2022-01-14,1866.92,762.56,4912.85,3240.07,718.7,3105.73,1817.32,768.45,69.11,704.29,892.49,118.06,913.0,2705.04,133.6,1814.81,1128.32,734.93,663.28,492.04,2202.85,795.42,2161.8,1731.99,180.05,,652.58,386.22,1962.31,850.12,7797.6,394.75,927.55,115.96,124.15,126.86,1155.28,1251.92,473.39,229.45,820.47,737.76,106.81,3519.76,1512.6,2559.17,,1159.43,7490.0,295.56
2022-01-17,1874.46,761.54,4851.32,3253.79,709.69,3157.26,1833.38,770.45,67.98,712.1,881.54,117.3,909.72,2728.64,134.0,1874.81,1062.12,723.68,665.95,491.65,2226.94,794.74,2161.6,1741.1,181.67,,668.54,386.07,1985.97,869.03,7972.48,392.21,924.35,117.03,127.85,126.0,1161.3,1276.04,478.66,229.22,814.22,740.27,108.24,3565.0,1499.23,2563.9,,1152.86,7694.88,298.72
2022-01-18,1837.67,745.8,4559.01,3249.03,722.18,3076.92,1811.72,759.8,65.42,698.18,873.74,115.23,913.84,2624.99,133.05,1809.88,1029.21,727.37,660.96,481.99,2208.26,798.42,2108.69,1724.27,178.55,,650.19,387.01,1940.67,860.69,7634.55,389.18,926.56,115.66,126.31,125.27,1147.45,1254.19,471.95,222.71,808.01,707.71,105.16,3539.68,1445.57,2566.91,,1138.98,7387.68,292.55
2022-01-19,1846.01,727.47,4460.39,3159.17,726.57,3109.35,1804.11,742.9,65.36,687.77,867.45,117.45,912.17,2608.15,129.2,1765.18,1011.87,722.23,648.07,490.54,2152.71,784.36,2075.99,1676.06,178.23,,644.88,379.73,1939.42,862.86,7731.53,382.96,905.4,115.49,131.24,124.96,1147.36,1236.56,480.33,221.12,800.19,694.36,106.46,3478.41,1453.71,2555.37,,1162.12,7268.88,286.94
2022-01-20,1862.53,721.41,4587.65,3184.21,725.87,2993.5,1722.44,738.83,66.67,699.2,854.57,118.27,893.98,2622.64,125.2,1789.12,1000.09,717.74,641.55,489.18,2107.89,785.96,2088.22,1637.15,176.93,,652.39,377.13,1922.73,849.45,7751.45,383.7,895.7,115.58,128.62,131.07,1127.27,1227.25,476.23,225.87,782.53,699.97,106.21,3400.13,1450.93,2531.08,,1164.56,7299.29,284.19
2022-01-21,1825.09,707.63,4633.92,3153.83,709.54,3093.97,1630.25,723.47,64.98,679.51,840.14,113.76,875.41,2600.86,113.65,1751.11,993.79,723.73,633.64,492.38,2167.16,780.38,2080.83,1603.03,175.56,,636.85,377.36,1877.19,844.34,7899.27,372.65,907.18,114.89,126.15,131.34,1127.45,1229.18,468.13,221.72,771.8,702.97,102.95,3406.3,1387.08,2495.4,,1176.35,7193.84,279.96
2022-01-24,1712.74,686.66,4442.81,3038.55,701.67,3060.04,1567.57,680.11,61.95,674.28,864.01,112.0,849.75,2548.38,91.35,1652.03,957.16,707.11,619.96,464.88,2129.14,774.51,1988.84,1559.14,171.31,,594.36,364.84,1823.3,824.56,7766.83,364.24,894.92,113.61,127.73,130.67,1081.97,1213.67,460.17,213.59,764.26,669.01,96.75,3351.08,1317.1,2371.92,,1116.73,6996.68,265.01
2022-01-25,1738.3,695.11,4430.8,3030.8,749.07,3138.57,1549.78,683.25,64.12,695.73,877.13,115.48,857.24,2582.54,100.45,1681.93,956.14,707.77,623.12,472.03,2168.88,777.62,1963.38,1545.98,173.33,,603.3,369.57,1847.68,824.37,8297.63,367.83,898.41,115.92,127.31,133.63,1079.86,1216.65,479.26,215.83,771.13,684.78,97.62,3349.79,1306.17,2345.72,,1074.33,6940.31,260.36
2022-01-27,1683.0,693.16,4239.44,3001.76,770.63,3167.53,1532.91,670.81,64.34,691.24,898.39,115.05,828.72,2536.34,90.5,1648.46,917.04,701.54,613.94,475.33,2139.16,770.83,1859.46,1506.89,173.58,,598.47,376.46,1833.81,827.79,8507.51,373.05,879.03,115.66,127.73,131.19,1063.86,1200.45,492.58,229.6,774.99,683.04,95.79,3242.59,1258.3,2280.13,,1018.19,6942.61,252.06
2022-01-28,1690.68,694.18,4423.5,2995.89,761.52,3164.0,1516.83,673.78,65.03,699.59,902.9,115.84,821.37,2504.78,89.55,1658.18,919.34,695.98,612.9,476.5,2128.16,757.73,1853.52,1513.71,176.0,,600.34,378.27,1821.05,838.98,8247.81,367.88,878.98,120.08,130.12,128.35,1062.84,1194.4,487.46,229.92,789.55,694.6,95.46,3278.84,1227.88,2285.61,,1013.56,6951.56,255.48
2022-01-31,1711.9,700.2,4402.51,3035.76,769.84,3225.02,1565.81,686.83,65.84,712.79,915.25,114.51,837.76,2537.93,90.4,1687.98,935.46,706.65,614.88,475.23,2119.02,765.15,1853.72,1558.6,178.11,,601.2,370.09,1832.23,854.56,8292.51,365.78,885.54,121.7,133.05,131.53,1085.93,1221.85,501.28,227.25,796.37,703.7,95.54,3319.89,1287.37,2329.73,,1026.75,7055.73,264.94
2022-02-01,1743.79,722.14,4456.53,3078.13,778.65,3197.7,1587.2,688.23,65.12,706.68,916.6,116.84,839.06,2515.57,94.55,1730.83,963.88,712.03,616.31,496.56,2148.75,786.01,1947.61,1590.78,184.21,,625.43,375.08,1910.25,839.03,8255.96,362.35,892.72,120.93,131.78,130.03,1082.34,1203.72,495.7,236.84,851.0,712.21,102.74,3377.11,1310.66,2400.3,,1055.47,7348.91,266.82
2022-02-02,1776.18,728.45,4608.88,3079.53,800.76,3198.2,1667.25,711.08,66.17,708.63,921.83,117.41,859.68,2561.19,98.9,1737.43,996.34,728.3,636.31,499.43,2169.49,789.35,1944.26,1604.29,187.77,,630.73,387.1,1902.76,838.69,8213.37,362.15,884.54,120.93,132.05,130.67,1084.54,1208.82,502.68,237.5,849.95,718.36,102.76,3426.47,1290.81,2432.08,,1092.44,7275.33,272.07
2022-02-03,1748.73,716.03,4585.67,3084.63,796.23,3276.09,1631.54,697.66,65.29,705.31,922.75,115.59,851.75,2562.25,97.1,1693.06,984.26,720.76,626.68,498.17,2141.76,784.7,1938.22,1560.71,189.63,,624.33,380.41,1855.69,826.01,8288.99,361.75,875.26,120.49,129.12,129.02,1070.53,1174.24,502.96,233.68,843.18,714.15,102.68,3398.4,1265.87,2442.89,,1078.26,7211.15,267.56
2022-02-04,1754.17,710.61,4630.22,3117.04,795.23,3225.65,1617.33,702.34,64.3,703.89,916.31,114.94,847.33,2524.4,94.2,1695.6,990.26,724.87,616.75,510.31,2149.64,780.91,1971.02,1563.0,189.51,,628.35,375.46,1869.42,812.02,8247.42,357.12,876.46,118.33,130.74,128.05,1060.77,1161.26,493.83,228.14,853.1,709.99,103.53,3389.78,1260.56,2439.14,,1052.48,7274.01,264.55
2022-02-07,1728.72,699.07,4420.09,3057.38,786.32,3144.82,1567.99,679.99,63.46,690.5,903.91,115.33,839.01,2495.57,93.55,1673.18,984.77,698.31,595.91,507.83,2103.97,762.82,2166.44,1539.57,186.2,,622.42,364.35,1808.52,800.25,8209.9,347.92,864.08,119.17,132.66,130.46,1054.31,1133.42,496.58,225.47,846.52,681.93,104.12,3357.88,1257.17,2377.99,,1045.56,7303.05,257.72
2022-02-08,1712.94,701.66,4345.37,3097.49,795.23,3129.12,1595.71,692.2,62.64,692.85,918.2,114.62,841.49,2483.87,93.55,1678.51,988.69,695.31,593.14,511.92,2110.26,768.74,2178.92,1541.63,187.04,,630.97,362.23,1799.98,802.71,8294.59,358.27,864.77,119.04,128.69,128.26,1072.03,1120.69,494.81,229.44,853.25,674.48,107.34,3326.29,1248.38,2412.0,,1049.05,7256.12,259.23
2022-02-09,1779.97,716.96,4520.93,3109.05,800.51,3224.03,1622.52,698.32,64.09,703.06,937.76,120.82,850.6,2518.88,94.2,1699.9,1004.81,712.31,592.9,526.98,2122.66,778.73,2250.0,1559.58,186.15,,633.79,365.65,1812.65,810.57,8632.18,363.0,867.06,119.08,126.38,127.83,1084.52,1115.29,498.44,230.35,852.62,677.48,107.58,3341.48,1266.31,2452.61,,1065.62,7336.98,263.25
2022-02-10,1782.92,714.61,4534.17,3119.06,806.43,3229.27,1636.08,700.24,64.16,707.66,944.35,120.42,850.98,2532.99,94.45,1728.09,1012.85,725.39,598.87,531.79,2127.79,781.35,2232.98,1588.58,187.85,,642.87,372.07,1824.36,822.97,8493.28,382.61,867.29,120.32,130.35,129.48,1083.41,1135.65,503.38,234.13,860.17,683.77,109.87,3350.19,1278.23,2459.57,,1070.6,7308.09,265.43
2022-02-11,1761.16,707.43,4459.35,3097.44,800.46,3226.83,1608.08,687.94,63.38,698.96,928.32,119.31,842.16,2492.5,88.7,1671.03,990.17,722.42,588.11,527.37,2104.35,767.09,2261.13,1545.27,188.02,,641.78,364.31,1795.81,823.55,8427.41,366.78,851.77,120.93,129.62,126.89,1081.29,1122.82,493.18,228.57,846.51,678.25,110.41,3283.19,1240.28,2410.61,,1066.37,7160.55,259.78
2022-02-14,1660.99,680.11,4431.15,3027.29,770.13,3155.63,1564.28,665.8,61.98,674.09,924.83,115.84,818.64,2466.26,,1605.37,975.5,700.95,550.52,506.52,2076.9,731.1,2088.77,1510.12,181.76,,598.9,348.09,1726.47,795.95,8069.8,360.96,844.84,116.83,128.12,123.25,1064.07,1086.16,466.92,214.75,831.85,671.77,104.46,3317.67,1210.03,2366.94,,1031.48,6931.27,250.65
2022-02-15,1741.14,704.4,4606.02,3143.96,793.64,3247.23,1634.25,700.74,62.94,695.44,892.82,117.27,832.85,2613.24,82.7,1672.94,994.3,721.92,566.62,518.77,2134.26,752.78,2186.9,1560.44,184.7,,612.38,361.29,1800.41,824.46,8317.01,369.92,869.55,119.35,126.54,124.23,1100.2,1109.59,488.71,223.47,843.34,679.22,106.3,3392.35,1253.12,2463.57,,1076.57,7127.99,260.66
2022-02-16,1735.0,724.1,4528.39,3132.64,793.74,3245.15,1623.99,693.53,62.96,705.46,903.72,117.41,840.42,2596.4,84.95,1681.93,993.66,720.95,579.22,514.34,2130.91,741.14,2167.29,1555.99,184.5,,609.85,364.67,1785.68,833.77,8278.67,378.43,871.3,117.45,129.93,123.19,1097.92,1111.77,481.17,225.8,835.69,678.25,104.9,3388.18,1256.91,2455.82,,1056.56,7019.07,260.92
2022-02-17,1727.87,717.69,4508.54,3145.16,779.55,3254.56,1614.88,694.89,63.59,700.77,898.97,116.84,837.41,2612.04,89.15,1672.11,989.62,716.55,585.39,517.5,2150.52,727.85,2153.01,1548.36,184.41,,610.04,362.13,1793.36,831.84,8249.25,378.28,866.63,117.05,132.39,123.63,1111.82,1115.93,477.68,236.32,829.63,696.97,104.82,3362.5,1260.0,2460.91,,1057.86,6889.08,261.38
2022-02-18,1733.21,711.14,4416.53,3138.04,784.13,3286.09,1606.43,689.76,63.27,696.42,880.48,119.88,841.34,2589.49,85.9,1683.34,991.28,719.33,583.76,514.64,2155.18,726.45,2113.03,1532.34,183.79,,604.93,363.97,1807.18,821.95,8265.31,368.97,861.05,116.7,129.43,122.82,1103.13,1139.86,479.87,232.74,829.97,694.22,104.81,3371.12,1251.64,2456.71,,1040.29,6762.61,260.25
2022-02-21,1682.2,695.11,4372.18,3131.49,785.57,3238.46,1598.02,687.43,62.69,693.88,878.68,119.07,836.88,2589.25,81.55,1653.74,991.07,723.97,574.92,497.53,2138.64,731.83,2083.03,1553.66,180.56,,595.61,364.08,1788.8,811.44,8307.37,365.29,865.68,116.35,127.28,124.36,1091.98,1124.26,476.65,225.73,811.65,690.06,104.02,3304.92,1234.45,2422.56,,1030.53,6661.76,264.11
2022-02-22,1664.73,689.69,4519.75,3107.89,775.91,3257.64,1615.7,687.92,62.43,683.42,884.64,118.11,821.35,2614.67,79.7,1645.63,978.13,718.55,565.78,501.61,2115.48,728.78,2062.56,1556.94,177.95,,594.55,367.0,1770.09,823.16,8317.11,370.41,865.91,116.48,128.49,124.36,1087.02,1090.77,464.13,222.77,813.52,691.99,100.22,3186.74,1229.53,2418.36,,1045.27,6599.28,261.03
2022-02-23,1685.69,690.81,4554.07,3117.57,773.97,3239.18,1610.13,691.17,62.96,688.45,886.09,117.08,817.93,2596.59,84.15,1631.6,981.07,713.88,562.13,504.04,2106.58,722.28,2035.96,1564.57,178.86,,587.58,375.84,1746.91,820.31,8390.46,366.68,857.1,114.81,125.22,124.29,1080.22,1091.56,464.41,217.39,808.18,699.78,100.25,3166.66,1230.18,2463.37,,1050.0,6629.25,262.4
2022-02-24,1541.2,640.13,4328.03,2955.63,727.26,3147.44,1521.47,650.28,59.43,655.71,867.59,110.8,796.82,2510.73,78.5,1509.02,934.74,675.12,526.46,503.02,2023.64,686.19,1827.46,1506.48,172.69,,544.23,357.65,1686.5,767.74,7919.09,344.73,848.4,109.69,122.03,119.93,1026.39,1044.45,440.15,197.68,787.02,655.71,94.53,3022.58,1160.29,2375.43,,1016.49,6275.55,248.54
2022-02-25,1615.82,679.52,4576.44,3003.93,754.9,3174.13,1574.06,683.8,63.32,673.06,894.57,120.73,813.19,2521.52,78.8,1531.99,961.24,692.58,532.34,518.81,2022.99,708.16,1915.01,1521.25,177.21,,572.19,369.98,1705.41,779.12,8059.86,365.19,846.98,114.94,124.25,123.82,1039.22,1045.84,449.74,208.58,799.82,686.48,100.81,3128.41,1209.64,2436.48,,1065.74,6423.97,256.92
2022-02-28,1641.52,691.59,4743.71,3057.33,739.31,3193.99,1598.05,687.03,66.58,670.96,895.92,125.24,791.15,2484.49,79.95,1561.93,958.91,678.38,516.83,557.54,2024.29,720.43,1871.74,1540.1,178.78,,599.76,367.2,1743.51,762.96,8019.4,372.7,843.35,117.71,125.14,131.26,1073.62,1050.35,449.97,207.97,811.7,695.28,107.44,3158.13,1227.31,2513.56,,1103.59,6421.67,257.17
2022-03-02,1638.88,694.33,4801.44,2917.02,747.13,3051.0,1602.08,670.27,68.33,658.98,894.03,136.5,750.22,2406.11,79.85,1513.08,949.2,653.64,553.98,583.14,2002.86,693.42,1802.0,1528.61,178.33,,616.16,359.88,1712.56,750.9,7537.18,370.71,853.17,115.47,126.93,132.36,1091.37,1110.78,441.64,202.67,789.57,687.93,113.48,3150.97,1213.69,2559.07,,1100.6,6256.88,256.89
2022-03-03,1640.87,690.81,4857.29,2765.77,734.58,2982.96,1567.26,662.11,68.03,656.83,905.46,139.57,724.07,2311.52,82.2,1469.21,969.75,652.1,525.28,589.17,1948.71,677.36,1727.03,1544.82,181.72,,625.81,357.14,1681.65,735.18,7326.28,367.38,833.66,116.48,132.66,136.72,1082.16,1071.3,435.26,204.5,789.57,664.76,114.71,3149.42,1241.8,2540.91,,1126.54,5847.55,263.53
2022-03-04,1612.12,684.41,4688.84,2636.96,712.03,2933.2,1530.25,641.46,67.99,638.9,901.88,133.7,745.45,2244.13,80.2,1443.8,968.69,649.96,515.15,567.3,1882.08,667.42,1721.29,1547.02,186.77,,604.07,349.15,1642.74,706.47,6990.37,357.92,831.53,114.81,128.73,134.96,1058.15,1047.57,430.18,201.49,797.99,648.21,112.4,3131.6,1265.26,2409.38,,1090.99,5915.6,266.19
2022-03-07,1561.26,662.56,4606.96,2608.36,664.77,2926.46,1434.44,600.95,67.78,660.11,911.52,139.39,733.91,2167.77,79.0,1413.46,982.09,630.12,497.37,602.24,1811.67,634.15,1614.27,1561.87,186.32,,609.04,341.12,1568.55,666.2,6529.08,344.33,829.15,114.67,145.63,133.55,1019.02,1019.39,410.02,188.93,791.26,638.44,113.71,3096.55,1239.58,2358.75,,1059.86,5571.24,264.6
2022-03-08,1598.75,673.36,4664.15,2622.76,667.61,3001.06,1442.18,604.57,67.39,667.54,939.02,139.72,753.21,2164.31,78.15,1424.84,1000.05,631.55,506.81,573.28,1816.37,645.06,1596.1,1596.3,187.93,,602.06,343.36,1591.64,675.94,6565.01,341.3,825.38,117.94,139.51,133.27,1017.18,1022.41,410.02,192.69,822.37,661.51,111.73,3198.78,1272.53,2340.53,,1073.71,5703.57,271.81
2022-03-09,1653.6,698.05,4652.99,2768.71,671.4,3020.87,1498.51,635.05,70.37,675.84,950.64,137.87,765.27,2199.81,80.35,1459.19,1006.34,652.17,508.44,571.43,1861.95,647.44,1706.22,1627.85,189.88,,599.48,346.54,1622.78,708.94,6777.74,352.1,819.75,115.95,136.63,130.6,1071.14,1015.72,420.64,196.44,835.12,676.46,110.49,3227.79,1309.78,2402.13,,1139.14,5883.38,270.91
2022-03-10,1739.75,713.98,4711.01,2805.16,692.06,3096.28,1543.65,646.07,68.57,681.95,955.97,132.18,757.88,2209.35,82.2,1519.33,1014.38,662.42,514.96,577.02,1958.92,656.32,1786.43,1639.12,192.16,,622.04,349.58,1658.52,712.79,6956.13,354.14,843.83,117.23,135.81,131.07,1088.5,1040.34,436.47,199.7,836.37,700.7,115.18,3217.44,1292.9,2435.83,,1145.07,5917.8,272.18
2022-03-11,1731.01,713.05,4794.37,2823.65,687.98,3096.87,1553.78,650.3,67.95,679.12,1011.08,134.25,774.06,2197.6,79.9,1530.42,1015.49,664.37,512.49,572.46,1951.88,657.58,1817.73,1635.62,195.76,,640.2,351.31,1658.96,708.89,6850.75,350.26,828.45,116.35,136.87,133.33,1091.64,1048.71,438.01,204.09,867.58,693.2,114.57,3198.07,1294.16,2461.3,,1164.04,5886.95,271.24
2022-03-14,1733.01,714.13,4862.92,2853.31,707.1,3123.6,1564.71,653.98,66.37,684.54,1015.63,133.22,770.49,2219.48,79.3,1541.41,1023.49,686.13,506.21,574.11,1919.17,675.28,1835.7,1697.29,197.96,,635.51,356.44,1676.33,716.99,7057.36,346.42,830.35,116.52,133.83,133.93,1100.61,1059.81,451.79,208.16,858.2,698.81,114.15,3237.03,1308.26,2506.11,,1162.34,5901.52,276.77
2022-03-15,1698.37,705.08,4753.73,2876.76,695.25,3124.96,1567.74,654.09,65.03,687.18,1034.42,127.71,759.31,2211.51,76.55,1528.47,1001.36,677.31,498.56,543.93,1899.5,676.44,1829.46,1651.15,197.0,,612.86,345.48,1673.16,734.36,7157.05,342.54,834.86,115.55,127.56,131.57,1075.4,1060.65,452.44,203.94,857.62,724.31,108.59,3193.4,1269.61,2523.83,,1153.53,5887.19,271.93
2022-03-16,1754.87,707.53,4882.82,2929.58,720.84,3229.68,1609.26,671.16,66.12,695.88,1022.56,130.67,767.86,2262.02,75.95,1567.36,1020.64,688.79,511.01,556.52,1931.14,686.77,1896.59,1696.13,200.94,,626.34,350.81,1685.4,746.37,7220.42,349.06,852.16,117.05,130.32,131.38,1093.55,1075.71,458.87,207.56,855.27,723.58,111.36,3248.49,1296.86,2553.79,,1166.48,6165.51,276.81
2022-03-17,1816.41,723.46,4780.35,3020.69,736.18,3302.65,1633.8,686.25,66.25,706.53,1015.49,130.41,787.01,2337.86,80.85,1582.8,1018.42,703.97,523.7,560.5,1959.01,698.51,1893.85,1664.89,202.84,,654.87,362.67,1715.82,766.39,7420.27,333.08,874.19,117.19,132.66,132.77,1129.2,1118.11,467.39,211.31,876.81,747.24,114.72,3263.47,1299.99,2667.99,,1256.91,6231.7,278.18
2022-03-21,1799.74,718.62,4708.74,2933.2,722.88,3247.1,1614.84,674.09,66.09,692.17,1017.23,134.66,779.77,2282.02,80.4,1533.55,993.88,707.04,515.99,573.28,1911.62,689.44,1810.99,1663.49,202.51,,651.24,354.12,1685.49,755.87,7432.38,336.22,854.7,117.19,134.41,128.59,1122.7,1085.67,456.86,203.24,878.93,723.53,114.68,3222.55,1288.07,2672.18,,1274.39,6053.41,277.62
2022-03-22,1828.29,722.53,4620.05,2938.4,728.36,3308.07,1646.16,685.41,66.37,702.97,1000.09,135.43,784.72,2283.61,81.15,1546.3,1000.98,710.67,522.86,576.68,1857.85,696.67,1833.15,1694.33,206.86,,665.77,360.24,1702.53,757.9,7491.31,326.76,833.31,117.14,136.67,130.98,1151.7,1087.5,459.75,205.44,879.22,728.47,114.59,3288.52,1338.9,2677.61,,1281.11,6073.3,282.27
2022-03-23,1807.77,717.25,4551.5,2905.32,723.73,3258.36,1637.45,687.27,65.61,688.99,982.51,135.21,803.59,2296.75,80.75,1545.91,1004.64,703.59,519.45,591.26,1843.91,696.77,1829.71,1680.86,208.72,,673.32,352.65,1696.0,746.8,7373.83,331.34,829.25,117.67,136.79,131.86,1155.37,1082.15,456.91,205.07,866.42,724.5,117.15,3298.7,1342.34,2655.16,,1294.95,6095.21,282.8
2022-03-24,1829.54,716.96,4571.6,2913.55,719.25,3242.44,1634.59,686.56,66.12,690.36,996.6,138.42,842.77,2273.29,80.35,1562.81,1014.34,686.18,515.99,604.38,1832.12,683.09,1859.96,1693.7,211.08,,683.55,341.57,1700.13,738.65,7289.05,330.79,832.3,119.39,138.23,132.26,1173.32,1078.88,453.6,204.36,874.17,716.47,118.87,3331.97,1365.32,2584.58,,1271.65,6210.43,282.5
2022-03-25,1863.67,726.54,4625.58,2934.35,718.25,3306.18,1630.06,684.2,65.65,693.29,981.59,137.46,849.18,2241.83,80.6,1554.65,1003.49,680.59,513.23,605.11,1820.1,678.29,1937.28,1684.59,209.84,,689.52,343.19,1680.5,737.78,7152.56,340.65,820.5,118.82,136.94,131.57,1181.14,1082.5,456.96,206.34,867.91,709.55,117.85,3294.3,1332.24,2491.21,,1256.16,6172.15,279.17
2022-03-28,1906.3,720.43,4601.28,2915.57,732.94,3336.39,1648.59,686.94,65.34,716.45,985.07,141.27,834.38,2283.22,79.65,1574.1,990.39,681.49,506.36,612.39,1840.7,689.05,1960.99,1682.21,212.91,,697.89,343.78,1671.38,742.12,7212.27,338.76,806.1,118.86,137.37,133.24,1193.02,1067.04,463.29,208.69,871.33,717.2,117.85,3294.52,1326.93,2503.05,,1274.34,6218.35,277.71
2022-03-29,1913.83,744.82,4556.98,2930.16,734.73,3337.61,1646.86,690.66,66.09,737.86,1006.14,137.39,841.8,2379.64,78.2,1586.56,993.58,690.53,516.64,613.46,1851.83,693.85,1959.84,1693.07,210.88,,720.64,344.73,1676.23,746.08,7175.42,353.89,809.06,118.46,133.21,132.61,1193.29,1093.1,460.96,210.16,884.27,719.08,117.47,3292.43,1325.1,2505.91,,1271.0,6381.29,278.78
2022-03-30,1991.7,750.15,4558.02,2967.67,747.33,3324.04,1709.46,711.51,66.43,732.53,996.55,135.1,847.81,2385.44,85.05,1629.55,991.45,702.49,535.7,582.85,1878.72,708.99,1985.99,1709.19,206.4,,685.89,351.33,1702.09,765.37,7329.22,359.36,827.04,119.3,126.19,136.25,1216.22,1113.49,460.31,210.36,885.47,741.0,115.13,3315.71,1302.43,2490.47,,1251.98,6494.81,277.99
2022-03-31,2011.16,756.79,4460.53,2966.13,757.99,3304.95,1702.63,712.31,67.17,737.86,986.0,135.21,836.33,2357.24,82.3,1625.94,990.22,699.35,531.65,553.41,1909.24,708.41,2010.75,1711.79,207.61,,700.32,349.48,1696.38,778.11,7293.24,346.07,830.99,119.04,127.67,136.06,1198.84,1113.15,459.61,212.3,879.84,752.17,115.05,3323.18,1305.17,2503.3,,1270.3,6455.31,273.87
2022-04-01,2040.01,768.08,4451.45,2999.07,771.33,3383.57,1710.49,726.84,68.55,741.33,982.9,137.5,833.22,2380.31,84.3,1631.75,995.24,716.31,543.65,554.38,1936.73,714.18,1995.23,1708.83,209.8,,699.89,354.03,1717.93,797.4,7427.07,349.16,839.43,126.05,130.83,141.24,1208.44,1105.11,473.25,221.0,874.02,764.17,115.92,3339.88,1294.42,2488.2,,1263.28,6522.04,278.45
2022-04-04,2062.17,800.15,4508.78,3002.78,780.84,3405.06,1716.19,734.94,69.93,750.42,995.44,138.68,840.56,2406.93,86.25,1641.28,1010.04,788.04,564.84,570.9,1983.61,724.22,2011.15,1690.34,211.58,,700.37,365.86,1752.72,804.3,7499.17,352.89,852.0,127.24,130.91,142.71,1212.02,1117.96,477.17,220.56,890.71,762.53,118.11,3350.19,1304.48,2484.4,,1289.38,6593.75,280.21
2022-04-05,2136.04,828.98,4498.21,3024.73,779.84,3446.72,1678.52,724.91,69.66,749.24,989.29,138.79,843.04,2440.03,83.9,1663.36,1017.19,764.94,562.72,570.27,1994.19,719.56,1983.05,1670.72,214.89,,701.09,359.12,1762.03,807.05,7486.68,367.73,861.71,131.47,133.87,146.26,1194.88,1110.07,474.37,218.97,893.64,780.47,118.37,3389.69,1296.12,2516.18,,1313.83,6576.4,279.54
2022-04-06,2156.15,830.74,4456.24,3037.45,770.48,3439.58,1668.65,720.84,70.11,758.09,996.6,143.19,832.69,2427.79,84.55,1660.87,995.96,737.64,549.09,564.83,1996.29,719.37,1975.91,1641.77,215.02,,704.86,354.58,1778.1,798.66,7469.66,345.28,870.97,134.91,134.61,148.52,1191.7,1098.9,478.61,218.32,892.68,782.99,120.65,3336.86,1270.27,2507.15,,1322.89,6586.18,276.92
2022-04-07,2095.31,799.02,4480.68,3038.41,788.81,3439.98,1652.07,715.28,74.68,745.14,1004.06,140.9,840.61,2435.18,82.5,1643.48,998.34,721.42,552.2,558.51,2017.49,726.11,1977.06,1625.74,212.58,,695.93,351.99,1752.67,804.88,7369.63,353.69,869.61,135.35,131.53,145.19,1170.68,1100.64,479.54,219.64,895.42,778.78,118.78,3273.6,1278.28,2426.51,,1302.42,6586.67,271.0
2022-04-08,2167.08,820.43,4549.47,3087.76,791.59,3447.31,1671.55,722.77,76.35,744.85,979.75,143.71,862.6,2451.3,83.4,1730.73,991.58,720.42,557.93,565.31,2034.5,731.69,1996.78,1628.98,221.81,,723.22,355.59,1756.94,827.16,7290.01,359.46,882.25,134.07,133.13,145.98,1190.15,1151.86,480.61,225.84,889.32,791.17,120.65,3274.93,1261.04,2477.44,,1264.48,6684.78,272.3
2022-04-11,2176.32,835.34,4604.79,3040.77,782.78,3426.32,1654.46,719.83,77.74,740.89,993.21,145.07,852.89,2442.09,84.45,1778.51,964.48,711.63,560.5,560.07,2015.86,736.83,1988.19,1585.84,221.56,,733.54,355.38,1709.68,826.63,7297.2,368.72,880.99,135.0,133.36,144.91,1187.67,1134.04,479.49,228.9,890.09,794.84,119.51,3284.48,1261.43,2457.6,,1275.68,6706.05,266.45
2022-04-12,2193.04,825.9,4569.38,3013.03,795.13,3358.38,1628.54,713.73,77.24,724.86,994.91,137.39,851.3,2419.26,81.5,1715.34,962.48,710.36,555.46,527.03,1987.15,740.95,1929.59,1564.21,219.33,,722.55,359.05,1677.24,830.44,7348.27,367.83,880.58,134.56,131.57,146.29,1165.31,1140.59,477.58,220.92,886.14,785.75,116.2,3279.77,1231.66,2455.97,,1245.41,6624.7,260.66
2022-04-13,2195.53,821.6,4686.07,2966.81,789.75,3345.03,1605.78,719.03,78.74,723.88,984.59,137.83,837.06,2390.14,83.9,1725.55,957.33,696.79,557.98,531.3,2005.7,739.4,1896.0,1569.68,223.26,,732.54,354.62,1689.81,835.56,7204.69,370.07,878.89,135.75,135.74,144.03,1161.03,1138.41,482.1,221.49,901.0,791.07,116.13,3253.87,1227.7,2429.47,,1227.78,6580.21,260.9
2022-04-18,2229.87,823.75,4498.46,2909.89,795.53,3360.68,1579.56,712.45,81.24,712.98,995.49,139.94,834.29,2408.9,82.9,1701.47,937.46,663.73,567.31,529.94,2029.46,735.08,1881.72,1455.54,223.72,,733.97,348.8,1668.27,843.27,7305.01,371.01,887.45,143.9,136.94,145.03,1157.48,1164.71,474.46,217.8,892.11,795.62,117.86,3134.89,1170.34,2461.15,,1218.52,6491.78,251.29
2022-04-19,2164.44,800.88,4757.09,2880.66,794.48,3308.71,1568.91,712.27,79.76,707.12,968.8,146.07,819.64,2355.03,80.45,1681.05,910.66,638.4,540.05,525.52,1969.26,743.33,1866.4,1402.22,216.63,,713.47,340.25,1636.98,841.73,7171.52,369.22,858.15,141.65,138.0,142.99,1201.6,1116.37,476.61,209.26,886.82,765.67,116.76,3085.0,1132.61,2420.83,,1243.36,6439.08,247.48
2022-04-20,2180.06,809.04,4722.12,2969.07,791.4,3366.25,1547.82,689.99,80.72,722.61,980.18,147.07,835.93,2433.65,80.3,1696.88,926.95,644.16,552.49,529.6,2017.63,732.9,1893.15,1425.29,214.98,,706.25,343.0,1623.4,850.17,7394.9,407.1,875.2,141.52,136.71,142.46,1236.93,1120.0,474.28,208.45,888.26,784.15,115.67,3160.44,1139.57,2450.54,,1260.74,6655.6,250.31
2022-04-21,2282.28,831.38,4825.14,3041.54,798.47,3349.6,1580.4,700.35,80.59,719.09,967.11,152.83,841.17,2543.68,80.8,1723.89,935.29,653.69,564.0,524.99,2048.38,739.49,1935.18,1453.21,215.68,,701.8,350.88,1645.38,878.87,7599.87,419.59,874.61,143.46,135.66,142.62,1265.89,1136.08,480.8,215.29,908.07,793.44,114.61,3224.28,1142.62,2488.34,,1280.56,6694.07,251.57
2022-04-22,2269.25,854.5,4754.47,3047.46,777.35,3295.45,1542.32,697.67,80.19,722.02,936.55,149.32,816.34,2524.5,81.2,1677.58,937.72,644.77,547.31,499.62,1982.21,725.24,1912.87,1423.27,216.26,,691.48,344.28,1626.04,888.18,7624.27,409.04,873.88,141.48,135.54,141.49,1255.29,1128.83,466.18,207.28,889.51,789.13,112.44,3209.98,1137.22,2480.15,,1281.36,6593.95,250.87
2022-04-25,2280.13,840.23,4618.52,3014.91,777.45,3332.05,1523.46,687.34,78.33,722.61,923.14,139.2,801.29,2488.67,78.75,1654.96,927.34,649.6,533.43,481.5,1957.8,729.65,1861.75,1401.41,211.42,,684.12,344.5,1590.53,872.12,7631.85,412.47,873.25,137.64,132.15,139.86,1226.26,1083.17,460.73,205.15,865.65,767.03,107.41,3152.8,1105.8,2422.11,,1232.41,6448.22,246.97
2022-04-26,2391.03,889.05,4567.16,3010.14,771.78,3521.27,1540.34,710.4,79.83,739.18,947.59,141.38,808.9,2541.57,79.6,1678.7,931.12,652.6,543.16,479.51,2002.16,731.15,1867.04,1419.27,214.48,,689.38,347.26,1631.41,907.0,7626.44,407.69,884.83,138.44,130.05,145.35,1262.95,1086.74,470.74,216.49,883.02,795.37,108.57,3151.11,1110.19,2515.19,,1274.64,6511.92,246.92
2022-04-27,2329.94,867.35,4467.3,3032.0,762.72,3533.53,1479.67,658.75,78.55,735.46,946.96,138.5,793.81,2547.47,75.85,1661.31,932.23,652.84,540.99,478.39,1999.13,714.61,1788.28,1393.96,213.28,,688.8,347.02,1609.44,894.16,7512.29,409.14,875.57,137.25,128.41,143.9,1264.18,1066.25,463.06,213.5,871.52,772.69,109.73,3164.35,1097.83,2460.07,,1220.01,6402.66,242.12
2022-04-28,2374.31,867.16,4482.02,3127.68,776.56,3469.07,1498.18,660.08,78.6,730.43,950.31,140.53,802.59,2570.98,73.85,1672.74,945.12,652.27,564.45,474.79,2089.3,724.75,1855.46,1420.71,216.26,,696.93,351.84,1649.94,890.35,7608.5,395.15,885.41,140.82,128.38,147.86,1283.07,1108.58,472.6,213.6,885.85,785.31,110.97,3184.87,1106.58,2480.65,,1220.76,6469.63,243.8
2022-04-29,2327.85,837.15,4399.54,3117.57,725.57,3374.21,1488.13,654.6,76.02,722.27,950.31,135.06,804.5,2523.39,71.75,1653.59,933.66,658.57,575.31,469.01,2082.77,721.02,1854.97,1407.2,214.98,,695.07,356.84,1626.04,889.58,7444.19,411.97,880.73,137.73,124.99,142.93,1269.6,1097.32,462.17,224.87,893.21,797.02,111.87,3151.46,1095.88,2426.36,,1223.4,6482.63,237.38
2022-05-02,2335.33,837.29,4251.78,3081.75,724.33,3278.22,1492.75,650.12,75.89,724.57,945.85,138.61,802.93,2448.71,,1641.13,922.97,667.65,572.79,470.71,2078.72,718.78,1863.7,1383.36,217.96,,699.65,353.57,1611.74,888.86,7364.09,389.68,886.02,138.88,121.79,145.32,1265.14,1073.05,457.24,230.15,888.16,797.65,114.0,3147.64,1071.68,2355.64,,1215.23,6530.3,230.94
2022-05-04,2249.79,794.53,3963.92,2986.26,704.26,3163.73,1429.38,622.02,73.68,706.04,927.4,138.39,777.32,2382.23,64.45,1585.14,903.98,644.96,560.69,448.61,2023.78,702.54,1798.71,1378.47,215.14,,680.15,353.82,1568.07,864.5,7135.63,371.91,869.07,139.89,126.39,149.11,1225.64,1069.87,446.67,214.93,866.52,777.23,111.02,3091.97,1055.66,2260.29,,1208.31,6376.75,229.43
2022-05-05,2251.38,793.11,3900.51,2962.86,699.43,3188.15,1411.09,619.05,74.85,702.67,918.54,137.28,771.76,2334.6,61.15,1570.14,927.43,643.51,562.82,448.56,2019.17,706.95,1778.89,1423.0,217.05,,676.52,358.2,1571.63,867.34,7145.04,372.21,845.82,139.67,128.41,146.7,1201.64,1075.63,446.99,217.3,844.64,751.16,113.03,3121.87,1099.66,2232.7,,1207.41,6214.2,233.81
2022-05-06,2243.7,793.16,3780.26,2904.79,670.6,3166.3,1361.32,588.72,72.7,694.17,905.32,138.42,765.3,2266.39,60.5,1529.79,908.53,626.7,559.06,431.21,2002.95,697.69,1742.41,1385.03,220.86,,659.94,353.76,1557.04,862.33,7021.19,363.59,816.59,140.2,130.05,149.62,1192.43,1051.31,450.67,221.46,849.59,740.13,112.98,3050.08,1123.51,2180.14,,1142.08,6062.16,226.33
2022-05-09,2193.74,774.78,3720.01,2894.19,660.94,3228.73,1375.62,592.31,71.86,695.39,908.76,135.21,760.47,2248.97,56.75,1516.25,930.93,627.77,556.99,431.55,1972.62,689.05,1714.4,1409.71,217.79,,648.42,352.2,1550.99,863.73,7099.37,361.9,792.99,140.2,128.34,153.85,1145.86,1056.57,443.18,216.44,851.61,733.64,110.22,3061.19,1097.75,2154.92,,1099.35,6086.02,225.42
2022-05-10,2105.74,751.81,3641.54,2972.3,657.01,3250.72,1360.28,581.67,71.03,703.36,896.99,125.61,762.06,2317.33,52.45,1506.82,927.86,637.85,552.4,411.05,2032.03,689.97,1690.54,1394.14,215.14,,616.83,358.11,1543.12,857.02,7249.45,355.78,793.77,137.07,120.31,152.91,1126.0,1073.05,442.52,217.07,828.96,721.6,102.53,3055.54,1081.34,2109.66,,1055.83,6224.71,222.85
2022-05-11,2115.53,742.82,3634.37,2940.8,669.55,3268.63,1330.31,569.75,69.79,706.48,908.08,125.46,756.23,2292.0,54.2,1500.23,917.78,641.44,556.69,410.61,2016.28,692.79,1676.07,1370.57,211.75,,620.32,360.66,1507.47,855.77,7134.23,356.23,793.38,134.51,123.55,150.12,1114.46,1079.1,443.78,209.52,822.18,719.95,102.6,3031.77,1065.8,2087.31,,1041.64,6199.04,220.17
2022-05-12,2041.56,697.26,3536.79,2927.61,646.95,3243.43,1282.5,548.79,69.56,689.43,891.76,123.39,755.44,2287.68,51.95,1451.86,916.48,626.99,540.59,394.38,1993.26,674.94,1628.5,1354.46,209.47,,597.23,350.89,1464.62,834.74,6996.5,352.25,779.33,130.99,121.91,148.05,1091.76,1052.75,430.84,199.19,817.56,714.1,98.37,3028.8,1055.66,2022.01,,1006.73,6047.74,221.05
2022-05-13,2050.49,690.03,3504.15,2950.77,633.31,3295.09,1258.3,541.18,69.71,674.28,905.17,124.61,764.07,2333.73,56.85,1441.36,910.21,621.36,544.05,377.04,2044.79,657.04,1622.06,1350.51,214.19,,573.96,354.61,1472.63,858.13,6850.18,362.95,788.12,127.11,119.61,148.3,1104.13,1037.21,414.07,198.6,848.82,713.66,96.55,3034.35,1047.0,2064.61,,1027.8,6058.59,218.65
2022-05-16,2102.15,696.48,3641.39,2889.04,636.29,3361.82,1262.99,553.9,72.29,677.51,904.01,126.83,757.08,2511.5,56.4,1419.03,903.64,627.97,543.01,379.9,2066.37,662.52,1651.81,1336.77,210.46,,575.72,361.24,1480.7,871.49,6990.66,366.43,779.28,130.72,119.57,147.61,1104.41,1036.92,423.71,204.01,851.8,711.63,97.12,3000.5,1034.99,2082.27,,1034.92,5878.93,218.35
2022-05-17,2180.96,728.01,3766.23,2937.29,652.23,3386.29,1294.61,572.72,74.17,691.04,908.47,136.32,760.12,2596.64,56.15,1447.51,936.81,632.25,548.1,416.3,2092.23,688.71,1678.01,1363.12,219.24,,613.53,366.71,1539.43,878.68,7265.75,366.93,784.3,132.7,127.09,149.77,1150.79,1062.48,435.17,207.42,857.72,710.42,104.62,3066.96,1042.95,2148.16,,1071.22,5971.77,227.05
2022-05-18,2177.22,742.72,3689.04,2985.54,656.71,3429.99,1273.66,570.56,74.28,680.39,926.96,137.06,760.47,2586.37,58.75,1453.33,928.86,632.21,543.31,423.78,2135.47,686.14,1693.54,1354.82,220.98,,603.21,368.01,1509.1,881.09,7298.3,360.41,785.27,130.94,127.13,143.03,1154.98,1065.95,426.51,205.35,864.84,729.82,103.88,3064.47,1020.19,2138.68,,1080.63,6094.96,224.53
2022-05-19,2110.98,716.33,3587.11,2934.3,647.5,3346.16,1238.9,559.94,72.5,658.98,908.47,133.85,765.07,2542.72,55.35,1424.45,873.23,619.29,522.27,405.22,2110.45,669.6,1658.9,1281.16,228.31,,573.72,355.37,1485.54,851.43,7142.05,366.38,773.29,130.5,124.64,143.28,1128.36,1048.83,416.73,201.76,850.84,697.89,98.77,2898.45,964.74,2084.59,,1032.43,5937.4,210.49
2022-05-20,2215.6,750.29,3622.87,2995.02,670.3,3426.91,1253.65,566.08,74.87,672.33,947.59,137.35,827.31,2597.69,58.05,1454.3,890.06,635.6,538.07,416.98,2167.67,688.28,1661.39,1306.3,231.92,,603.25,364.49,1545.19,871.93,7317.64,373.4,810.18,131.91,126.12,143.75,1194.16,1063.42,430.6,205.03,880.71,715.6,103.03,2926.04,984.37,2109.37,,1083.67,5992.2,214.43
2022-05-23,2166.78,736.61,3671.22,3056.9,672.54,3425.42,1254.77,568.48,73.74,670.32,939.51,136.14,832.34,2629.83,57.05,1424.06,880.93,627.44,544.44,401.48,2217.86,689.73,1722.29,1318.19,227.36,,523.39,369.5,1577.86,908.68,7617.47,364.54,816.53,132.4,120.82,140.96,1186.17,1068.53,429.21,212.64,886.86,706.02,90.03,2951.58,994.82,2123.43,,1062.09,5784.58,217.41
2022-05-24,2156.35,735.24,3586.97,2972.78,661.29,3422.84,1233.26,568.95,73.82,662.85,939.85,134.69,846.39,2608.73,64.95,1370.66,857.96,634.64,546.17,389.48,2152.48,686.92,1680.16,1293.59,224.34,,515.89,375.14,1560.73,913.46,7526.03,362.95,825.8,129.53,117.35,142.46,1190.24,1065.45,430.28,210.97,875.18,691.94,88.57,2921.59,956.04,2112.53,,1072.65,5737.4,214.59
2022-05-25,2070.46,691.99,3480.94,2733.17,662.23,3430.53,1238.12,571.75,72.13,672.62,941.25,133.48,838.67,2576.92,62.3,1344.08,842.99,639.38,562.17,385.64,2142.28,691.96,1642.87,1266.17,225.87,,505.13,380.11,1511.26,895.66,7511.18,355.83,830.44,134.6,118.87,141.11,1188.49,1087.89,429.47,209.0,876.43,692.96,87.94,2833.61,922.79,2086.02,,1034.82,5663.24,207.55
2022-05-26,2042.75,685.73,3617.73,2735.19,680.41,3489.83,1245.28,570.81,72.02,677.95,934.18,135.36,838.03,2614.29,60.45,1360.7,848.4,657.61,571.02,396.33,2125.04,706.66,1813.14,1278.29,226.29,,527.36,380.33,1501.47,897.01,7528.3,363.94,848.16,135.92,118.33,142.59,1177.16,1097.17,443.47,214.51,865.61,698.81,92.59,2886.66,938.85,2114.2,,1045.79,5743.47,211.51
2022-05-27,2076.44,687.29,3814.23,2730.09,685.44,3467.85,1273.28,588.05,73.58,668.91,935.92,134.33,854.84,2630.6,62.05,1364.75,868.47,669.81,590.82,397.59,2172.01,717.62,1818.78,1311.86,228.41,,524.2,387.81,1535.78,919.25,7661.36,372.95,847.61,132.66,112.02,141.02,1171.7,1112.8,443.52,213.72,869.41,701.91,91.84,2917.39,977.71,2121.36,,1065.23,5815.57,217.86
2022-05-30,2161.79,718.18,3844.06,2738.9,690.77,3489.25,1289.82,599.6,73.5,683.22,955.73,138.28,850.91,2646.28,71.05,1408.04,899.62,674.38,601.49,404.97,2189.11,726.06,1805.85,1370.62,228.28,,515.07,379.24,1593.89,963.14,7729.8,372.45,850.77,133.06,112.21,143.25,1212.52,1139.9,448.86,219.23,854.4,725.81,92.19,3019.32,1013.18,2226.68,,1115.52,5966.78,222.2
2022-05-31,2163.69,723.22,3930.34,2753.97,682.35,3495.94,1290.81,596.75,74.81,684.35,961.69,142.49,850.78,2667.68,74.65,1395.92,900.35,668.32,593.32,410.61,2193.11,730.28,1835.45,1364.09,229.64,,526.93,368.02,1587.8,997.87,7683.93,378.63,850.03,137.55,117.82,146.16,1197.89,1165.46,442.71,220.04,827.76,735.1,92.91,3009.57,1027.33,2187.3,,1120.66,5947.18,223.04
2022-06-01,2147.07,720.33,3791.76,2747.09,683.2,3365.66,1257.14,589.68,78.42,678.92,952.58,144.81,840.92,2659.0,74.7,1403.69,880.58,671.16,601.44,399.05,2151.36,730.09,1822.47,1341.36,230.65,,544.37,371.65,1581.56,1010.41,7657.94,367.88,828.41,138.26,116.65,143.84,1198.27,1144.22,442.9,221.67,807.22,736.4,93.61,3001.39,998.04,2169.13,,1106.1,5842.61,219.63
2022-06-02,2205.46,731.62,3600.4,2801.07,688.67,3337.25,1291.01,594.36,78.31,680.19,956.02,146.4,843.67,2612.8,71.95,1399.78,899.44,666.47,602.18,398.32,2129.32,727.27,1825.47,1368.08,232.05,,548.1,370.17,1571.15,1007.71,7644.43,382.91,835.73,140.24,118.76,141.55,1239.59,1135.28,444.37,223.16,826.75,733.64,95.19,3062.04,997.52,2192.18,,1109.49,5874.09,221.22
2022-06-03,2186.1,723.27,3544.64,2780.22,674.48,3322.78,1266.62,591.45,77.2,670.96,930.69,145.52,845.01,2576.06,72.15,1308.81,902.3,664.16,597.03,395.26,2135.99,721.99,1809.54,1380.51,231.38,,537.63,370.37,1585.45,992.37,7431.89,371.01,825.02,136.67,118.09,141.83,1264.71,1132.7,439.31,220.47,832.09,729.44,93.94,3077.38,999.17,2175.85,,1125.89,5552.42,221.85
2022-06-06,2221.09,724.59,3588.99,2713.33,669.4,3453.33,1249.13,590.75,77.56,667.49,945.32,143.93,838.34,2545.22,69.9,1296.35,897.37,663.27,600.4,397.59,2125.32,724.36,1816.73,1388.08,233.16,,553.45,372.49,1574.07,999.42,7437.2,362.95,816.66,136.85,119.92,141.08,1259.27,1133.55,438.55,221.83,826.99,738.87,94.89,3069.15,995.95,2170.07,,1101.42,5457.09,220.77
2022-06-07,2223.58,718.04,3564.89,2643.27,663.08,3468.8,1231.4,576.78,78.33,669.78,942.12,145.92,806.83,2540.23,65.4,1296.3,884.91,655.64,599.61,392.78,2061.1,713.21,1817.58,1366.9,232.39,,546.86,370.27,1525.37,1005.78,7532.55,365.59,804.65,138.66,126.08,141.21,1261.63,1125.9,438.27,220.62,815.88,732.05,94.04,3008.09,983.85,2073.59,,1081.58,5431.52,218.18
2022-06-08,2173.32,712.22,3591.46,2605.23,655.86,3432.65,1244.0,584.2,78.17,648.28,932.63,146.0,817.58,2541.43,67.15,1298.35,891.22,657.95,594.31,392.1,2047.54,707.63,1799.46,1360.82,227.3,,550.73,367.75,1520.67,1008.15,7612.65,355.18,803.53,138.48,127.28,140.92,1239.48,1127.64,445.74,219.86,814.92,732.58,95.65,3045.17,978.54,2101.27,,1083.72,5408.69,219.47
2022-06-09,2215.25,718.96,3624.89,2602.42,658.55,3509.1,1244.6,578.73,78.25,661.04,941.35,146.81,841.68,2605.56,68.7,1279.15,889.88,662.9,599.21,388.46,2048.15,710.78,1790.52,1374.43,229.81,,546.95,371.67,1530.79,1008.24,7648.73,355.18,805.67,136.8,128.96,141.11,1273.46,1155.08,441.63,218.46,826.08,735.73,91.96,3065.7,991.08,2111.98,,1080.98,5359.85,221.64
2022-06-10,2199.18,710.07,3654.97,2623.68,657.95,3511.23,1222.9,556.06,78.62,658.11,936.36,146.62,847.25,2602.54,69.0,1296.16,878.38,650.11,587.52,374.85,2050.2,698.41,1805.85,1339.77,229.21,,547.24,357.05,1521.19,999.95,7653.79,355.73,805.99,136.89,128.26,140.86,1235.02,1146.35,436.8,218.0,813.43,737.87,90.1,3005.59,966.05,2114.5,,1109.94,5388.35,215.06
2022-06-13,2076.05,679.62,3606.97,2577.19,646.25,3511.46,1136.32,525.72,75.05,656.1,924.69,141.12,830.83,2590.98,67.5,1262.98,858.0,638.32,576.53,356.1,2047.4,667.37,1752.84,1292.32,224.55,,539.11,346.2,1470.28,968.88,7621.48,350.31,809.81,131.29,124.29,139.54,1211.65,1125.31,421.67,212.12,797.84,717.73,87.31,2880.09,915.65,2075.17,,1083.37,5236.9,208.13
2022-06-14,2192.54,688.86,3660.6,2552.64,648.04,3330.96,1131.38,527.44,76.91,666.61,934.32,141.97,839.37,2612.04,70.0,1279.4,862.42,631.29,567.02,348.18,2023.27,664.95,1739.96,1306.89,225.22,,537.11,346.66,1482.38,983.31,7534.72,351.85,810.63,133.5,121.48,140.55,1195.82,1123.72,423.8,213.16,793.56,717.64,87.68,2871.99,896.68,2074.77,,1066.22,5307.74,208.04
2022-06-15,2180.71,687.93,3676.9,2577.58,647.8,3345.76,1178.6,538.15,76.53,666.66,938.3,140.38,844.13,2609.49,70.2,1301.24,856.36,629.1,574.3,347.4,2018.14,666.65,1732.57,1290.24,223.49,,538.16,346.06,1497.44,989.34,7575.03,351.15,807.31,130.63,117.94,139.48,1181.35,1117.42,426.87,215.14,790.92,719.49,89.01,2868.19,887.89,2077.78,,1091.6,5332.72,205.33
2022-06-16,2079.29,666.37,3618.57,2573.99,632.26,3309.66,1144.89,518.43,74.06,639.39,911.32,132.88,834.78,2544.64,67.2,1255.65,834.78,616.52,565.19,326.6,2018.28,658.16,1646.42,1267.56,221.19,,521.76,333.93,1465.82,969.8,7555.89,349.91,810.75,126.05,111.82,135.78,1164.83,1096.97,417.65,213.78,783.51,707.01,83.64,2810.67,848.93,2034.25,,1074.8,5187.13,197.03
2022-06-17,2092.07,653.91,3655.71,2499.17,632.56,3283.19,1173.13,531.74,74.79,629.08,885.95,134.92,807.37,2498.88,67.05,1260.54,829.41,620.59,545.62,324.27,1984.2,666.26,1629.2,1258.58,223.4,,530.13,333.49,1429.88,962.47,7415.59,357.02,799.63,123.84,110.19,132.64,1178.48,1074.09,417.08,214.96,763.12,694.03,84.11,2763.17,840.01,1911.37,,1040.65,5062.03,189.05
2022-06-20,2076.15,648.24,3764.8,2577.14,625.69,3271.43,1168.62,536.73,72.39,626.39,896.7,130.63,808.36,2516.58,65.0,1285.9,830.54,636.18,547.95,312.42,2064.54,665.38,1546.69,1282.94,224.08,,526.07,334.61,1412.46,948.04,7389.36,360.76,815.23,121.02,104.69,130.69,1157.12,1067.98,411.13,213.06,774.57,699.11,79.91,2784.19,852.46,1936.29,,1045.64,5214.56,193.46
2022-06-21,2157.95,673.61,3761.34,2594.24,633.85,3297.94,1172.64,544.45,73.37,639.49,908.66,136.5,831.11,2592.9,66.05,1303.58,853.51,643.1,559.14,329.66,2073.1,675.23,1624.85,1315.37,229.0,,550.78,335.07,1439.81,962.76,7504.77,359.96,815.45,123.4,108.36,132.01,1175.8,1088.23,426.31,219.62,786.25,709.25,82.08,2873.24,870.52,2051.18,,1047.08,5298.25,198.36
2022-06-22,2085.48,653.28,3741.15,2582.61,624.19,3289.26,1141.26,533.7,71.97,628.3,888.03,132.48,829.61,2554.48,67.6,1294.59,831.62,640.07,546.61,307.51,2071.07,666.02,1644.07,1303.89,225.1,,526.11,332.72,1419.13,949.11,7506.84,362.6,806.0,121.37,105.05,132.2,1140.08,1062.53,423.37,219.18,778.42,691.4,77.75,2883.08,853.02,2004.89,,1017.72,5289.5,191.87
2022-06-23,2106.59,660.12,3803.12,2671.58,626.73,3424.2,1152.97,534.54,72.31,645.25,903.96,130.85,836.22,2704.42,69.55,1285.95,840.23,642.43,552.85,308.63,2117.85,678.19,1618.76,1317.68,225.27,,534.29,335.59,1434.06,991.46,7977.78,364.69,815.67,120.36,105.01,130.88,1121.58,1065.9,426.92,224.08,793.42,700.67,78.04,2959.88,862.69,2014.96,,1026.64,5289.85,195.51
2022-06-24,2157.6,670.97,3791.17,2674.19,631.36,3450.03,1155.98,548.24,74.41,656.0,904.3,130.41,839.1,2760.88,70.5,1292.98,836.29,651.4,556.17,313.19,2166.08,692.06,1628.0,1307.38,225.56,,542.75,338.43,1434.58,1034.24,8066.71,370.56,827.94,120.45,106.99,131.13,1137.55,1070.57,429.62,232.96,793.13,710.96,79.11,2945.83,854.07,2019.1,,1055.51,5346.55,195.37
2022-06-27,2177.71,672.29,3747.81,2732.36,634.45,3493.32,1157.19,553.48,76.5,668.47,902.99,134.47,841.22,2732.48,65.85,1318.43,858.48,652.58,552.75,320.63,2181.83,695.84,1622.41,1337.78,229.04,,546.43,337.07,1473.88,1044.52,8149.23,372.16,834.02,122.12,110.23,132.77,1134.19,1076.52,436.19,234.3,803.76,711.35,80.5,2965.16,876.7,2013.87,,1045.94,5436.46,198.24
2022-06-28,2200.67,662.81,3790.14,2640.88,639.68,3518.47,1134.17,547.11,75.35,665.73,915.34,137.69,851.74,2747.35,60.3,1312.33,866.79,647.6,560.63,333.84,2179.01,689.0,1635.14,1342.81,230.65,,552.88,332.54,1488.95,1072.78,8188.73,368.87,836.21,122.21,116.34,131.98,1150.13,1070.07,439.07,234.04,796.98,718.61,81.53,2968.24,888.45,1942.56,,1065.03,5448.68,199.34
2022-06-29,2216.15,662.56,3667.31,2613.08,622.95,3499.06,1108.75,540.89,75.24,672.23,917.81,139.42,849.75,2769.22,57.3,1292.98,854.33,646.67,536.16,334.43,2099.84,681.68,1612.47,1327.48,232.52,,550.63,327.29,1485.49,1072.54,8207.25,367.03,840.79,124.99,120.08,132.48,1174.0,1059.75,434.2,229.0,806.69,702.18,81.78,2943.51,888.8,1911.07,,1105.9,5493.21,196.3
2022-06-30,2187.0,656.94,3638.18,2610.56,634.15,3479.4,1091.38,531.8,74.6,669.44,888.32,137.1,855.48,2680.72,53.85,1290.54,841.96,648.61,544.83,329.08,2097.17,686.0,1603.49,1326.25,232.05,,539.59,331.0,1495.43,1054.6,8170.45,365.29,839.39,126.0,118.05,132.98,1181.05,1073.59,440.63,239.71,798.9,688.87,80.43,2922.58,870.43,1916.1,,1070.91,5482.46,194.11
2022-07-01,2228.22,662.66,3690.18,2686.06,641.27,3402.42,1130.39,552.86,73.23,658.2,919.41,135.36,853.94,2669.64,56.15,1316.43,843.77,651.38,560.13,331.51,2145.82,682.8,1647.62,1342.13,241.26,,553.31,332.33,1508.77,1068.3,8104.71,357.77,855.01,124.02,102.09,129.6,1095.99,1091.71,441.53,236.78,797.6,701.74,80.97,2965.51,879.75,1920.99,,1070.31,5564.98,196.89
2022-07-04,2257.82,666.67,3723.71,2702.67,651.63,3454.19,1136.96,554.43,73.2,666.46,901.35,134.47,847.82,2682.69,54.3,1319.9,851.78,652.3,568.9,330.88,2233.11,698.51,1645.97,1349.93,247.67,,543.45,332.95,1517.93,1052.72,8144.02,364.39,864.59,124.68,98.15,132.23,1098.26,1109.38,447.77,236.62,797.75,712.08,79.27,2893.91,870.39,1937.08,,1114.83,5581.94,196.09
2022-07-05,2242.45,663.49,3770.43,2679.72,645.8,3457.01,1150.58,557.46,73.04,668.95,907.88,134.77,855.56,2691.52,55.45,1318.87,849.66,650.83,559.54,335.5,2257.84,697.88,1626.7,1339.0,243.42,,544.59,331.39,1501.81,1043.79,8052.73,364.99,864.13,124.2,99.24,134.4,1107.16,1102.77,446.54,238.97,803.9,711.0,79.79,2877.13,873.22,1928.94,,1116.97,5602.38,192.97
2022-07-06,2268.8,678.74,3835.72,2771.54,655.21,3541.77,1200.87,582.63,73.63,678.24,915.83,134.21,854.74,2789.71,54.35,1338.32,853.51,659.8,552.21,331.32,2348.95,704.19,1659.35,1353.24,245.46,,546.46,339.65,1493.41,1065.6,8324.1,367.93,883.53,122.52,94.22,132.07,1097.42,1107.84,453.92,240.21,805.73,731.39,79.6,2916.9,879.05,1987.47,,1168.46,5698.29,194.11
2022-07-07,2270.25,687.78,3867.08,2800.6,656.41,3562.85,1194.77,577.11,75.41,671.25,905.8,137.39,844.31,2824.48,54.45,1343.4,856.32,671.61,549.39,351.43,2325.02,719.75,1689.15,1359.64,247.71,,566.22,346.43,1546.15,1093.33,8301.29,363.2,874.7,123.84,96.2,133.39,1086.61,1116.27,460.35,244.74,817.03,736.17,83.49,2941.14,888.49,2099.94,,1167.02,5708.85,196.33
2022-07-08,2288.97,699.61,3887.72,2789.36,667.38,3590.54,1198.34,578.34,75.21,679.41,906.0,140.2,857.9,2812.39,54.8,1359.52,850.87,672.24,540.22,347.45,2347.49,733.04,1675.07,1373.93,248.64,,557.94,347.67,1619.42,1093.62,8175.46,362.3,884.99,126.71,94.65,137.32,1088.12,1138.41,462.06,239.54,824.97,742.55,82.18,2921.1,893.5,2124.06,,1200.62,5709.1,195.53
2022-07-11,2369.02,712.81,3884.85,2840.94,678.05,3612.64,1191.85,577.19,74.81,645.6,917.71,142.82,882.36,2922.96,56.1,1373.84,816.26,676.59,541.51,346.14,2341.61,746.43,1691.79,1336.46,250.3,,568.88,346.97,1595.95,1123.96,8206.04,364.54,888.37,127.68,97.76,136.22,1102.9,1138.91,461.72,234.99,824.54,746.94,84.67,2785.44,877.01,2143.13,,1203.76,5723.91,191.85
2022-07-12,2361.44,715.45,3881.35,2802.34,674.41,3611.99,1184.53,578.38,74.01,647.99,906.29,143.23,878.97,2833.93,59.0,1348.48,802.64,669.69,534.67,337.1,2303.02,737.12,1690.59,1305.12,248.35,,566.07,342.53,1587.08,1106.21,8121.21,364.54,870.87,129.71,96.67,133.99,1101.33,1131.31,458.65,231.28,819.1,737.73,83.68,2759.41,868.13,2109.85,,1192.34,5650.19,190.89
2022-07-13,2349.31,710.41,3820.7,2848.83,678.1,3624.1,1175.09,578.91,74.39,628.93,923.33,142.89,882.48,2846.74,58.35,1367.14,793.94,653.35,534.43,339.04,2348.33,730.62,1734.77,1310.42,249.49,,580.01,347.13,1580.84,1100.13,8140.98,366.58,876.85,131.03,96.94,134.59,1081.81,1131.41,460.12,237.38,827.33,743.67,83.94,2718.31,861.77,2091.42,,1201.91,5669.84,189.75
2022-07-14,2379.84,713.07,3850.09,2846.85,666.48,3626.4,1170.7,574.17,75.65,627.12,921.2,141.82,896.95,2834.94,55.65,1359.96,781.18,650.08,532.1,339.24,2348.38,729.84,1758.03,1296.27,246.78,,575.48,352.71,1579.78,1113.63,8264.01,371.91,882.31,130.76,99.05,134.84,1090.73,1130.52,453.35,242.25,846.32,746.89,84.23,2689.61,849.37,2107.32,,1175.74,5607.36,187.3
2022-07-15,2401.96,719.42,3883.32,2884.62,660.45,3673.47,1182.08,582.48,78.23,637.04,935.63,142.86,891.18,2910.63,53.9,1366.22,764.01,655.37,534.82,340.65,2414.85,728.68,1782.84,1297.63,249.07,,567.99,356.23,1616.92,1142.73,8466.86,366.83,901.92,132.04,98.58,131.35,1092.85,1146.9,453.12,245.94,844.88,770.98,81.98,2685.88,847.63,2168.98,,1207.05,5677.76,183.75
2022-07-18,2420.28,728.13,3898.53,2923.08,682.69,3739.84,1222.99,596.72,81.08,648.04,936.89,144.48,875.52,2913.03,53.6,1395.63,778.85,648.4,537.65,356.73,2400.75,748.86,1798.11,1351.66,250.55,,577.4,367.78,1658.0,1133.86,8396.2,362.5,894.9,132.09,101.19,131.95,1102.15,1168.44,463.71,261.36,849.11,774.69,83.89,2747.68,877.4,2216.28,,1204.9,5849.21,188.84
2022-07-19,2447.94,737.23,3970.74,2924.29,698.75,3756.69,1242.43,597.33,81.31,657.67,930.4,146.44,871.95,2952.55,53.95,1409.21,778.32,648.64,530.86,357.55,2414.33,757.25,1773.65,1346.44,249.96,,576.32,365.64,1660.06,1156.13,8406.86,367.88,883.0,132.93,99.63,131.79,1108.91,1161.29,470.95,260.32,841.9,767.76,85.29,2757.32,877.14,2220.0,,1198.62,5950.35,189.26
2022-07-20,2447.74,731.87,4059.68,2912.03,703.84,3756.74,1240.03,598.16,81.23,655.47,950.6,146.14,874.08,2921.18,53.4,1408.67,802.56,656.82,520.26,358.91,2448.7,759.62,1763.42,1374.7,253.01,,581.74,364.21,1669.8,1136.05,8438.88,365.19,894.51,132.75,103.25,131.32,1138.9,1177.27,481.02,263.41,834.39,775.32,86.13,2838.54,910.04,2249.71,,1205.85,5953.43,192.27
2022-07-21,2492.08,742.4,4098.99,2969.81,713.66,3808.36,1269.56,617.11,85.63,662.99,938.01,146.7,856.9,2955.91,53.5,1431.1,808.72,654.75,524.13,365.33,2451.47,762.44,1822.92,1390.67,254.16,,578.98,358.79,1715.68,1145.31,8485.13,363.3,905.21,133.01,103.68,133.24,1131.3,1159.9,484.28,273.48,836.46,798.04,86.67,2849.75,925.5,2266.95,,1216.87,5994.21,193.15
2022-07-22,2495.98,742.4,4074.54,2971.07,728.82,3805.97,1273.33,616.26,85.02,663.48,941.49,145.59,857.37,3019.61,53.65,1486.55,805.05,670.03,529.97,370.48,2482.64,776.06,1812.39,1366.53,255.01,,573.95,364.08,1718.21,1151.11,8517.88,353.64,912.37,131.34,103.18,131.79,1138.94,1156.33,485.84,279.88,841.13,784.15,86.83,2844.1,921.87,2303.0,,1240.0,6314.9,191.68
2022-07-25,2547.11,738.17,4138.35,3007.44,725.43,3774.66,1259.88,613.18,86.06,663.04,929.58,148.4,848.95,2961.19,47.6,1464.22,814.15,672.0,521.8,376.11,2466.66,776.89,1813.34,1364.09,255.47,,576.96,357.79,1732.49,1107.01,8315.95,359.96,901.25,132.35,101.11,130.47,1101.31,1136.47,489.72,279.96,835.21,787.95,89.12,2840.29,911.61,2306.82,,1228.83,6240.79,193.53
2022-07-26,2556.19,737.33,4059.63,3010.88,704.58,3684.97,1329.11,616.87,85.05,668.61,925.61,149.43,825.71,2900.36,41.65,1480.2,799.14,670.63,517.64,371.11,2394.73,772.43,1776.65,1316.5,256.62,,589.03,351.03,1702.17,1107.15,8223.6,363.64,889.34,132.26,99.86,131.23,1101.81,1129.77,486.31,276.56,834.54,771.27,88.08,2794.68,895.57,2271.5,,1227.79,6257.17,189.05
2022-07-27,2545.21,748.7,4074.84,3085.99,717.05,3645.78,1328.52,629.86,87.04,659.62,943.38,150.28,840.22,2933.08,43.95,1511.47,812.22,675.75,516.35,377.67,2427.5,776.5,1769.11,1334.56,258.06,,593.91,349.53,1746.3,1109.2,8351.16,361.11,890.89,132.0,100.18,132.2,1100.77,1140.84,499.55,271.41,859.88,781.76,89.0,2860.11,903.0,2281.76,,1250.62,6389.85,189.72
2022-07-28,2546.91,752.49,4138.94,3169.63,723.98,3621.75,1461.8,696.85,86.79,651.75,936.99,149.84,835.13,2929.82,45.7,1515.13,827.66,681.74,526.6,381.31,2463.36,790.18,1839.89,1376.6,257.47,,607.7,364.36,1750.77,1119.97,8411.88,361.4,918.3,132.57,101.46,134.43,1118.01,1182.63,503.57,273.31,860.7,786.63,93.09,2924.37,930.2,2312.56,,1255.0,6327.17,194.09
2022-07-29,2565.68,751.7,4160.47,3229.05,722.84,3674.51,1502.29,709.89,87.7,662.6,946.62,156.04,801.86,2967.66,46.8,1537.02,829.67,690.09,550.28,403.32,2479.63,794.06,1864.8,1405.91,257.13,,620.42,360.74,1757.38,1134.88,8462.51,367.97,930.16,134.87,104.5,134.27,1141.83,1284.82,499.7,258.12,907.21,791.56,99.81,2961.5,939.75,2329.8,,1264.77,6399.09,197.68
2022-08-01,2656.51,788.66,4235.34,3220.14,728.87,3729.75,1504.83,715.0,90.57,681.74,972.92,157.15,805.8,2962.82,46.3,1532.52,832.96,695.84,540.92,412.02,2437.89,798.71,1888.21,1407.13,260.9,,629.88,369.79,1763.84,1206.32,8684.22,367.93,925.16,138.0,107.81,137.41,1171.59,1303.58,504.8,257.2,883.64,791.02,100.42,2958.72,940.6,2353.77,,1297.08,6509.42,200.15
2022-08-02,2679.97,789.7,4272.67,3289.49,728.52,3751.24,1519.91,722.97,89.86,674.23,972.58,159.0,800.89,2994.04,55.55,1553.48,831.99,688.19,533.44,406.58,2477.61,793.23,1941.37,1400.37,262.98,,639.24,375.54,1742.8,1222.64,8847.85,365.69,934.95,140.68,106.49,139.7,1176.05,1275.69,512.7,257.99,882.25,791.51,99.26,2952.44,925.36,2362.39,,1304.7,6540.55,200.43
2022-08-03,2707.69,794.52,4257.02,3331.63,728.57,3758.05,1521.89,718.49,88.22,680.47,979.99,156.67,803.02,3010.59,55.45,1550.55,837.37,689.8,530.32,402.55,2469.24,800.07,1973.32,1420.79,261.45,,643.28,368.86,1739.64,1221.86,8698.72,368.27,930.48,140.77,105.67,140.33,1185.92,1274.05,511.52,254.47,862.77,792.63,99.3,2995.23,943.33,2393.54,,1304.8,6492.76,201.71
2022-08-04,2719.87,794.57,4341.71,3351.82,719.69,3765.79,1516.03,720.48,90.55,681.6,1011.61,153.01,813.15,3017.88,57.85,1543.22,838.16,688.98,529.87,409.78,2470.75,795.66,1982.75,1451.45,262.6,,654.66,365.76,1730.21,1229.76,8705.76,376.59,953.74,136.41,106.14,138.57,1170.25,1269.33,504.33,254.4,883.45,769.71,99.91,3009.08,946.38,2400.72,,1312.78,6478.35,203.18
2022-08-05,2694.7,797.52,4320.28,3364.8,726.58,3767.11,1506.11,719.31,88.0,690.78,1001.64,153.97,814.89,2963.97,54.6,1561.74,837.85,686.65,534.18,399.19,2487.15,813.07,2077.39,1466.65,263.74,,657.42,365.44,1737.35,1204.52,8583.91,373.95,957.18,137.2,106.33,140.36,1153.0,1257.27,502.25,254.88,881.0,765.37,99.58,3018.14,948.3,2409.78,,1311.93,6662.38,205.28
2022-08-08,2788.08,789.06,4372.88,3349.84,743.58,3776.07,1550.51,723.0,90.31,691.46,1001.98,159.11,827.93,2990.01,55.45,1562.08,845.12,703.49,531.7,409.49,2491.81,816.73,2063.71,1469.14,265.7,,659.44,367.55,1778.37,1244.28,8662.31,379.87,944.28,140.55,106.33,139.26,1168.08,1260.5,492.18,260.45,875.66,769.18,99.44,3026.57,946.87,2423.8,,1314.67,6566.66,203.35
2022-08-10,2823.33,778.13,4461.57,3304.51,737.05,3787.52,1561.75,704.01,92.09,702.16,1010.54,162.39,831.84,3026.28,55.95,1574.05,832.87,705.54,535.81,427.67,2484.71,828.24,2034.86,1453.76,264.04,,660.32,364.33,1803.16,1235.85,8621.29,370.12,949.88,139.97,104.23,140.26,1175.07,1263.77,486.79,261.23,884.6,770.98,101.3,3008.46,945.62,2410.57,,1307.29,6485.82,200.69
2022-08-11,2830.17,780.3,4375.15,3298.26,756.84,3786.26,1571.11,720.71,92.1,696.81,1010.59,163.71,834.78,3047.29,57.9,1573.22,841.88,714.87,536.46,425.12,2457.35,838.93,2016.39,1469.64,259.84,,663.77,369.56,1814.82,1234.05,8557.36,370.26,945.56,138.08,103.45,139.86,1178.98,1252.16,496.29,263.04,885.9,754.3,101.2,3069.67,965.38,2448.96,,1336.11,6487.25,204.56
2022-08-12,2860.63,775.96,4259.69,3320.2,758.54,3790.48,1573.95,719.77,93.27,696.72,999.64,165.99,835.27,3100.11,61.75,1595.39,836.67,714.61,539.83,427.81,2439.72,853.28,2010.75,1446.19,261.79,,668.31,367.11,1794.7,1227.47,8446.04,360.26,939.0,142.44,108.43,143.12,1198.05,1277.03,501.92,255.91,878.59,744.55,104.5,3050.88,955.2,2448.56,,1378.58,6450.08,203.46
2022-08-16,2971.77,811.2,4295.88,3391.05,762.63,3840.37,1588.96,717.48,94.12,691.22,1006.84,166.93,842.53,3223.63,64.25,1564.86,838.25,722.79,565.23,420.6,2486.31,858.01,2065.66,1448.32,263.49,,664.02,368.14,1797.08,1255.58,8741.68,395.05,945.72,142.66,109.02,143.62,1206.37,1299.9,497.43,255.3,879.7,760.21,104.82,3042.94,965.78,2470.25,,1405.7,6545.17,203.93
2022-08-17,3004.53,811.79,4252.77,3413.04,770.06,3818.55,1681.26,741.21,93.35,709.72,998.28,165.84,846.07,3281.14,65.25,1589.44,857.84,726.52,583.81,430.46,2524.05,861.91,2047.09,1457.21,265.19,,662.79,366.81,1803.69,1241.89,8684.06,385.2,948.23,145.09,108.78,143.4,1212.68,1295.69,499.51,253.59,885.66,773.86,104.36,3050.48,989.8,2468.62,,1470.25,6499.79,206.71
2022-08-18,3149.33,819.96,4225.68,3424.32,763.03,3811.74,1677.83,737.38,92.52,719.79,1004.56,166.06,828.27,3294.46,67.1,1586.69,851.63,727.38,581.23,429.58,2521.61,863.72,2018.59,1436.07,267.82,,663.58,379.73,1841.45,1229.12,8687.31,383.85,939.7,144.51,108.11,145.19,1214.87,1314.4,503.48,252.26,881.77,787.85,104.41,3032.67,990.38,2455.25,,1451.11,6592.32,202.97
2022-08-19,3125.91,858.1,4095.64,3373.18,755.5,3824.79,1626.08,719.01,91.35,718.9,1002.51,162.62,824.14,3306.73,61.45,1578.92,848.61,718.41,571.23,419.08,2476.95,849.37,1966.98,1448.91,264.72,,654.86,374.25,1881.79,1207.93,8523.47,377.23,934.09,141.77,107.35,144.59,1193.21,1287.35,492.13,251.96,869.8,767.47,102.09,3036.71,989.48,2417.51,,1393.93,6536.86,201.76
2022-08-22,3047.42,827.05,3986.26,3244.55,739.89,3793.86,1584.56,699.37,92.63,714.29,995.16,163.48,820.8,3247.96,62.0,1537.87,839.34,707.49,561.32,410.41,2469.57,831.66,1965.43,1429.45,266.76,,633.57,365.29,1827.94,1195.55,8376.92,375.29,934.63,140.64,105.2,143.19,1189.9,1266.55,483.57,245.6,849.73,774.3,97.45,3008.73,966.67,2394.73,,1310.14,6359.81,195.95
2022-08-23,3026.5,819.42,4031.86,3251.19,745.08,3815.31,1627.71,709.76,95.63,724.1,1012.78,166.89,828.28,3345.99,64.45,1568.69,828.36,705.3,560.53,419.62,2437.65,843.03,2001.12,1399.29,268.03,,643.33,370.01,1824.44,1240.77,8466.73,380.62,942.96,142.57,106.67,144.21,1208.26,1269.78,493.6,250.04,857.3,789.32,99.81,2945.99,955.2,2456.73,,1342.74,6387.24,194.39
2022-08-24,3130.36,823.16,4170.32,3272.74,748.17,3816.53,1630.7,706.72,94.22,725.23,1009.57,167.49,826.89,3332.42,62.2,1585.21,830.33,708.69,561.32,420.56,2433.42,852.2,1967.38,1394.84,266.5,,642.0,372.37,1840.29,1236.09,8450.71,378.03,945.15,144.51,108.47,145.41,1205.04,1277.97,491.14,251.25,850.16,785.76,98.84,2919.75,959.73,2437.42,,1340.84,6399.98,194.16
2022-08-25,3062.15,803.18,4128.77,3256.9,741.39,3813.9,1621.96,693.95,95.06,727.44,998.28,168.42,830.78,3362.11,62.1,1597.6,825.65,704.84,565.68,424.38,2420.21,851.27,1970.47,1377.29,265.02,,639.24,372.6,1825.27,1227.66,8481.68,380.27,938.21,142.8,108.9,143.42,1201.52,1287.4,492.18,247.82,846.59,782.0,98.56,2886.43,959.42,2443.11,,1355.3,6367.23,193.71
2022-08-26,3135.25,824.54,4174.78,3219.17,742.93,3805.88,1625.92,695.42,97.84,717.48,993.46,172.2,827.92,3240.09,61.85,1647.15,827.27,704.96,561.57,431.54,2417.72,849.81,1971.37,1380.37,265.48,,657.27,379.24,1852.0,1242.28,8466.82,376.98,938.28,146.84,108.98,146.05,1195.11,1303.97,495.39,249.44,849.34,782.1,99.58,2890.02,972.81,2508.94,,1386.41,6408.63,194.67
2022-08-29,3138.3,823.26,4210.68,3238.26,726.77,3783.02,1606.0,685.79,98.96,707.42,990.06,172.69,825.34,3178.77,59.2,1636.14,802.64,692.59,555.68,421.88,2421.72,835.17,1955.89,1326.12,266.04,,640.12,368.87,1828.77,1244.38,8577.12,372.21,943.96,144.64,108.39,143.89,1185.82,1288.59,486.93,247.85,848.47,786.2,97.26,2809.61,928.01,2507.75,,1356.55,6397.96,188.65
2022-08-30,3189.97,828.92,4281.39,3285.09,749.51,3834.46,1693.43,719.46,98.2,713.31,1010.64,175.84,832.18,3243.62,57.95,1650.5,821.41,715.06,569.79,430.51,2500.74,865.86,2013.4,1354.42,271.93,,657.17,381.92,1868.62,1275.47,8817.95,386.49,957.39,147.38,110.54,145.51,1204.22,1319.26,502.44,253.42,861.79,789.61,100.46,2880.11,964.34,2580.01,,1403.01,6566.66,192.94
2022-09-01,3228.82,824.64,4236.08,3338.31,742.18,3826.43,1737.78,707.16,102.47,721.6,995.6,172.47,823.77,3294.66,62.45,1656.74,810.12,708.35,570.19,413.79,2450.11,853.23,2034.91,1328.34,269.47,,651.95,379.4,1859.34,1278.73,8761.88,378.33,948.12,144.42,107.43,143.29,1168.81,1286.95,504.38,248.67,841.33,817.65,98.7,2808.85,943.55,2597.19,,1409.73,6522.06,191.5
2022-09-02,3351.2,838.57,4270.94,3323.3,748.22,3783.82,1730.08,708.05,103.99,721.55,988.4,171.72,821.38,3304.8,59.75,1659.59,808.72,714.77,569.44,406.88,2447.85,851.32,2025.98,1318.18,274.18,,651.75,382.59,1886.11,1282.53,8660.03,378.23,939.9,145.41,105.87,142.09,1155.16,1278.66,507.59,244.8,839.11,813.06,97.87,2807.68,946.69,2587.88,,1386.9,6467.98,190.21
2022-09-05,3341.97,837.53,4241.43,3317.25,754.1,3714.12,1734.75,708.62,105.06,726.85,998.18,173.44,826.15,3283.94,59.65,1682.06,818.83,719.37,568.26,421.0,2445.03,861.13,2016.49,1325.71,279.02,,672.0,386.39,1913.18,1287.02,8689.6,377.18,925.38,147.83,106.39,141.58,1173.1,1283.82,509.67,247.09,853.64,816.72,99.16,2810.37,954.44,2602.49,,1394.03,6413.35,189.19
2022-09-06,3431.09,836.99,4373.1,3288.62,748.02,3688.54,1694.11,701.06,104.34,747.32,1012.97,174.26,831.04,3293.45,59.7,1694.15,820.4,716.63,568.11,422.61,2419.18,862.3,2017.99,1320.09,277.57,,674.56,381.97,1907.3,1273.22,8630.08,380.62,914.92,151.38,105.35,142.62,1185.45,1301.64,508.63,259.05,856.68,798.0,100.74,2804.68,953.23,2606.75,,1385.76,6387.34,188.7
2022-09-07,3468.99,861.16,4334.48,3293.56,753.4,3609.92,1702.76,705.7,105.49,739.32,1023.34,178.87,833.02,3267.67,59.5,1720.8,815.07,713.23,571.53,424.48,2411.19,855.03,1974.36,1322.4,276.68,,674.61,380.48,1903.22,1256.95,8529.25,381.16,921.52,150.35,105.67,142.21,1178.56,1321.69,503.95,255.66,862.47,804.68,99.81,2824.9,946.2,2612.79,,1408.94,6658.06,190.1
2022-09-08,3458.06,871.15,4372.41,3341.8,777.69,3610.81,1735.43,714.67,105.14,755.72,1027.77,177.07,837.4,3308.32,61.35,1740.17,814.5,720.6,578.86,412.42,2422.98,877.09,1937.38,1338.96,279.91,,675.35,384.83,1919.06,1288.33,8534.83,376.98,918.85,149.9,105.16,142.21,1180.23,1307.94,515.11,254.69,863.0,798.82,98.19,2842.89,976.44,2601.85,,1402.81,6804.43,192.59
2022-09-09,3446.47,892.6,4417.52,3333.76,782.78,3612.69,1717.74,707.12,105.14,751.74,1029.96,177.93,834.16,3354.1,62.8,1718.93,829.76,721.08,570.53,417.76,2433.84,879.48,1930.04,1371.39,280.42,,676.93,384.09,1895.1,1268.21,8685.66,411.43,915.37,149.72,106.87,141.26,1172.88,1287.84,523.34,247.7,858.85,796.09,98.05,2885.94,1009.64,2578.82,,1375.19,6670.69,194.62
2022-09-12,3459.06,923.76,4438.57,3324.41,798.88,3633.06,1710.99,717.55,108.47,755.08,1036.23,173.37,835.34,3417.64,62.55,1738.79,835.93,718.65,573.11,422.81,2426.04,885.28,1924.0,1393.66,280.76,,676.93,383.62,1906.91,1264.11,8667.85,420.34,911.37,149.54,106.87,141.93,1186.0,1296.33,524.81,248.53,856.63,805.07,99.95,2908.63,1030.66,2635.97,,1396.08,6755.21,196.89
2022-09-13,3550.93,933.89,4446.99,3314.73,803.42,3629.49,1781.82,729.03,107.59,769.9,1030.54,173.22,833.72,3401.27,65.45,1759.64,835.8,728.05,581.53,428.2,2431.87,888.01,1926.99,1401.6,283.73,,680.97,383.5,1935.54,1266.84,8666.73,420.88,915.96,150.44,106.79,143.73,1195.91,1314.59,527.74,249.29,858.99,827.98,99.95,2896.43,1028.28,2679.95,,1455.94,6781.47,197.19
2022-09-14,3567.21,932.96,4385.09,3330.95,800.93,3614.24,1802.38,736.91,107.62,769.02,1031.56,173.7,826.13,3420.39,63.3,1752.9,815.33,735.54,570.93,433.45,2417.58,895.92,1901.84,1338.5,284.53,,682.74,389.74,1899.14,1265.09,8706.25,420.68,918.13,154.89,106.23,147.38,1181.57,1293.65,540.74,249.68,852.82,819.45,101.25,2798.71,998.94,2675.05,,1426.28,6761.26,194.23
2022-09-15,3743.56,953.33,4300.16,3288.77,787.91,3537.03,1769.29,727.34,106.79,770.74,1005.63,175.42,817.28,3498.09,64.6,1777.97,804.74,731.71,561.42,416.19,2407.24,895.43,1898.89,1299.85,283.47,,679.59,385.64,1902.64,1264.11,8941.74,437.56,913.34,157.36,105.75,150.58,1169.86,1285.41,541.12,248.05,843.7,816.67,99.26,2784.32,970.53,2631.02,,1430.87,6676.99,193.64
2022-09-16,3697.13,923.46,4238.66,3218.21,787.21,3463.39,1732.05,716.29,106.7,765.39,1015.55,173.03,799.31,3427.35,63.2,1715.34,784.62,718.26,541.61,404.52,2376.92,887.14,1832.95,1249.28,281.1,,675.84,384.88,1866.19,1218.35,8922.22,432.23,884.28,155.29,104.68,149.34,1140.88,1262.83,531.33,240.21,837.67,775.52,98.05,2698.53,925.9,2587.09,,1428.38,6373.48,187.39
2022-09-19,3773.47,944.52,4266.84,3212.1,795.99,3480.94,1763.05,738.15,106.22,768.43,1008.55,172.17,803.58,3467.18,63.95,1720.01,785.41,723.0,542.95,404.18,2424.96,877.48,1835.45,1261.3,284.74,,670.03,384.72,1857.15,1255.93,9010.77,422.83,901.62,153.67,104.12,147.76,1142.36,1293.65,541.22,240.75,844.23,773.37,95.64,2716.56,931.55,2595.01,,1417.51,6352.29,187.53
2022-09-20,3829.3,955.01,4515.57,3286.64,810.6,3537.6,1796.64,751.87,105.93,777.66,1063.05,172.13,826.49,3584.33,62.85,1712.44,799.58,731.71,554.49,413.3,2429.0,894.6,1902.44,1259.71,285.08,,678.95,386.76,1878.53,1269.86,9030.19,429.74,894.48,154.48,106.23,147.47,1142.54,1299.61,542.92,242.47,880.03,784.29,98.14,2726.87,946.47,2658.61,,1441.19,6376.67,188.91
2022-09-21,3635.11,918.24,4560.59,3250.65,804.42,3501.92,1799.04,757.31,104.24,765.93,1041.73,173.4,814.09,3555.84,63.45,1691.01,788.16,730.58,546.22,403.39,2466.66,893.14,1874.38,1249.46,289.28,,674.86,382.52,1842.52,1273.47,8978.78,435.57,896.08,151.52,104.4,143.89,1145.69,1296.63,538.8,238.11,873.61,784.29,96.89,2691.8,950.05,2641.42,,1457.54,6208.62,186.97
2022-09-22,3711.21,931.78,4564.65,3328.09,787.11,3500.33,1769.44,760.16,105.73,769.75,1033.46,170.03,819.9,3620.25,63.3,1703.64,785.28,715.02,540.67,404.13,2531.67,881.57,1873.63,1241.02,292.76,,669.44,377.39,1835.28,1277.12,9128.25,424.87,895.52,151.56,102.6,139.49,1134.9,1275.98,536.53,235.19,876.22,783.32,96.1,2697.36,939.52,2711.7,,1482.27,6135.51,185.67
2022-09-23,3669.27,899.44,4376.03,3288.62,766.57,3472.17,1719.07,739.24,102.51,757.24,1039.49,166.89,811.43,3562.02,60.8,1668.93,783.7,695.84,534.38,388.68,2521.61,860.94,1841.14,1238.75,293.91,,659.24,371.4,1804.81,1239.99,9071.55,425.02,888.68,147.34,102.56,128.37,1113.62,1263.58,520.74,225.08,888.86,762.2,96.75,2674.63,927.6,2647.16,,1429.33,6037.71,183.99
2022-09-26,3581.29,849.84,4241.58,3330.08,740.64,3355.39,1674.04,714.86,96.8,741.24,1037.11,161.38,809.21,3395.04,57.8,1637.52,793.19,686.46,517.83,366.18,2501.4,840.25,1836.15,1252.18,282.2,,636.72,364.68,1799.56,1205.0,8577.84,417.35,886.64,142.53,98.46,127.29,1085.25,1250.47,513.84,219.8,869.17,761.52,92.62,2685.7,925.63,2630.38,,1404.7,6074.24,184.2
2022-09-27,3554.22,830.94,4202.21,3361.66,735.55,3324.79,1676.79,713.22,95.88,746.68,1069.28,160.19,819.75,3448.16,58.85,1654.28,803.74,680.3,515.95,366.37,2518.98,831.95,1842.04,1264.25,284.11,,627.71,358.76,1789.6,1204.37,8518.72,411.78,897.17,142.89,99.25,129.82,1093.88,1233.1,507.4,217.95,865.75,778.1,90.58,2706.38,916.31,2575.75,,1391.84,6089.73,185.88
2022-09-28,3543.89,814.11,4227.96,3458.51,714.56,3328.55,1649.48,709.24,95.31,747.52,1067.77,157.86,837.02,3503.93,58.05,1641.16,805.53,668.61,509.61,353.77,2540.46,828.98,1816.63,1265.29,275.71,,607.51,357.42,1784.01,1210.85,8472.79,404.16,905.26,141.95,97.74,131.63,1064.76,1229.63,496.39,219.79,885.72,774.0,88.31,2722.7,922.76,2552.57,,1383.96,6070.16,185.71
2022-09-29,3465.95,803.57,4349.53,3278.5,717.1,3263.59,1633.21,699.62,95.16,750.66,1085.97,160.19,854.86,3499.87,61.2,1628.03,807.5,665.14,523.04,364.02,2539.0,823.51,1824.22,1268.87,282.58,,609.23,351.98,1764.62,1226.4,8373.86,400.92,911.9,143.38,101.01,131.82,1061.49,1230.62,493.45,226.22,898.12,772.98,89.84,2688.31,902.51,2507.55,,1393.43,6073.06,183.26
2022-09-30,3451.02,807.76,4341.31,3237.48,731.26,3311.51,1675.59,722.36,97.04,785.27,1085.09,158.95,849.96,3545.75,62.35,1646.76,815.63,683.91,525.46,383.0,2535.15,841.17,1852.17,1282.3,281.86,,622.44,362.72,1795.91,1235.99,8571.24,406.05,919.86,143.47,101.13,134.48,1085.43,1241.19,501.82,224.03,915.44,782.98,92.11,2694.81,903.85,2582.28,,1415.72,6150.94,183.94
2022-10-03,3152.97,772.08,4323.29,3199.17,720.84,3299.87,1643.89,706.22,94.63,788.65,1100.47,160.97,866.41,3344.63,61.9,1609.0,813.8,679.99,513.82,373.58,2465.62,827.85,1793.82,1264.43,275.24,,614.45,355.69,1768.31,1219.57,8298.27,413.27,912.55,144.1,105.59,133.59,1081.67,1228.09,491.56,218.81,911.44,758.69,91.23,2677.23,901.08,2549.84,,1385.61,6138.6,184.06
2022-10-04,3233.26,810.12,4362.11,3232.93,740.84,3360.18,1698.35,737.43,98.09,793.9,1113.99,167.19,865.3,3433.14,64.05,1655.66,827.58,699.14,526.95,386.43,2508.35,846.69,1848.63,1296.77,282.41,,633.82,363.33,1819.1,1228.34,8437.6,411.63,925.0,146.08,106.79,132.1,1101.62,1251.32,503.81,224.46,911.49,765.72,93.83,2772.48,921.51,2560.64,,1427.13,6202.52,189.19
2022-10-06,3280.5,811.15,4348.34,3224.41,753.1,3374.31,1707.74,729.1,100.59,774.17,1104.07,174.86,862.08,3410.3,65.55,1654.87,843.8,691.44,524.67,404.67,2457.63,864.06,1813.24,1320.13,285.64,,664.61,362.66,1859.34,1224.98,8449.73,424.37,927.32,146.39,105.79,130.74,1105.68,1235.93,508.16,224.07,920.51,774.64,96.06,2782.17,924.2,2568.32,,1443.03,6182.56,191.36
2022-10-07,3273.11,804.07,4351.91,3238.69,753.7,3382.66,1696.21,723.29,102.13,778.59,1100.22,172.02,857.98,3378.63,69.55,1669.42,837.81,688.45,521.9,403.15,2444.19,861.23,1791.07,1316.55,283.47,,656.33,363.96,1870.61,1207.39,8523.62,414.11,928.33,147.65,106.91,132.71,1110.36,1234.0,501.45,224.32,921.72,761.57,95.82,2748.94,917.52,2704.67,,1446.37,6100.2,190.4
2022-10-10,3241.8,795.4,4298.92,3175.01,774.8,3395.24,1681.63,718.19,100.4,777.85,1088.89,172.13,858.64,3410.54,68.7,1645.88,842.67,680.85,528.19,399.62,2449.73,860.45,1772.55,1326.93,278.17,,656.28,360.54,1856.13,1211.43,8604.5,408.89,918.62,147.34,106.27,132.42,1098.24,1230.12,501.97,220.33,912.93,738.41,95.73,2797.06,922.45,2654.74,,1427.53,6047.5,191.89
2022-10-11,3269.47,784.82,4234.5,3195.11,783.47,3312.45,1669.9,709.27,99.05,766.02,1080.37,168.83,839.58,3291.18,65.55,1616.92,821.1,673.95,517.64,388.39,2398.07,849.57,1766.96,1291.69,276.85,,633.37,356.48,1826.29,1198.33,8431.43,408.89,886.47,144.73,104.56,132.04,1076.37,1197.42,498.8,219.6,911.68,724.22,93.09,2753.11,900.49,2599.67,,1418.76,5975.56,188.67
2022-10-12,3219.23,791.27,4245.89,3146.19,806.56,3402.33,1691.87,711.58,99.25,761.36,1078.76,173.81,831.42,3339.66,63.75,1643.61,832.82,678.35,521.65,392.46,2436.34,847.37,1744.25,1296.13,280.08,,641.6,360.93,1857.68,1216.21,8433.81,418.79,899.71,148.28,104.76,136.6,1084.29,1203.23,504.85,226.73,922.1,738.6,93.27,2781.09,910.4,2596.55,,1418.01,6074.83,190.33
2022-10-13,3229.22,772.42,4225.09,3108.22,799.88,3383.84,1678.99,704.24,97.47,754.83,1074.09,175.65,834.07,3352.21,61.25,1651.58,859.16,670.56,515.75,393.78,2412.88,832.98,1733.22,1288.15,278.85,,638.89,359.2,1823.57,1216.5,8397.84,427.21,901.55,148.06,103.56,135.59,1087.74,1179.11,493.17,222.43,934.5,738.65,92.86,2783.38,907.75,2574.06,,1397.42,6078.82,176.87
2022-10-14,3205.1,767.84,4255.89,3085.46,798.39,3351.64,1685.53,716.14,96.89,751.94,1079.2,177.0,845.07,3358.01,61.9,1667.11,877.05,692.4,518.08,389.47,2421.72,849.23,1748.99,1337.46,281.77,,630.91,365.68,1858.02,1199.06,8366.53,425.81,909.44,148.37,101.77,134.77,1082.22,1171.07,498.61,221.48,942.13,742.41,92.86,2779.65,913.94,2593.03,,1375.44,6088.9,176.03
2022-10-17,3208.2,773.85,4249.65,3097.18,812.0,3406.55,1716.42,724.28,97.85,751.99,1078.47,178.23,849.86,3394.22,62.65,1662.79,870.09,696.03,518.83,380.79,2435.58,863.81,1742.06,1351.7,281.9,,622.24,370.49,1830.42,1198.77,8469.93,417.6,909.07,151.38,101.93,134.26,1099.59,1180.99,514.17,223.07,945.7,744.26,92.35,2798.18,916.98,2600.16,,1374.09,6167.07,175.0
2022-10-18,3279.8,797.23,4324.08,3124.54,814.19,3389.94,1723.41,727.75,101.84,768.82,1095.7,181.0,854.04,3488.67,63.0,1659.94,882.86,694.73,526.25,385.84,2446.58,875.23,1778.0,1364.18,288.73,,627.46,370.8,1864.34,1221.96,8551.05,405.6,931.54,150.03,102.64,134.58,1118.99,1210.03,531.95,229.01,944.1,755.18,93.37,2827.81,913.53,2616.11,,1424.59,6241.07,176.96
2022-10-19,3272.76,792.4,4346.61,3111.85,827.66,3431.76,1696.01,726.76,101.79,769.07,1091.95,178.38,846.27,3488.48,62.05,1656.1,879.73,701.86,526.55,382.75,2428.48,870.55,1778.19,1347.62,293.87,,616.77,372.72,1851.51,1216.7,8465.61,403.66,948.41,147.43,101.93,135.56,1138.46,1218.02,523.39,227.21,942.7,745.63,92.81,2807.26,913.35,2619.53,,1419.85,6291.86,176.38
2022-10-20,3352.5,807.17,4281.0,3042.26,823.67,3465.55,1722.86,731.88,103.81,778.39,1106.35,180.48,852.57,3526.0,61.3,1660.62,898.94,697.12,532.15,387.56,2445.31,867.18,1781.29,1361.64,296.71,,619.23,371.57,1850.78,1218.26,8454.01,411.73,963.89,150.03,103.36,137.84,1141.52,1213.9,525.28,227.44,946.03,751.62,93.6,2839.14,933.47,2606.6,,1421.2,6197.36,177.99
2022-10-21,3307.36,789.06,4346.91,2995.28,898.02,3443.73,1681.68,708.28,99.53,782.86,1104.36,178.76,849.0,3505.09,61.8,1648.92,907.6,692.21,536.85,386.13,2495.14,885.23,1776.1,1361.27,293.23,,612.98,379.36,1824.15,1224.84,8450.03,409.14,975.12,148.33,104.92,137.71,1128.28,1237.12,530.43,224.06,943.48,742.8,92.95,2821.24,933.02,2640.43,,1426.68,6256.95,178.48
2022-10-24,3305.27,792.85,4367.81,3023.62,907.05,3473.01,1699.0,709.64,100.74,787.42,1116.18,180.11,858.15,3516.39,62.35,1670.55,911.49,703.01,536.46,387.9,2419.18,903.92,1790.37,1377.01,295.01,,612.98,378.0,1856.23,1238.68,8510.37,409.68,1002.99,150.03,105.91,138.7,1132.04,1248.29,539.56,224.3,952.45,751.87,93.88,2843.1,939.3,2658.51,,1424.94,6288.12,179.48
2022-10-25,3295.98,787.78,4361.76,2988.02,900.46,3430.11,1655.82,699.44,100.98,787.62,1124.94,179.69,870.86,3583.46,64.6,1685.94,906.98,698.13,528.43,390.69,2355.53,902.7,1765.62,1384.68,293.82,,634.95,368.19,1894.47,1248.86,8742.95,422.92,974.52,152.19,104.28,138.47,1114.56,1245.56,547.17,227.69,956.84,747.97,93.88,2843.46,970.08,2645.04,,1429.62,6308.87,179.46
2022-10-27,3320.45,808.35,4389.3,2947.87,912.73,3400.26,1628.27,686.46,103.67,802.15,1134.68,180.4,880.44,3583.46,65.1,1695.53,911.89,699.81,527.99,404.42,2368.31,902.07,1738.31,1397.66,293.4,,669.69,371.86,1909.0,1261.29,8778.82,417.1,967.35,153.36,105.12,141.9,1118.94,1243.62,548.21,233.26,976.24,750.99,96.66,2839.23,964.12,2678.22,,1458.69,6329.62,178.53
2022-10-28,3318.75,807.41,4523.15,2957.51,900.66,3445.7,1650.68,689.98,101.26,801.9,1124.26,183.03,874.31,3617.35,62.6,1655.95,910.08,701.88,525.12,397.12,2373.25,885.92,1759.33,1387.84,293.4,,660.62,375.69,1919.7,1278.34,9216.31,428.4,974.52,156.41,106.63,143.73,1153.18,1243.53,539.8,238.46,955.35,742.5,94.25,2844.49,940.01,2710.51,,1454.55,6338.52,178.81
2022-10-31,3342.86,810.61,4474.13,3014.45,903.61,3446.78,1684.73,703.49,102.71,816.78,1136.14,184.19,869.17,3718.46,63.1,1692.82,919.93,720.16,535.37,397.8,2398.12,886.75,1778.69,1410.22,295.86,,664.12,379.22,1966.4,1314.35,9250.34,454.23,984.23,155.56,106.91,144.59,1163.88,1256.58,542.68,229.94,981.3,751.09,94.2,2871.38,952.96,2735.37,,1523.29,6603.14,180.35
2022-11-01,3570.8,828.58,4468.03,3064.6,869.45,3503.9,1706.24,709.93,104.29,820.26,1141.97,183.96,889.08,3668.2,63.5,1731.76,936.63,728.13,539.43,406.38,2415.25,886.65,1817.63,1442.64,296.54,,676.34,380.67,1967.71,1319.66,9179.46,455.73,995.18,163.38,107.79,149.03,1154.87,1259.36,545.61,225.93,1000.32,755.67,93.88,2931.22,959.68,2728.88,,1552.85,6707.32,183.08
2022-11-02,3575.79,820.31,4341.02,3037.92,861.27,3507.74,1707.59,704.68,102.95,795.03,1128.2,184.07,893.07,3601.37,63.0,1730.53,923.51,728.58,537.15,413.15,2383.54,882.84,1802.45,1424.57,300.91,,674.22,380.82,1956.87,1318.01,8960.82,462.64,985.39,162.61,108.82,147.85,1162.08,1263.23,542.73,225.95,1015.13,749.04,93.92,2915.03,969.63,2702.64,,1525.63,6667.01,183.8
2022-11-03,3585.48,820.75,4352.8,3047.04,861.77,3542.2,1720.67,701.28,105.69,803.67,1131.95,184.37,899.79,3549.27,62.2,1716.37,923.46,725.38,540.27,402.41,2410.09,886.7,1800.16,1403.89,300.1,,670.28,378.86,1952.4,1301.49,8970.23,459.96,987.14,160.1,108.78,144.53,1166.42,1266.6,553.18,232.02,1007.65,743.87,94.62,2883.61,943.51,2737.5,,1540.84,6616.22,181.26
2022-11-04,3828.0,849.34,4320.71,3085.89,865.81,3539.94,1797.74,710.18,104.73,801.46,1115.41,184.26,887.09,3541.21,63.0,1735.5,923.64,720.38,534.23,422.22,2385.48,883.43,1794.97,1388.53,300.02,,691.51,378.82,1958.62,1304.31,8960.91,460.75,987.23,159.02,109.94,143.32,1183.58,1256.23,561.74,235.63,1003.5,745.38,97.17,2893.18,944.23,2743.49,,1501.46,6778.27,182.21
2022-11-07,3955.17,839.6,4321.9,3010.42,870.64,3538.77,1775.13,708.02,105.4,807.65,1100.61,186.88,879.31,3626.43,65.1,1745.43,925.23,725.99,530.96,429.04,2397.26,895.33,1775.05,1382.52,299.93,,699.64,375.37,1961.1,1316.98,9061.69,454.93,989.88,158.03,110.5,144.49,1189.9,1269.18,580.84,241.17,992.35,753.04,98.98,2907.84,944.09,2715.61,,1503.35,6857.38,182.66
2022-11-09,3991.72,876.81,4319.33,2993.88,871.39,3510.33,1749.82,703.48,103.86,804.06,1099.15,191.56,889.01,3604.99,65.3,1716.23,930.8,725.77,526.75,409.03,2374.55,888.5,1715.85,1385.96,306.04,,696.24,377.52,1947.35,1303.58,8984.21,456.17,982.13,155.83,110.58,138.63,1188.72,1254.44,582.17,238.58,978.07,751.09,98.42,2891.97,937.89,2692.38,,1497.22,6788.55,182.4
2022-11-10,3986.78,879.41,4244.3,2953.77,841.47,3496.29,1697.56,686.85,102.56,810.64,1092.24,189.92,891.86,3573.99,63.95,1675.96,929.91,733.66,523.28,407.07,2379.09,888.7,1707.51,1377.48,302.05,,690.82,381.26,1922.22,1265.23,8832.51,457.67,975.14,154.66,111.54,136.19,1174.34,1229.18,572.9,232.94,975.27,749.67,97.12,2882.62,930.96,2616.01,,1466.46,6688.05,181.44
2022-11-11,4003.36,880.45,4378.95,2963.72,848.45,3499.16,1716.42,694.37,103.14,811.77,1091.37,189.65,889.9,3399.0,72.8,1679.8,963.67,775.23,537.55,421.54,2369.11,884.65,1763.12,1439.98,302.35,,708.51,378.66,1954.74,1254.41,8823.09,443.08,982.26,154.08,112.01,135.65,1201.41,1240.99,568.69,238.85,978.07,754.06,99.77,2981.8,965.24,2626.71,,1414.77,6699.75,186.48
2022-11-14,4017.04,880.99,4512.95,2961.58,848.75,3497.61,1715.53,691.84,102.47,806.86,1099.25,185.12,855.43,3396.06,69.6,1719.18,971.04,777.11,533.78,446.74,2326.28,873.33,1772.75,1453.92,294.59,,708.91,383.38,1943.75,1245.69,8886.01,440.59,969.82,154.08,111.06,137.15,1195.59,1239.36,560.42,236.79,981.3,748.75,100.83,2999.38,971.31,2604.92,,1422.75,6740.27,185.01
2022-11-15,4052.24,892.65,4567.67,2986.9,856.38,3533.42,1705.69,691.84,102.9,819.97,1088.79,185.08,869.17,3387.7,69.95,1704.43,975.37,779.01,527.89,448.06,2325.99,889.67,1789.93,1461.9,292.93,,711.81,381.31,1940.59,1258.9,8895.57,431.19,969.35,154.66,113.53,140.16,1190.22,1249.98,568.27,234.35,980.48,753.62,100.69,2996.77,972.77,2631.51,,1411.88,6848.58,185.29
2022-11-16,3951.18,873.41,4436.24,2990.54,853.14,3517.74,1682.88,678.97,104.1,825.81,1091.17,187.28,878.44,3382.97,68.7,1698.53,976.52,785.7,523.13,438.75,2345.26,891.53,1767.91,1469.97,291.96,,697.92,391.97,1947.45,1254.03,8869.11,422.87,971.4,152.73,113.97,140.88,1183.4,1245.61,567.22,230.78,982.99,750.5,98.84,3017.23,972.67,2619.28,,1390.64,6796.91,185.81
2022-11-17,4012.65,876.85,4358.05,2979.43,855.93,3467.71,1661.86,678.97,106.31,830.67,1089.52,185.28,866.74,3323.87,67.7,1681.96,965.34,778.6,526.21,431.93,2328.36,897.58,1745.7,1455.85,291.62,,698.26,388.91,1972.67,1227.37,8724.94,416.21,966.23,151.25,114.21,141.66,1186.46,1245.06,566.56,238.64,977.88,766.54,98.19,3011.52,965.11,2557.57,,1392.49,6757.43,185.11
2022-11-18,4014.29,874.94,4356.91,3002.61,856.93,3410.26,1651.68,668.77,103.19,821.98,1072.88,183.01,864.33,3274.04,67.15,1680.19,974.71,776.56,526.55,430.12,2350.79,898.11,1779.94,1461.35,289.37,,697.87,390.71,1967.71,1195.99,8590.56,424.37,963.05,149.04,113.05,141.69,1185.82,1233.55,570.01,234.08,974.26,756.5,97.87,3006.53,967.2,2541.52,,1378.88,6700.98,183.75
2022-11-21,3996.37,857.91,4376.42,3002.42,867.75,3397.63,1633.16,657.7,101.7,835.63,1074.87,182.93,852.73,3262.79,64.3,1654.18,967.95,768.59,527.34,422.22,2367.54,899.14,1789.43,1438.24,286.1,,686.39,387.63,1955.08,1187.31,8607.21,430.89,955.15,147.74,113.43,142.14,1164.48,1217.52,565.66,243.22,968.04,751.87,96.71,2952.62,950.57,2549.0,,1374.49,6642.37,181.33
2022-11-22,4028.47,868.59,4426.88,3010.71,867.75,3397.26,1640.65,658.29,103.28,832.09,1074.53,182.65,855.21,3259.36,63.95,1671.19,974.93,767.46,534.87,422.32,2381.08,901.38,1815.88,1453.69,288.69,,697.92,386.76,1972.91,1197.25,8615.52,437.36,947.99,150.12,113.22,141.33,1170.94,1219.95,566.61,251.9,974.74,752.21,97.59,2980.9,957.9,2581.54,,1403.9,6729.1,181.4
2022-11-23,3897.95,859.88,4560.98,3007.75,872.39,3386.7,1633.51,667.64,102.75,827.82,1078.33,183.85,863.67,3265.01,61.75,1674.0,974.93,769.46,542.5,424.97,2373.18,905.04,1890.16,1451.95,288.31,,710.04,389.47,1968.25,1204.32,8674.5,430.89,945.65,151.02,114.31,139.61,1167.28,1217.22,574.7,249.6,982.03,751.09,97.82,2974.92,951.89,2577.13,,1406.05,6710.42,181.37
2022-11-24,3915.73,862.88,4768.82,3021.82,876.23,3398.24,1631.31,666.79,102.85,832.83,1066.02,182.17,865.28,3261.58,63.2,1694.55,998.08,781.97,567.17,429.87,2412.74,916.17,1894.1,1494.73,289.11,,715.36,387.78,1994.68,1222.2,8706.15,434.17,953.88,152.32,116.78,143.25,1177.35,1231.46,576.3,245.38,998.87,773.13,97.87,3039.53,974.91,2585.5,,1425.14,6745.97,185.81
2022-11-25,3895.76,865.78,4743.46,3014.88,885.4,3417.11,1631.02,664.44,102.99,831.36,1075.75,184.49,866.11,3297.07,64.0,1706.05,996.84,778.36,581.08,432.13,2401.67,907.82,1903.73,1500.1,288.73,,715.61,384.5,2004.94,1228.78,8757.02,429.1,943.92,152.55,117.7,143.15,1194.93,1226.11,574.46,239.48,997.66,769.62,98.51,3048.08,984.8,2570.84,,1428.08,6759.54,187.93
2022-11-28,3880.83,864.8,4676.51,3056.64,889.34,3451.33,1650.13,667.39,103.24,822.08,1072.24,183.25,862.95,3323.44,64.4,1688.15,988.54,769.99,580.49,422.81,2390.07,914.75,1910.07,1488.86,288.52,,705.21,384.45,2006.59,1218.94,8723.92,437.61,957.75,153.13,116.9,143.6,1235.99,1244.22,575.59,236.6,998.53,784.39,97.31,3053.11,982.11,2567.72,,1434.81,6777.53,189.26
2022-11-29,3873.09,864.4,4673.89,3040.98,890.19,3435.75,1629.32,663.12,102.03,820.56,1091.12,181.14,873.02,3299.0,63.55,1690.32,997.51,768.83,579.35,427.52,2493.24,923.88,1908.13,1494.05,290.43,,721.86,383.93,1993.08,1225.18,8650.91,440.89,972.53,152.91,117.45,142.34,1238.11,1249.08,575.55,237.64,1013.1,785.12,98.42,3055.0,979.69,2589.02,,1452.56,6813.52,189.02
2022-11-30,3912.53,867.16,4681.02,3079.87,898.87,3520.79,1623.83,661.82,101.02,833.22,1109.13,181.18,879.65,3365.06,65.25,1730.24,990.31,773.93,585.05,441.98,2540.7,929.88,1934.18,1499.46,288.48,,732.56,388.22,2016.7,1272.45,8713.0,448.06,975.56,154.75,118.16,145.35,1246.85,1273.4,569.78,252.55,1009.43,797.8,99.86,3049.11,981.93,2627.9,,1467.21,6959.16,189.84
2022-12-01,3909.74,876.56,4729.85,3083.95,901.46,3480.33,1636.11,664.46,100.11,833.07,1094.77,180.26,877.14,3319.62,66.65,1769.76,1004.09,779.25,590.84,454.44,2520.36,917.49,1940.87,1519.77,288.1,,735.41,385.67,2045.27,1260.6,8697.46,450.25,969.06,154.75,117.28,143.99,1243.18,1281.19,575.12,240.74,1009.82,793.07,102.74,3125.41,1004.27,2613.73,,1459.68,7152.88,193.01
2022-12-02,3917.13,874.25,4824.68,3049.12,902.76,3435.04,1639.95,657.37,102.03,833.12,1084.51,180.66,884.2,3217.64,68.55,1789.13,1003.34,773.28,584.3,452.18,2475.16,908.12,1913.27,1502.16,286.06,,732.21,384.98,2027.05,1232.49,8559.3,445.47,954.64,154.71,117.99,142.63,1242.65,1285.56,574.6,241.39,1003.6,775.86,103.9,3092.59,1016.35,2593.13,,1464.27,7116.54,192.41
2022-12-05,3925.02,879.12,4732.47,3062.17,896.82,3435.56,1631.51,655.87,103.28,828.66,1085.48,184.37,878.13,3229.76,65.45,1785.69,999.19,776.1,583.36,471.89,2479.66,911.04,1915.81,1503.86,285.72,,745.56,386.5,2027.15,1227.81,8536.19,435.62,954.69,157.4,120.38,143.99,1224.53,1275.04,583.82,242.23,1003.02,780.69,107.47,3080.67,1002.67,2590.9,,1471.1,7078.73,192.38
2022-12-06,4026.28,882.37,4742.08,3066.83,902.26,3468.32,1632.56,659.62,101.6,818.1,1079.88,184.68,857.5,3186.59,64.8,1795.42,990.44,775.23,581.28,460.91,2512.5,900.36,1929.59,1479.23,286.19,,735.86,385.86,2034.83,1230.98,8463.67,436.71,962.37,157.45,119.29,145.03,1228.07,1275.59,575.93,248.16,997.37,777.91,104.78,3044.21,992.69,2592.24,,1471.3,7121.46,191.92
2022-12-07,3993.82,872.82,4682.01,3129.68,912.23,3411.86,1604.06,652.4,101.6,818.74,1075.7,183.17,855.01,3148.11,64.45,1777.87,977.14,774.9,576.33,455.32,2562.47,899.87,1969.82,1472.45,288.56,,727.38,381.12,2064.47,1234.44,8407.16,436.36,962.36,154.44,117.78,143.44,1209.94,1252.71,574.13,249.78,982.13,779.56,103.15,3039.94,982.89,2572.28,,1458.99,7042.94,189.56
2022-12-08,4019.49,878.87,4659.33,3124.78,936.87,3413.26,1615.94,648.14,101.22,817.37,1077.84,183.69,853.97,3208.42,63.8,1782.05,973.12,779.25,572.07,462.53,2560.68,909.39,2015.84,1485.88,287.12,,733.84,378.24,2106.95,1241.99,8430.03,430.64,957.26,153.09,119.46,141.33,1209.37,1257.47,578.48,250.34,946.47,784.29,103.76,3012.92,979.33,2559.06,,1453.7,7059.51,188.35
2022-12-09,3991.32,876.76,4640.12,3130.12,931.23,3395.24,1595.97,641.79,101.7,819.62,1078.23,182.45,863.95,3243.09,64.15,1769.71,907.87,784.81,574.15,453.9,2576.58,907.43,1988.69,1439.25,289.67,,729.6,376.45,2093.68,1233.27,8362.69,430.74,978.35,152.32,117.82,140.94,1191.05,1260.25,583.07,251.44,958.1,783.42,102.46,2960.94,943.91,2590.7,,1453.6,6959.55,183.85
2022-12-12,4011.2,867.45,4696.77,3071.34,936.17,3376.28,1589.48,640.71,100.5,813.24,1067.43,185.28,872.8,3206.63,64.4,1784.85,908.66,790.92,571.08,453.02,2571.84,907.82,2050.48,1418.98,291.19,,730.04,372.01,2103.06,1231.9,8407.74,430.94,990.23,151.79,119.21,139.87,1192.87,1253.85,579.8,255.08,952.84,790.0,103.62,2955.27,940.99,2560.2,,1445.18,7027.85,184.92
2022-12-13,4054.64,880.74,4633.93,3083.12,942.1,3413.83,1608.8,651.89,101.07,822.72,1080.18,184.6,873.96,3199.44,64.6,1780.43,923.07,793.11,576.87,449.24,2565.27,910.41,2027.02,1441.86,293.23,,733.39,372.55,2112.0,1250.76,8369.83,427.75,985.44,152.06,120.88,140.36,1198.3,1268.34,583.3,255.51,959.83,787.61,103.15,2996.32,953.44,2551.53,,1439.15,7104.99,185.57
2022-12-14,4050.24,886.4,4621.35,3051.55,939.91,3428.19,1620.38,655.35,101.36,814.03,1082.9,185.08,883.06,3253.9,65.0,1791.3,933.23,799.82,574.89,460.22,2540.99,899.48,2012.3,1448.51,293.06,,746.89,373.49,2133.92,1253.78,8390.12,429.89,969.74,154.21,123.6,142.24,1193.97,1260.35,591.58,257.89,965.24,795.27,104.87,3026.22,971.08,2566.58,,1446.97,7077.7,186.64
2022-12-15,4038.21,870.06,4598.32,3036.66,935.67,3397.45,1602.26,652.42,99.25,811.23,1072.29,181.93,876.08,3190.26,64.15,1756.93,920.99,785.17,574.74,452.08,2520.73,886.84,2011.6,1412.83,287.5,,732.51,371.5,2116.52,1254.27,8334.34,431.49,954.0,154.66,123.48,140.39,1177.01,1264.07,582.55,260.63,967.12,784.98,102.92,2972.05,932.47,2498.83,,1431.67,6995.44,184.38
2022-12-16,3975.35,846.93,4521.32,2964.2,932.63,3332.02,1584.49,649.61,95.59,807.7,1060.22,179.1,844.74,3178.63,62.15,1726.89,909.77,788.95,569.79,447.92,2528.35,880.21,1959.09,1396.05,284.32,,732.6,366.98,2114.04,1219.82,8238.86,425.02,954.04,152.59,123.27,138.35,1171.19,1244.87,570.63,256.38,958.87,781.71,103.01,2913.73,930.69,2459.36,,1403.05,6897.31,181.84
2022-12-19,4069.72,878.82,4566.18,2988.5,943.7,3407.26,1616.39,658.48,96.55,825.02,1067.28,181.22,861.79,3272.74,62.15,1736.19,912.95,791.4,578.95,451.25,2572.65,884.55,2023.68,1382.43,288.9,,738.52,370.49,2122.79,1257.88,8353.47,422.68,970.62,154.39,122.1,142.05,1186.57,1258.12,571.67,256.71,953.37,788.83,103.71,2879.38,936.07,2497.94,,1413.77,6958.18,181.51
2022-12-20,4159.59,870.36,4552.52,2989.66,947.24,3392.1,1612.99,654.13,97.37,813.78,1061.93,180.26,856.63,3199.87,62.85,1729.45,909.81,785.94,574.35,448.21,2531.43,887.72,2060.32,1382.39,288.6,,734.92,368.29,2102.62,1242.87,8276.28,436.26,973.22,152.55,122.14,141.01,1196.84,1222.13,571.67,259.89,953.75,788.29,102.92,2917.06,928.09,2484.42,,1408.14,6979.81,181.47
2022-12-21,3896.6,844.18,4720.44,2977.54,929.84,3389.7,1579.2,642.7,95.35,799.11,1097.79,178.47,864.04,3161.05,61.35,1703.84,919.22,778.34,569.99,448.31,2523.53,870.69,2012.85,1384.45,284.36,,732.26,361.81,2086.15,1233.56,8107.4,437.56,981.86,150.93,120.17,140.2,1179.82,1225.21,561.22,256.18,970.4,782.73,101.48,2939.18,935.48,2466.05,,1362.28,6834.96,181.72
2022-12-22,3863.25,843.44,4735.79,2995.87,917.12,3380.13,1541.76,639.15,94.44,801.66,1092.39,177.55,852.61,3096.15,58.95,1715.59,918.12,775.67,572.42,446.69,2503.79,869.13,1973.76,1395.91,282.07,,726.79,364.09,2050.81,1202.61,8091.81,445.17,981.49,149.09,119.12,139.51,1176.76,1235.53,561.22,250.57,975.27,778.88,99.86,2931.22,926.18,2459.51,,1328.43,6895.63,181.37
2022-12-23,3637.21,781.62,4655.02,2966.14,904.2,3324.7,1494.59,627.72,92.81,793.85,1089.18,171.45,845.01,3006.92,53.65,1680.44,910.61,768.74,560.13,421.24,2480.84,857.67,1911.02,1373.03,277.19,,717.23,363.27,2004.94,1193.5,7904.67,430.44,973.09,146.48,117.07,137.08,1142.25,1215.53,542.87,243.48,966.49,759.72,94.85,2903.03,907.85,2459.56,,1280.53,6794.35,176.19
2022-12-26,3711.66,793.39,4639.08,2964.35,926.25,3334.46,1532.48,633.54,95.4,796.16,1067.13,175.99,832.88,3052.89,58.15,1700.05,911.58,784.04,563.95,434.38,2477.39,871.62,1955.0,1377.89,283.9,,721.52,361.6,2032.44,1205.64,8016.52,443.53,961.72,148.87,118.33,137.47,1152.22,1234.1,564.72,252.76,965.04,756.11,97.4,2925.11,912.64,2457.63,,1353.41,6956.21,177.52
2022-12-27,3764.49,804.31,4599.21,3019.2,929.74,3370.83,1535.17,640.53,96.36,799.89,1066.5,176.39,833.32,3092.05,58.95,1710.23,915.69,784.83,564.44,461.89,2454.48,878.89,2024.33,1389.31,282.67,,753.79,363.06,2064.57,1202.91,8063.75,435.72,955.84,148.46,121.26,137.99,1161.65,1231.86,569.26,257.96,965.14,758.6,103.11,2931.04,920.43,2479.86,,1342.79,6988.86,180.37
2022-12-28,3792.5,797.62,4544.59,3029.97,922.26,3366.99,1520.2,637.71,95.88,789.09,1056.72,177.95,833.69,3101.46,60.15,1723.16,914.89,784.21,562.86,456.94,2445.35,877.23,2011.8,1385.0,283.73,,750.59,362.9,2061.65,1220.55,8175.99,436.02,959.11,149.04,120.5,140.0,1161.53,1232.85,568.45,259.77,960.17,760.84,102.04,2928.88,926.54,2555.74,,1342.34,6936.35,180.93
2022-12-29,3805.38,806.67,4481.01,3021.67,932.08,3350.04,1509.22,641.14,95.06,805.73,1058.42,176.71,835.23,3168.73,60.85,1723.35,922.84,789.74,565.63,460.81,2430.63,886.11,2012.25,1391.79,284.53,,758.18,362.63,2051.74,1230.29,8190.31,452.19,957.39,149.85,121.13,140.0,1161.01,1249.28,578.62,245.49,965.53,756.89,103.66,2939.36,923.76,2529.09,,1344.53,6865.94,182.31
2022-12-30,3853.06,805.25,4434.61,2995.24,931.28,3394.4,1545.31,647.47,96.03,791.35,1047.13,179.42,830.71,3117.11,59.3,1694.59,918.29,783.41,560.93,464.19,2424.0,869.33,2004.31,1383.21,281.31,,756.85,364.33,2027.34,1217.48,8150.31,437.56,947.63,149.58,122.89,138.67,1162.79,1222.18,580.42,257.58,966.35,747.97,104.5,2928.52,926.68,2572.92,,1347.27,6843.17,183.24
2023-01-02,3835.94,809.38,4411.58,2955.81,939.11,3354.88,1549.95,645.36,96.36,798.62,1042.27,179.18,830.22,3118.17,60.3,1702.26,918.43,783.68,564.94,477.63,2421.49,880.65,2039.3,1397.7,282.41,,763.99,363.89,2030.89,1230.78,8158.76,445.57,945.48,150.98,125.99,139.55,1175.89,1230.87,579.0,259.25,962.1,743.43,110.62,2932.79,920.39,2541.47,,1338.1,6901.09,183.38
2023-01-03,3825.7,807.56,4447.78,2937.38,959.76,3380.93,1560.43,650.53,96.46,802.64,1047.09,178.67,830.87,3103.3,58.95,1688.25,920.11,788.8,590.0,470.62,2406.02,879.57,2037.51,1396.37,280.93,,756.7,365.45,2030.4,1217.57,8138.8,444.53,953.49,150.62,125.24,139.9,1167.28,1259.01,579.19,255.25,973.78,748.16,109.88,2977.67,933.42,2588.87,,1343.34,6877.15,185.25
2023-01-04,3821.81,797.27,4390.73,2926.32,954.92,3335.07,1545.31,647.06,94.92,796.95,1038.33,173.12,833.84,3105.04,56.35,1661.95,915.91,774.7,592.97,452.57,2400.39,877.38,1999.72,1370.92,277.45,,725.56,363.03,2012.52,1204.81,8177.69,443.13,943.46,149.72,122.47,136.95,1149.71,1249.73,572.38,251.22,968.95,743.38,107.37,2980.63,930.23,2572.97,,1303.46,6888.7,181.82
2023-01-05,3824.55,806.72,4386.52,2914.2,947.04,3399.18,1466.44,600.68,96.07,792.33,1059.2,173.92,842.47,3146.03,56.2,1669.82,922.54,769.72,603.72,456.69,2445.44,857.91,2034.11,1352.95,282.92,,739.75,362.94,2028.85,1220.84,8214.87,438.01,955.84,152.68,122.68,135.49,1147.66,1258.27,572.28,249.62,980.63,744.94,108.12,2977.44,922.35,2537.86,,1276.04,6890.32,180.51
2023-01-06,3819.01,793.44,4345.32,2889.03,937.42,3418.99,1428.0,588.9,95.11,781.44,1047.52,170.81,837.42,3139.18,55.25,1652.41,912.55,767.17,605.9,453.7,2438.58,849.08,2016.59,1328.46,284.28,,717.72,356.26,2028.07,1232.78,8139.09,431.39,961.12,151.88,123.39,135.04,1158.09,1259.65,568.08,244.85,973.39,742.5,107.28,2887.92,899.1,2514.09,,1244.39,6865.94,178.22
2023-01-09,3850.02,803.82,4365.38,2894.6,956.22,3398.81,1411.68,590.18,96.12,804.41,1058.33,171.37,849.62,3150.72,56.0,1645.53,943.17,768.67,602.73,461.64,2483.63,852.25,2020.79,1361.43,286.82,,731.52,361.27,2062.24,1277.07,8133.22,449.11,970.81,153.13,124.06,135.69,1185.43,1296.68,574.74,249.37,981.26,747.97,109.04,2985.4,925.63,2461.14,,1216.07,6917.71,182.8
2023-01-10,3641.9,783.89,4423.76,2871.52,949.63,3355.11,1410.98,581.39,95.31,778.34,1049.81,172.81,840.74,3058.97,54.7,1623.31,939.99,754.62,594.56,468.31,2502.37,840.54,2040.7,1347.95,282.88,,734.33,358.01,2047.61,1281.51,8051.81,449.65,967.83,150.93,125.07,137.44,1167.9,1292.96,562.87,252.27,976.43,750.21,110.25,2955.23,914.14,2444.85,,1219.96,6805.07,183.38
2023-01-11,3630.82,783.94,4318.73,2852.17,947.24,3321.18,1397.4,580.57,96.31,751.54,1019.54,170.13,835.49,3029.71,54.35,1607.63,931.99,765.49,594.21,481.45,2454.48,845.37,2103.79,1349.32,281.52,,743.2,359.27,2065.78,1279.27,8043.36,446.42,954.99,149.22,122.93,137.54,1153.18,1281.74,564.34,252.38,992.02,740.51,110.25,2993.27,917.51,2414.34,,1207.05,6905.03,183.75
2023-01-12,3642.2,780.49,4317.89,2828.45,933.08,3351.45,1385.52,580.83,95.55,743.05,1032.73,170.53,845.04,2996.88,53.75,1614.85,946.88,769.58,592.77,476.26,2451.45,839.86,2101.5,1357.9,279.87,,752.31,354.81,2099.22,1286.38,8125.65,450.85,960.54,149.13,122.39,138.54,1128.28,1305.96,562.64,248.25,996.7,735.58,109.55,2998.35,913.14,2423.45,,1205.85,7034.24,184.06
2023-01-13,3716.05,782.17,4293.92,2821.85,931.68,3384.31,1388.86,588.65,96.07,750.32,1039.15,171.49,846.96,3053.66,53.25,1627.34,952.31,770.18,598.82,479.05,2483.58,852.35,2113.83,1379.04,278.93,,757.29,354.97,2093.05,1294.42,8207.4,450.95,956.25,150.8,123.06,138.87,1126.45,1303.23,567.56,242.68,995.49,734.26,111.73,3034.5,914.6,2394.33,,1201.76,7128.2,183.78
2023-01-16,3614.84,774.69,4253.42,2828.55,910.74,3363.51,1381.63,591.9,98.14,745.26,1031.22,170.41,848.06,3031.45,52.7,1620.85,966.36,762.8,598.52,473.71,2458.12,844.35,2096.61,1399.08,280.16,,748.12,355.87,2077.3,1282.19,8136.23,451.49,953.89,149.13,123.6,139.94,1115.72,1291.27,570.3,240.69,999.21,728.75,111.27,3066.23,943.13,2383.09,,1193.79,7163.55,185.97
2023-01-17,3634.36,772.42,4281.35,2852.65,915.28,3385.85,1370.64,589.35,98.91,751.69,1040.47,169.9,853.1,3070.95,50.15,1632.85,981.69,774.15,603.72,478.46,2524.8,844.25,2077.74,1411.92,281.9,,746.45,358.43,2151.07,1287.31,8232.59,451.64,964.05,150.71,123.81,141.72,1131.56,1288.84,560.79,240.5,996.55,731.48,110.71,3107.01,953.71,2385.17,,1189.5,7254.8,184.92
2023-01-18,3591.77,774.14,4298.13,2856.87,921.56,3388.62,1365.05,590.7,98.72,762.34,1034.92,172.89,855.57,3068.68,51.0,1648.38,985.31,787.82,595.4,493.22,2542.46,848.49,2080.73,1417.33,283.94,,755.96,358.72,2202.98,1288.57,8246.87,449.95,958.13,152.28,124.98,142.34,1129.69,1300.95,559.37,242.83,1003.69,731.92,113.59,3117.68,955.81,2401.16,,1219.11,7162.17,188.11
2023-01-19,3458.81,763.86,4276.69,2780.15,926.25,3356.75,1352.92,592.06,98.86,757.88,1036.33,178.55,849.27,3058.15,51.1,1648.78,990.89,791.09,599.56,489.25,2507.96,845.22,2119.22,1411.37,281.82,,748.96,352.38,2209.39,1286.04,8254.24,444.63,951.26,151.61,127.08,143.25,1128.48,1313.3,557.86,244.87,1004.13,720.22,114.61,3102.14,960.32,2362.48,,1194.69,7092.25,188.21
2023-01-20,3451.42,762.28,4244.11,2704.15,928.09,3353.75,1331.01,577.08,97.85,750.46,1025.24,180.98,852.88,3042.51,51.45,1627.59,987.68,799.2,585.0,480.47,2412.36,849.32,2096.31,1399.12,283.9,,730.63,351.5,2186.89,1281.36,8194.19,436.41,928.01,151.61,126.95,144.87,1115.06,1286.5,560.08,241.56,994.28,720.17,114.05,3092.94,954.12,2348.86,,1178.73,7057.64,188.09
2023-01-23,3431.64,756.97,4293.82,2700.9,930.24,3401.44,1330.56,577.34,97.61,758.56,1034.09,183.45,850.38,3093.55,51.0,1603.94,999.62,805.04,583.66,484.64,2457.46,850.64,2118.22,1419.71,286.57,,723.24,355.66,2170.9,1294.71,8172.15,441.94,936.08,149.94,127.58,146.07,1109.42,1285.81,567.89,242.94,1012.57,724.07,113.17,3140.58,971.26,2342.33,,1173.7,6735.69,189.89
2023-01-24,3437.28,749.24,4263.67,2726.26,907.8,3460.53,1330.51,576.56,96.75,761.46,1033.7,181.46,833.69,3115.95,52.1,1576.31,1014.47,815.82,584.01,475.28,2461.34,849.71,2098.8,1423.29,287.59,,711.52,350.97,2145.63,1290.28,8445.66,432.63,932.39,149.22,127.41,143.38,1102.87,1263.82,562.12,239.29,1004.27,722.56,111.69,3160.26,976.09,2348.32,,1199.12,6696.31,190.17
2023-01-25,3384.31,701.95,4183.79,2691.73,889.99,3489.53,1312.19,570.73,95.31,762.29,1007.52,180.3,823.54,3103.69,47.75,1567.02,1001.0,793.28,579.55,479.64,2482.02,834.64,2105.69,1415.13,287.84,,714.08,348.89,2113.75,1278.2,8528.47,436.16,929.72,149.09,127.66,142.37,1087.63,1248.14,537.86,237.2,1003.64,721.73,112.24,3154.24,958.36,2334.3,,1208.44,6593.45,187.81
2023-01-27,2757.67,587.57,4203.4,2640.95,871.44,3695.44,1312.04,567.27,90.64,760.33,1019.2,177.31,845.7,3061.1,46.95,1551.98,994.63,777.47,582.17,469.74,2472.37,797.46,2090.52,1393.25,293.57,,710.83,341.57,2099.32,1286.67,8483.23,452.54,928.79,149.45,123.64,142.27,1066.99,1240.99,510.67,234.71,1006.88,717.05,111.92,3137.04,939.17,2309.19,,1172.75,6603.78,186.17
2023-01-30,2888.89,587.62,4197.01,2683.19,869.55,3605.7,1341.64,592.98,85.5,756.11,1006.7,180.06,848.6,3082.05,47.4,1571.79,1011.7,776.68,582.42,463.21,2430.72,803.6,2080.23,1411.28,292.55,,691.46,344.19,2053.68,1297.79,8560.42,437.76,926.35,151.74,121.34,137.47,1077.22,1224.32,509.01,235.24,1014.89,717.44,110.16,3157.82,944.64,2313.45,,1176.79,6773.01,188.13
2023-01-31,2969.83,603.03,4215.04,2644.06,869.3,3584.2,1340.24,579.64,91.27,756.21,990.69,179.26,847.69,3151.49,49.75,1563.53,1000.51,771.55,573.41,459.34,2438.86,811.8,2120.67,1406.64,298.96,,706.0,345.14,2064.86,1343.74,8636.44,439.7,919.19,153.81,121.34,140.59,1074.52,1210.52,523.48,243.32,998.29,711.44,111.04,3088.9,925.4,2354.66,,1192.99,6967.57,186.54
2023-02-01,2132.42,487.37,4221.72,2661.42,854.98,3577.68,1266.22,572.83,87.42,755.03,1004.41,175.91,853.05,3189.88,48.15,1561.17,1009.34,783.12,510.85,458.8,2436.5,827.46,2081.38,1422.56,306.63,,719.06,347.87,2085.42,1317.72,8513.67,439.2,922.68,152.77,120.8,140.52,1068.16,1101.19,498.75,245.36,979.37,722.46,113.22,3134.56,933.38,2323.7,,1212.33,7022.49,188.2
2023-02-02,1563.11,455.18,4190.87,2624.46,866.16,3558.34,1269.81,563.03,89.49,763.52,997.84,173.52,856.7,3107.02,47.5,1571.94,1024.94,771.48,488.07,456.4,2493.85,837.17,2121.27,1452.5,321.23,,716.79,351.27,2084.79,1318.06,8612.02,438.95,916.14,149.99,120.13,138.02,1062.24,1099.3,499.46,239.14,972.33,718.9,111.27,3182.43,926.91,2286.26,,1206.95,7048.3,191.5
2023-02-03,1584.63,491.01,4210.78,2677.57,880.27,3616.4,1335.25,592.23,90.21,778.39,994.92,174.52,854.4,3203.01,48.75,1589.24,1021.87,798.16,484.3,450.76,2507.01,842.93,2094.16,1466.85,322.97,,721.17,354.97,2105.83,1352.75,8682.07,433.53,918.54,152.66,120.84,139.42,1063.18,1129.62,514.69,241.9,992.16,708.61,111.64,3202.57,922.03,2439.8,,1231.92,7069.49,190.78
2023-02-06,1570.55,536.88,4279.22,2671.55,880.32,3613.16,1340.84,601.09,90.84,774.81,1002.22,175.08,852.67,3148.93,47.75,1590.96,1021.47,794.77,477.52,438.7,2496.46,833.08,2068.06,1439.75,325.3,,700.68,348.33,2095.67,1341.06,8648.77,438.25,919.38,153.12,120.17,140.84,1055.17,1129.97,515.82,244.66,987.53,711.69,108.95,3182.01,916.6,2434.74,,1226.39,7008.57,189.26
2023-02-07,1800.48,544.46,4274.16,2675.29,876.78,3641.65,1348.18,606.64,90.79,771.52,1003.68,175.16,870.45,3162.45,49.35,1589.19,1005.91,795.95,478.41,421.24,2462.0,832.15,2021.98,1432.92,316.69,,703.68,353.99,2104.61,1331.99,8507.46,437.86,917.27,152.39,121.13,140.71,1052.64,1123.37,517.43,244.21,971.17,710.17,103.38,3193.6,913.96,2423.75,,1209.49,6954.05,187.32
2023-02-08,2161.29,589.84,4349.09,2682.61,869.45,3642.45,1366.65,625.46,92.37,760.92,1011.27,176.01,879.77,3117.35,54.3,1609.1,1020.84,795.85,503.77,428.06,2444.59,838.34,2036.76,1458.69,318.64,,721.27,352.02,2071.13,1338.18,8577.6,435.72,918.09,152.62,120.5,140.81,1073.66,1155.88,519.94,247.3,984.88,706.47,103.38,3237.33,921.8,2443.41,,1232.32,7129.62,190.24
2023-02-09,1923.06,573.15,4347.16,2730.14,865.41,3610.02,1397.95,635.64,92.09,752.62,994.14,175.24,879.71,3126.19,54.4,1615.89,1022.05,794.19,513.77,435.95,2448.28,840.0,2036.26,1482.99,317.54,,713.19,353.09,2087.22,1337.35,8545.08,438.5,918.35,153.08,122.43,141.38,1075.53,1171.71,520.93,248.7,978.85,704.08,103.2,3256.41,926.31,2439.25,,1337.85,7060.2,190.96
2023-02-10,1844.42,574.78,4373.85,2720.44,864.96,3596.78,1399.45,633.72,93.1,757.83,1005.53,172.75,882.09,3102.24,53.3,1607.87,994.67,797.34,517.64,424.77,2439.57,833.22,2040.05,1475.25,315.08,,708.46,353.32,2103.2,1330.78,8554.93,435.42,919.49,152.16,122.85,142.21,1066.67,1175.73,523.06,241.81,978.66,708.61,100.93,3253.38,927.54,2445.14,,1324.79,7086.06,189.79
2023-02-13,1715.3,545.0,4316.8,2707.01,856.83,3645.45,1386.27,624.85,91.55,754.54,994.58,174.01,887.01,3141.16,51.8,1595.09,992.31,797.94,509.66,419.43,2442.89,830.1,2045.09,1437.55,317.49,,707.58,353.67,2141.55,1318.64,8553.09,428.65,919.63,154.78,124.06,143.47,1060.6,1170.37,508.35,237.55,987.07,700.03,100.88,3202.66,914.0,2495.22,,1302.51,7059.71,187.36
2023-02-14,1747.3,556.22,4227.86,2693.67,868.45,3638.51,1396.3,636.0,91.5,761.02,1000.81,172.95,889.69,3066.84,50.35,1577.79,1003.41,805.33,507.24,426.39,2441.56,844.39,2033.36,1461.21,327.89,,713.29,352.98,2130.22,1328.53,8519.1,421.43,922.34,153.12,124.31,142.81,1085.59,1153.1,511.52,240.22,978.8,703.15,101.34,3218.94,922.71,2483.18,,1316.62,7020.32,189.47
2023-02-15,1776.66,560.11,4444.81,2702.55,866.01,3666.01,1418.47,639.08,91.55,771.03,1003.19,173.89,886.06,3197.65,50.25,1598.88,1010.05,803.69,514.22,425.56,2412.08,849.76,1982.7,1464.7,329.6,,716.54,356.01,2114.09,1344.32,8587.94,421.63,930.95,152.89,123.52,142.47,1110.18,1171.61,512.84,240.69,967.77,710.08,102.32,3237.84,976.82,2500.42,,1343.39,7032.76,190.54
2023-02-16,1794.14,568.13,4598.57,2721.75,862.47,3667.14,1425.85,633.89,94.55,770.1,1007.77,175.97,885.95,3176.36,51.4,1602.32,1005.82,800.78,509.76,426.29,2391.87,848.44,1894.05,1469.05,329.9,,717.33,356.49,2117.25,1333.41,8548.86,427.75,948.73,154.37,130.55,142.54,1109.31,1165.41,510.81,238.05,967.53,714.47,103.9,3272.23,1030.48,2498.53,,1358.99,7052.33,191.71
2023-02-17,1720.34,569.56,4570.39,2748.57,852.64,3655.59,1411.73,631.86,93.29,762.59,998.28,177.65,884.19,3172.4,51.8,1615.4,989.24,796.77,499.51,421.19,2380.89,841.81,1879.02,1452.55,330.63,,717.77,350.77,2163.95,1307.43,8551.44,431.83,919.37,154.97,131.14,142.01,1113.94,1141.19,502.2,233.39,957.17,708.27,104.13,3219.9,1029.52,2476.64,,1356.55,7176.33,190.03
2023-02-20,1619.23,570.59,4566.33,2740.76,844.51,3664.51,1402.29,627.01,91.79,764.89,938.18,178.3,877.22,3177.71,54.6,1604.63,994.72,789.28,503.17,425.85,2377.06,831.51,1878.58,1460.48,331.19,,712.8,346.39,2163.13,1312.06,8440.66,426.41,909.78,154.83,129.67,143.34,1102.17,1149.82,496.67,233.98,957.07,703.93,104.22,3207.17,1043.2,2450.74,,1339.8,7303.18,190.38
2023-02-21,1568.95,574.04,4458.82,2732.57,841.82,3601.9,1392.01,628.18,92.42,764.8,940.08,174.83,879.45,3161.92,55.35,1605.76,985.36,792.24,496.34,423.15,2381.51,833.56,1850.02,1448.6,329.64,,709.6,344.98,2166.97,1317.52,8417.55,431.24,911.02,159.76,129.05,144.27,1111.16,1141.83,495.06,229.77,944.63,708.22,104.96,3173.78,1034.31,2440.29,,1334.06,7218.32,188.37
2023-02-22,1402.93,538.5,4406.38,2712.05,831.15,3605.28,1358.71,610.39,91.89,758.02,936.77,173.03,877.6,3138.31,52.95,1547.75,974.12,776.7,489.8,421.39,2360.59,818.97,1831.75,1432.37,331.02,,689.74,339.07,2133.24,1286.24,8406.97,429.3,902.59,157.23,128.63,142.57,1085.96,1122.78,488.35,228.47,941.66,703.59,103.11,3128.3,1026.33,2408.54,,1339.8,7085.77,184.81
2023-02-23,1380.76,543.18,4405.34,2624.75,842.12,3597.02,1344.74,610.76,92.28,748.99,934.58,175.52,872.28,3130.82,54.95,1553.85,975.68,771.43,482.27,428.01,2357.37,819.46,1861.85,1422.19,334.25,,691.07,340.38,2098.64,1280.58,8443.18,426.31,901.32,156.4,129.51,141.64,1080.76,1126.99,492.75,227.0,945.51,698.37,103.94,3139.57,1029.16,2371.84,,1324.19,7057.44,184.25
2023-02-24,1313.85,550.12,4433.71,2656.33,849.15,3613.96,1356.77,614.1,92.23,743.25,936.04,177.28,880.42,3095.72,54.45,1548.78,976.13,764.55,478.31,407.22,2351.27,819.41,1850.12,1422.14,332.1,,675.01,338.42,2074.24,1247.69,8408.47,429.64,902.91,157.69,133.25,142.84,1088.15,1113.74,492.79,230.43,943.56,698.42,101.81,3127.29,1020.22,2376.4,,1301.61,7096.53,183.95
2023-02-27,1191.86,553.17,4403.06,2667.38,852.09,3416.74,1355.17,609.98,92.28,739.12,924.75,177.2,866.68,3023.72,53.6,1545.24,966.41,766.45,484.1,403.84,2336.07,835.71,1834.95,1384.22,329.6,,670.57,344.13,2054.46,1225.47,8381.0,427.7,900.1,158.98,133.46,145.6,1080.92,1120.79,499.08,227.49,938.26,692.72,98.42,3064.2,1015.62,2378.28,,1284.96,7066.98,182.57
2023-02-28,1361.98,583.14,4365.28,2743.92,841.87,3436.78,1332.71,601.87,91.5,728.67,882.13,175.93,846.21,2999.44,53.5,1552.08,960.75,769.68,484.2,391.48,2328.98,834.2,1853.22,1364.27,324.85,,657.47,344.79,2050.04,1237.36,8373.37,424.17,902.39,157.23,130.71,147.62,1060.24,1112.7,494.45,227.58,930.05,697.59,96.43,3046.73,1003.13,2350.35,,1274.29,7140.39,181.02
2023-03-01,1562.16,592.64,4377.33,2755.65,862.86,3502.91,1341.69,606.08,93.87,736.47,875.51,178.67,851.62,3031.21,54.95,1566.92,981.7,768.93,485.15,405.06,2334.28,835.61,1840.59,1372.07,326.58,,666.83,347.91,2056.01,1239.84,8509.11,431.59,907.65,158.84,133.07,145.4,1069.98,1109.87,507.59,231.04,932.67,697.55,97.87,3113.73,1027.42,2359.86,,1287.6,7153.03,182.85
2023-03-02,1605.05,613.11,4365.82,2748.86,843.22,3487.52,1341.34,599.0,93.54,726.56,862.71,182.02,860.72,3018.36,54.55,1571.69,986.03,762.39,478.26,402.85,2323.96,833.37,1850.27,1350.15,323.86,,665.25,343.28,2062.14,1219.77,8299.97,427.45,893.29,157.5,132.43,146.36,1061.83,1092.01,504.8,228.76,938.51,689.84,97.08,3054.64,1011.83,2336.63,,1281.07,7167.83,181.49
2023-03-03,1876.93,673.89,4371.87,2743.97,850.4,3503.24,1353.12,600.68,92.71,750.41,855.12,182.1,870.0,3020.1,53.65,1569.48,997.66,777.52,485.34,408.84,2338.77,847.57,1862.0,1356.71,331.97,,672.35,349.13,2091.73,1236.38,8350.95,423.52,891.75,159.16,132.6,147.52,1088.93,1120.89,530.77,230.14,940.06,692.28,99.26,3073.67,989.36,2373.43,,1300.96,7095.8,182.61
2023-03-06,1980.18,679.9,4384.57,2778.59,857.23,3494.84,1378.53,604.11,93.29,752.57,857.31,183.69,870.25,3057.67,53.95,1571.74,1004.53,783.0,485.54,406.48,2351.88,846.79,1852.62,1382.52,334.73,,664.41,349.13,2081.14,1238.19,8380.27,428.85,894.89,163.04,136.0,150.88,1099.56,1120.34,531.24,235.81,938.46,695.94,98.0,3100.99,993.83,2380.71,,1321.4,7080.7,184.16
2023-03-08,2036.86,700.86,4339.89,2773.74,858.68,3577.58,1378.53,590.52,92.96,752.53,853.76,183.65,867.71,3094.56,54.8,1574.25,999.13,784.57,490.54,399.86,2352.12,851.03,1898.59,1369.0,338.39,,665.55,346.97,2109.96,1257.19,8440.9,435.97,895.05,164.93,136.04,151.48,1103.51,1120.84,534.17,240.27,930.92,702.67,98.79,3118.05,983.11,2374.42,,1338.5,7146.24,183.62
2023-03-09,1950.47,686.3,4381.64,2767.92,865.51,3579.74,1350.33,581.11,92.33,759.25,858.14,183.61,858.83,3038.84,54.05,1574.39,995.57,784.64,486.63,400.94,2329.69,835.27,1863.9,1357.72,334.17,,670.28,342.29,2131.73,1216.45,8293.37,451.15,895.89,165.48,134.36,149.98,1076.99,1088.58,528.59,244.04,926.25,691.69,100.37,3068.8,966.43,2345.84,,1330.97,7122.35,182.45
2023-03-10,1893.6,686.84,4281.57,2745.27,849.65,3587.63,1326.67,578.44,91.79,759.59,857.6,183.24,861.69,3009.29,53.85,1569.13,995.25,764.41,485.64,397.8,2333.52,822.29,1886.61,1349.6,334.6,,669.49,338.82,2097.37,1195.55,8351.24,455.68,893.48,166.68,133.93,150.48,1060.3,1087.79,517.67,240.12,929.03,686.96,100.28,3063.42,967.57,2353.02,,1336.95,7106.07,181.98
2023-03-13,1871.83,670.5,4309.09,2700.65,830.15,3546.84,1293.57,574.44,89.33,751.3,851.37,180.34,856.76,2929.42,51.9,1535.85,979.47,754.74,474.45,394.47,2323.72,808.39,1855.76,1316.17,330.85,,665.74,333.75,2074.05,1163.14,8270.51,460.6,885.35,165.71,133.93,150.18,1042.87,1064.56,501.26,237.92,927.62,676.97,99.07,3018.31,1033.71,2309.94,,1320.11,6957.78,180.28
2023-03-14,1735.82,644.22,4264.07,2663.21,830.65,3522.86,1278.45,564.4,89.72,757.68,848.7,180.55,852.67,2913.49,50.75,1535.02,966.5,752.71,466.13,394.91,2311.75,810.29,1859.61,1302.32,327.44,,662.25,328.64,2084.1,1131.32,8264.44,466.53,882.79,164.05,131.78,149.58,1038.96,1069.13,496.91,234.32,930.63,676.14,98.7,2956.69,1016.85,2333.31,,1333.76,6946.33,177.47
2023-03-15,1836.48,668.68,4293.03,2742.56,821.87,3501.36,1280.49,563.14,89.57,742.81,854.44,179.61,861.48,2903.83,50.75,1524.59,962.58,741.91,462.31,398.29,2277.34,805.95,1864.1,1302.0,327.18,,669.74,332.17,2115.65,1130.88,8228.32,466.58,869.68,164.33,131.14,151.64,1021.21,1059.15,489.48,232.53,924.99,670.53,100.79,2941.93,1016.03,2376.4,,1317.26,6982.51,175.74
2023-03-16,1841.27,668.92,4283.36,2806.43,828.36,3567.26,1291.47,562.78,88.89,732.3,859.79,180.38,859.38,2931.4,53.05,1534.28,956.11,746.72,457.06,377.5,2327.75,804.0,1862.2,1287.74,328.95,,652.74,331.69,2112.68,1137.41,8191.91,462.3,891.78,165.62,130.84,154.2,1016.12,1057.26,496.06,236.44,940.55,676.82,97.45,2929.15,1019.08,2427.17,,1332.32,6986.3,174.38
2023-03-17,1873.98,669.66,4310.58,2776.75,835.19,3580.59,1299.61,564.48,90.34,743.4,850.64,181.04,869.65,2872.64,54.9,1558.66,988.26,756.71,466.82,389.03,2316.43,816.05,1853.22,1302.96,323.86,,666.53,337.58,2134.21,1141.75,8074.82,457.97,911.48,163.18,131.66,152.57,1014.84,1066.16,501.07,235.64,931.12,688.72,99.26,2923.91,1027.65,2432.42,,1352.11,7168.56,176.09
2023-03-20,1802.48,656.28,4277.36,2769.48,835.34,3571.76,1243.35,546.6,89.62,740.99,843.49,177.28,870.29,2850.81,53.55,1566.09,972.56,751.46,460.88,378.29,2376.82,816.24,1854.62,1287.33,326.67,,658.4,338.89,2116.52,1138.0,7980.4,466.08,915.33,162.3,130.92,151.11,1004.86,1068.65,491.04,230.67,934.52,685.21,96.94,2890.8,1011.1,2436.68,,1340.39,7122.59,171.72
2023-03-21,1821.75,654.36,4238.68,2753.91,853.34,3666.29,1266.02,562.28,90.05,743.1,839.26,177.28,866.35,2834.2,53.0,1579.26,966.37,759.98,478.21,381.03,2330.82,831.81,1871.44,1275.45,325.07,,656.04,340.32,2146.55,1130.84,7988.95,462.39,914.83,163.31,130.28,148.22,1036.11,1092.13,493.55,238.39,929.66,683.55,97.17,2856.59,998.93,2490.26,,1317.56,7230.32,171.37
2023-03-22,1812.91,646.83,4249.69,2754.64,847.41,3683.42,1292.42,574.5,89.62,742.86,840.28,174.75,877.25,2845.55,53.1,1585.85,964.18,758.22,492.77,385.15,2343.84,839.42,1885.56,1274.12,325.76,,652.59,339.98,2151.9,1134.54,8012.25,464.83,909.62,160.78,130.28,148.85,1039.26,1107.45,493.27,235.67,945.07,693.3,97.22,2879.3,1002.53,2484.42,,1325.49,7273.49,171.37
2023-03-23,1791.54,644.66,4237.74,2713.85,846.56,3626.16,1287.88,574.39,89.09,749.58,845.82,174.26,871.76,2827.34,52.65,1579.02,950.32,752.14,493.86,391.09,2352.12,834.78,1905.73,1260.64,328.26,,658.06,334.91,2144.8,1135.37,8110.11,464.73,920.48,161.01,131.35,147.56,1026.11,1112.98,484.94,238.4,950.51,689.65,97.31,2873.65,1002.4,2495.22,,1341.09,7284.6,169.07
2023-03-24,1738.27,627.98,4247.95,2714.53,837.68,3593.26,1238.61,556.29,89.14,748.5,853.76,170.26,875.14,2809.86,50.65,1567.56,937.7,750.93,487.62,380.89,2348.05,831.81,1862.05,1266.23,326.58,,648.2,337.39,2105.44,1121.58,8003.02,458.61,916.07,159.26,128.43,147.72,1005.8,1106.56,477.94,233.22,945.85,684.96,94.71,2869.83,1004.68,2469.76,,1306.1,7282.34,169.19
2023-03-27,1720.69,619.22,4282.42,2719.62,831.15,3574.16,1237.06,550.76,89.33,747.81,865.48,170.22,879.35,2786.64,50.1,1603.6,937.48,754.21,488.32,382.41,2365.27,828.2,1831.21,1273.84,327.87,,649.24,339.99,2093.63,1109.0,8037.44,457.32,913.07,157.92,129.16,146.19,1021.43,1093.72,482.48,228.72,956.15,682.04,94.9,2871.49,1005.63,2470.8,,1324.44,7326.14,168.96
2023-03-28,1598.66,584.08,4297.79,2700.9,830.25,3559.19,1221.14,544.99,87.92,734.76,865.68,170.62,887.42,2754.63,50.25,1584.08,928.21,760.34,485.1,385.3,2349.94,834.1,1822.12,1263.43,327.48,,650.37,338.74,2073.8,1099.65,7969.92,447.91,915.73,158.61,126.54,147.52,1026.2,1085.76,480.55,231.84,956.88,678.82,95.08,2865.6,975.82,2476.64,,1287.26,7279.83,166.6
2023-03-29,1738.02,626.65,4326.95,2687.37,840.37,3641.51,1244.0,553.92,89.14,730.0,863.93,173.93,895.46,2833.14,51.25,1604.33,951.75,764.0,491.29,391.33,2395.42,830.44,1822.27,1268.89,330.07,,669.0,343.15,2087.26,1115.24,8053.9,449.65,920.9,160.45,128.39,147.76,1020.13,1093.13,488.49,236.74,964.37,680.28,96.1,2886.75,985.67,2491.25,,1331.82,7444.69,167.93
2023-03-31,1748.05,621.97,4275.28,2678.78,856.23,3646.63,1264.42,553.09,94.98,735.3,876.38,174.5,906.23,2847.77,51.0,1605.32,967.57,774.46,494.51,397.51,2423.34,856.06,1907.43,1309.61,330.72,,678.06,345.51,2103.54,1129.28,8050.84,439.1,952.39,161.47,129.85,149.91,1064.12,1095.51,495.35,238.18,955.81,691.3,96.94,2948.37,1004.58,2491.11,,1370.8,7495.23,170.83
2023-04-03,1715.1,617.94,4199.36,2693.67,862.32,3748.94,1280.84,562.77,94.05,746.64,867.58,179.81,912.84,2901.32,51.95,1600.65,979.07,774.94,498.96,394.76,2400.39,862.45,1896.79,1293.93,326.75,,672.25,348.07,2109.33,1140.19,8255.6,430.74,952.43,163.96,132.09,149.18,1064.3,1098.2,498.18,243.29,951.87,699.3,96.57,2942.94,1005.82,2513.39,,1353.31,7513.28,172.09
2023-04-05,1695.67,626.75,4166.23,2724.23,858.23,3776.54,1277.2,567.33,95.66,749.48,871.76,181.73,918.0,2833.19,51.7,1631.42,990.71,795.73,502.98,395.5,2444.54,863.23,1924.5,1305.58,333.22,,676.53,349.31,2194.47,1126.11,8201.23,417.25,958.07,162.21,131.44,149.88,1061.74,1099.94,494.64,243.79,969.47,709.39,97.26,2979.55,1006.09,2548.36,,1360.68,7563.87,172.93
2023-04-06,1751.65,631.52,4167.23,2725.53,849.7,3786.35,1301.81,584.15,96.15,751.94,869.42,181.08,921.25,2860.18,52.15,1641.06,973.46,801.79,509.81,397.41,2427.98,853.86,1908.72,1304.06,334.04,,672.74,350.34,2210.51,1141.51,8268.81,428.4,952.57,161.56,129.46,149.62,1068.86,1110.59,499.03,246.59,984.01,712.42,96.8,2961.98,996.29,2524.34,,1363.13,7573.6,171.48
2023-04-10,1794.79,641.76,4201.99,2693.04,845.11,3812.64,1302.91,573.97,97.26,755.67,877.7,181.36,933.07,2868.63,53.95,1681.57,983.49,797.99,508.87,403.49,2396.65,847.47,1898.89,1309.29,335.07,,678.46,350.78,2244.97,1158.42,8286.77,438.7,943.96,163.77,135.09,152.14,1061.29,1100.64,497.76,246.76,980.6,702.81,97.36,3001.25,1009.51,2559.25,,1354.6,7568.1,174.59
2023-04-11,1800.68,643.68,4236.0,2671.17,851.05,3921.34,1321.03,574.85,97.36,759.99,882.86,182.67,933.79,2949.51,53.95,1682.4,969.13,800.33,508.72,409.47,2411.41,860.59,1875.88,1289.62,341.5,,703.19,368.17,2237.0,1171.18,8407.55,448.86,950.94,164.24,136.73,153.67,1066.54,1107.01,503.24,244.97,981.23,699.54,99.77,2955.64,1001.3,2555.64,,1350.07,7612.54,173.17
2023-04-12,1844.72,647.42,4284.5,2703.13,848.8,4023.28,1319.38,576.74,98.14,756.99,893.37,185.98,956.85,3021.12,53.2,1688.65,975.82,810.72,512.19,409.57,2393.62,868.64,1876.88,1309.93,339.38,,707.77,367.68,2224.36,1176.69,8370.17,476.83,939.62,162.11,135.52,150.98,1071.24,1121.13,499.55,247.56,988.48,700.62,99.81,2981.25,1011.92,2563.42,,1359.14,7554.92,174.06
2023-04-13,1868.19,651.26,4361.95,2725.44,862.07,4025.49,1339.1,581.42,98.24,753.02,891.22,184.18,951.35,3102.91,53.85,1672.57,955.62,814.35,526.85,413.89,2400.48,877.28,1876.18,1274.07,341.15,,710.14,372.75,2195.44,1173.96,8418.47,469.51,940.83,159.58,136.47,153.57,1075.28,1124.52,504.05,245.21,975.64,701.79,99.72,2932.69,990.91,2561.19,,1357.69,7527.78,172.25
2023-04-17,1876.18,654.26,4350.45,2757.79,862.27,3993.57,1338.95,587.04,98.73,745.75,882.17,187.53,951.23,3118.32,53.95,1694.74,929.19,801.94,528.38,420.41,2415.3,879.53,1933.73,1154.02,345.08,,710.68,377.87,2151.95,1182.15,8422.21,469.16,978.48,156.4,137.67,157.19,1080.73,1139.54,514.5,249.9,970.98,695.55,99.4,2887.3,939.03,2580.95,,1359.19,7613.53,169.0
2023-04-18,1848.41,648.2,4302.8,2768.94,861.07,3951.23,1333.01,582.53,100.23,745.85,899.5,189.65,963.01,3151.68,53.3,1676.36,948.49,798.55,527.29,423.2,2405.07,875.18,1956.69,1154.98,343.65,,708.86,376.5,2154.48,1174.11,8478.52,461.8,998.63,156.86,137.63,152.97,1068.36,1139.74,516.25,253.27,976.91,689.55,99.81,2879.26,934.7,2553.31,,1356.99,7468.83,172.07
2023-04-19,1851.31,648.06,4284.6,2725.39,871.09,4004.32,1329.16,585.69,98.73,750.66,887.48,188.18,962.41,3176.84,54.15,1661.75,926.07,801.48,519.87,424.67,2396.13,870.35,1965.53,1130.08,343.87,,711.81,375.82,2157.39,1184.63,8427.36,467.67,996.57,154.09,137.63,152.74,1073.68,1117.7,511.0,258.44,967.87,683.5,100.28,2841.41,924.4,2544.99,,1355.3,7390.75,168.75
2023-04-20,1840.38,655.64,4312.47,2758.51,866.45,4049.89,1329.91,582.23,100.14,758.17,879.79,187.49,952.38,3135.65,54.2,1659.15,925.0,804.46,525.26,421.54,2359.22,872.79,1986.99,1122.01,345.21,,705.36,375.64,2170.17,1187.65,8461.05,463.29,989.54,156.49,136.81,153.37,1070.96,1123.12,515.25,253.3,960.33,685.99,100.18,2855.39,931.6,2554.85,,1389.5,7351.32,169.71
2023-04-21,1800.53,651.21,4325.26,2795.62,861.92,4044.21,1315.73,584.72,100.09,751.2,890.54,187.9,954.45,3090.99,56.05,1634.08,935.21,805.76,508.47,414.18,2364.28,864.25,1984.3,1125.64,352.06,,700.28,377.57,2153.11,1181.95,8309.39,451.4,995.64,156.49,137.2,153.8,1072.31,1100.94,513.69,256.99,961.98,683.06,98.47,2906.94,910.59,2544.0,,1379.18,7235.97,172.14
2023-04-24,1799.48,660.75,4362.7,2804.35,879.97,4066.55,1317.58,584.31,99.11,746.34,878.82,189.12,942.17,3073.7,56.0,1660.97,939.75,812.28,542.4,419.53,2365.98,882.89,1988.59,1124.67,352.45,,709.84,378.29,2166.43,1177.08,8219.78,447.76,1004.99,157.64,137.76,154.07,1076.42,1100.09,524.52,263.37,951.97,714.42,98.79,2919.77,917.29,2604.67,,1379.83,7316.66,176.77
2023-04-25,1842.07,660.9,4380.0,2811.04,876.03,4076.36,1343.59,598.24,98.48,758.46,885.29,188.06,947.5,3107.65,57.75,1658.56,939.22,800.74,524.77,421.49,2357.18,891.38,1989.34,1123.39,354.91,,714.42,376.7,2184.95,1179.13,8222.45,438.11,1003.82,157.78,138.1,154.7,1084.66,1100.24,531.33,270.96,945.51,716.27,99.3,2920.87,908.99,2608.29,,1377.13,7315.33,175.69
2023-04-26,1845.37,654.26,4373.95,2822.68,885.3,4035.48,1332.51,596.34,98.97,759.3,886.7,187.65,949.82,3137.0,58.2,1670.65,950.01,804.42,526.6,416.58,2376.44,892.85,2014.15,1125.82,355.51,,712.9,374.57,2212.36,1182.73,8259.34,438.3,1021.36,156.63,138.53,158.28,1078.29,1112.63,535.64,265.93,944.29,728.22,99.12,2941.24,908.35,2616.01,,1369.36,7332.73,175.18
2023-04-27,1850.51,649.39,4381.0,2812.93,879.07,4137.99,1357.77,610.53,98.77,772.11,889.47,189.29,964.22,3151.68,60.7,1672.87,955.09,808.84,512.98,422.47,2336.83,896.16,2017.64,1142.97,358.75,,721.42,380.55,2240.98,1192.92,8294.34,450.15,1027.24,157.64,137.59,156.72,1085.12,1131.28,534.12,265.82,951.53,735.34,99.86,2931.86,914.6,2638.25,,1378.13,7376.0,175.11
2023-04-28,1922.31,670.6,4476.4,2815.26,857.73,4160.28,1352.42,618.41,100.58,784.68,883.73,190.39,966.43,3187.94,64.9,1691.45,964.93,812.02,524.77,427.67,2325.81,895.48,2017.54,1148.93,366.98,,714.72,386.42,2298.13,1195.74,8339.59,457.97,1057.07,158.61,136.64,157.59,1104.95,1134.32,546.94,252.02,960.23,744.94,100.14,2960.65,933.33,2616.85,,1363.62,7430.38,180.07
2023-05-02,1917.22,670.79,4453.69,2812.54,868.35,4222.29,1346.83,615.37,101.55,775.74,893.12,192.84,970.46,3241.11,63.45,1710.38,968.06,811.85,539.38,437.52,2320.5,899.82,2063.91,1171.58,366.03,,727.14,383.05,2317.62,1205.88,8521.44,472.65,1056.32,161.93,141.2,159.48,1114.33,1145.06,544.1,250.64,946.04,760.3,102.32,2960.79,960.46,2638.65,,1402.26,7332.44,181.63
2023-05-03,1836.48,659.13,4478.14,2841.79,857.58,4175.21,1344.79,608.58,103.54,765.04,895.99,193.49,970.82,3233.58,63.55,1706.79,960.26,814.69,533.63,433.75,2352.97,900.55,2160.45,1163.97,368.36,,721.77,385.01,2290.26,1204.08,8541.29,473.89,1062.62,162.62,138.53,159.21,1104.77,1131.13,539.56,249.46,936.85,762.06,101.76,2924.46,947.83,2628.94,,1385.96,7382.2,180.11
2023-05-04,1908.63,669.07,4515.57,2893.34,863.66,4184.46,1372.19,629.26,104.42,774.66,908.5,193.94,973.91,3224.84,65.7,1730.33,967.38,831.36,541.36,436.88,2372.61,899.43,2159.95,1168.01,366.16,,727.92,388.33,2290.84,1200.42,8544.49,478.97,1053.78,162.62,138.4,158.65,1117.5,1161.53,548.55,251.1,946.96,756.3,103.01,2961.98,953.16,2645.13,,1400.71,7377.33,179.46
2023-05-05,1917.67,673.16,4564.47,2922.54,863.01,4189.52,1357.02,629.22,103.5,772.9,900.03,193.9,968.91,3240.09,65.4,1723.11,957.17,782.21,534.63,425.85,2366.93,904.56,2155.21,1154.76,369.74,,722.65,384.56,2310.87,1180.44,8688.24,482.06,1069.63,160.69,137.8,160.11,1114.65,1167.75,545.24,249.42,943.51,757.04,100.79,2971.18,944.91,2707.04,,1412.53,7501.77,177.45
2023-05-08,1884.91,674.34,4586.88,2928.85,876.13,4270.39,1402.49,655.62,104.47,779.23,908.3,190.19,961.97,3276.6,64.9,1748.52,975.49,791.26,544.38,436.44,2381.65,915.24,2196.14,1160.72,372.07,,722.11,390.57,2299.11,1200.52,8812.12,476.43,1067.85,163.27,141.84,162.57,1128.41,1176.35,551.95,254.92,935.15,769.37,101.62,2989.48,951.25,2725.22,,1417.21,7606.65,177.89
2023-05-09,1893.5,679.65,4555.09,2943.74,885.9,4251.24,1406.39,645.21,104.71,779.08,914.05,193.04,967.1,3265.98,60.95,1735.3,978.44,791.28,546.86,431.83,2381.17,911.83,2204.13,1165.39,365.47,,714.03,389.66,2307.8,1213.82,8846.39,479.12,1067.27,162.3,142.06,161.67,1131.91,1177.15,542.4,254.98,930.87,769.47,101.62,3019.51,955.31,2722.4,,1428.63,7587.76,178.8
2023-05-10,1889.56,680.14,4563.28,2950.14,887.55,4276.68,1412.13,653.02,105.2,781.49,919.11,193.21,954.17,3299.63,61.8,1744.64,977.8,794.94,557.36,428.01,2387.71,913.44,2219.9,1158.56,366.81,,713.78,390.54,2298.18,1216.94,8901.35,477.97,1071.09,163.27,143.52,164.49,1139.69,1182.77,541.17,255.89,927.32,771.57,101.34,3022.77,953.8,2719.47,,1436.3,7614.27,179.48
2023-05-11,1981.93,697.66,4557.33,3045.54,893.58,4269.13,1418.07,656.16,105.74,774.17,918.33,192.88,888.44,3288.57,62.4,1744.4,986.69,795.47,562.07,412.71,2453.68,916.51,2247.65,1152.0,362.54,,700.23,390.39,2179.31,1219.52,8991.4,481.86,1069.62,165.57,143.6,165.09,1132.25,1179.39,542.35,258.02,934.37,769.91,100.69,3018.49,951.89,2731.76,,1466.96,7704.98,179.9
2023-05-12,1962.01,689.0,4567.19,3037.15,908.24,4260.68,1421.11,661.18,104.47,777.46,912.34,191.98,875.52,3502.05,62.6,1724.44,993.4,802.49,555.38,396.92,2483.02,921.1,2230.83,1142.01,362.58,,692.4,390.92,2158.85,1243.55,9024.9,497.58,1058.66,161.33,142.27,160.57,1134.1,1181.03,546.8,255.27,929.46,769.52,99.03,3011.28,953.98,2746.96,,1481.67,7574.69,179.25
2023-05-15,1913.43,683.15,4587.62,3038.02,913.38,4284.76,1419.01,660.97,104.81,782.47,898.09,194.15,885.8,3533.09,63.7,1704.28,997.26,806.34,554.04,402.76,2519.79,922.9,2247.6,1154.07,368.92,,695.26,393.39,2183.88,1253.0,8939.36,517.54,1058.29,162.25,142.36,161.57,1136.33,1183.42,550.34,253.54,926.55,767.47,99.91,2993.57,970.49,2753.25,,1506.74,7631.72,180.42
2023-05-16,1886.56,676.21,4517.46,3043.94,915.38,4260.16,1426.0,668.09,105.59,772.94,897.4,196.8,885.11,3508.66,63.0,1698.18,989.05,801.72,554.24,404.47,2532.71,923.49,2277.15,1159.52,365.6,,692.5,388.22,2164.78,1230.39,8807.37,505.45,1057.99,163.64,144.42,159.81,1120.15,1174.76,554.5,251.27,914.83,766.79,99.63,2996.42,963.88,2763.85,,1495.67,7570.51,180.98
2023-05-17,1896.9,673.84,4445.11,2999.66,912.38,4251.71,1413.07,660.26,105.39,777.76,899.21,197.33,878.54,3504.36,63.35,1695.92,974.4,797.41,554.83,399.81,2519.31,916.66,2296.32,1143.57,368.75,,684.96,380.66,2157.39,1231.02,8854.02,520.23,1055.67,162.3,143.78,158.62,1113.53,1156.7,554.5,254.22,909.97,758.99,98.33,2950.95,961.1,2736.26,,1501.01,7572.23,178.8
2023-05-18,1887.41,654.5,4405.29,3015.76,912.28,4241.67,1413.12,668.56,104.96,784.73,890.01,195.7,867.09,3453.57,,1677.09,979.26,800.6,556.27,398.64,2486.94,923.63,2260.83,1142.74,361.94,,681.95,384.3,2126.87,1213.87,8789.84,531.78,1053.1,161.47,143.0,156.52,1111.14,1146.85,543.06,254.58,903.84,757.08,97.59,2942.81,956.13,2696.1,,1486.2,7477.53,178.94
2023-05-19,1953.37,677.29,4410.4,2991.9,921.61,4208.39,1412.77,668.05,104.18,791.01,891.71,195.94,860.98,3448.5,64.5,1687.32,993.27,801.52,552.36,398.88,2500.1,931.24,2262.98,1163.74,362.07,,683.73,387.14,2128.67,1228.39,8840.96,542.68,1053.61,159.81,141.76,155.23,1114.74,1148.3,543.96,253.29,900.15,754.62,97.08,2963.96,977.51,2676.09,,1488.6,7553.4,180.63
2023-05-22,2322.91,718.24,4567.24,2992.33,915.13,4245.99,1410.68,668.92,107.54,787.18,900.18,194.96,873.86,3423.92,63.5,1689.53,1015.48,798.68,561.67,399.81,2496.93,927.39,2286.19,1185.66,366.29,,694.32,386.85,2154.48,1233.41,8890.18,550.05,1044.12,160.55,142.36,155.66,1120.7,1144.96,545.85,249.51,911.43,755.26,97.4,3033.72,1006.96,2686.89,,1491.74,7587.17,185.09
2023-05-23,2630.09,722.52,4512.8,3026.96,913.73,4222.38,1434.89,667.69,105.05,785.31,905.48,195.45,874.43,3478.14,63.2,1669.47,1004.15,796.8,557.41,402.36,2487.65,930.37,2273.36,1192.31,370.09,,693.83,383.12,2136.06,1236.34,8932.95,551.24,1039.7,160.59,141.84,155.49,1120.49,1159.69,550.06,257.83,905.74,759.15,97.96,3032.2,994.24,2658.06,,1499.11,7526.8,185.98
2023-05-24,2472.21,706.97,4498.96,3008.43,915.28,4240.68,1424.11,668.23,105.93,786.74,912.88,196.84,885.94,3487.13,64.45,1671.83,1008.32,786.39,560.68,399.03,2475.02,917.92,2265.17,1191.03,373.84,,685.85,380.9,2123.91,1243.3,9000.96,555.22,1038.57,161.33,142.92,156.62,1113.97,1169.39,551.1,259.03,925.72,760.24,97.59,3037.99,1001.76,2681.64,,1493.98,7526.35,186.94
2023-05-25,2533.97,713.12,4530.4,3029.82,918.62,4359.34,1425.0,673.66,106.71,807.65,920.13,196.07,882.94,3526.33,67.3,1672.82,1011.99,783.37,566.67,396.43,2458.27,917.14,2301.81,1196.26,380.43,,686.49,384.81,2142.91,1245.35,9011.74,534.27,1043.15,160.92,142.7,158.05,1113.83,1171.38,549.73,260.11,918.77,769.26,97.26,3028.93,1001.17,2682.33,,1512.9,7494.84,184.32
2023-05-26,2540.86,715.43,4571.81,3034.53,924.5,4333.01,1436.79,679.9,107.78,802.98,925.87,197.25,888.23,3563.85,67.25,1659.98,1033.03,786.39,571.77,405.55,2510.42,927.73,2319.43,1208.27,382.55,,691.46,387.82,2156.27,1249.3,9126.4,537.75,1048.34,160.92,140.77,157.62,1144.21,1189.68,554.22,261.67,942.98,778.52,98.7,3061.49,1016.35,2716.21,,1527.83,7593.27,187.88
2023-05-29,2530.58,725.91,4602.1,3043.26,927.34,4335.4,1447.17,682.61,108.51,806.22,930.64,201.01,893.19,3584.23,,1684.57,1021.24,795.97,573.61,411.78,2508.48,925.24,2317.28,1205.47,387.29,,691.96,389.44,2162.2,1296.37,9061.89,534.47,1055.52,162.58,136.68,155.76,1150.65,1211.92,562.73,266.43,941.57,783.01,100.6,3053.63,1015.71,2785.64,,1535.52,7710.0,186.99
2023-05-30,2493.03,722.52,4561.14,3050.05,934.97,4310.43,1463.44,689.87,108.32,803.48,934.14,199.54,885.87,3552.26,66.85,1696.22,1029.99,796.58,579.65,405.11,2514.39,927.0,2367.4,1214.14,396.69,,694.32,393.73,2148.84,1294.71,9110.29,533.32,1047.99,163.04,136.56,156.16,1150.35,1209.73,560.65,267.95,932.96,779.71,99.3,3049.81,1001.44,2775.98,,1555.93,7770.37,188.25
2023-05-31,2489.93,727.24,4583.76,3097.14,912.43,4287.2,1448.67,688.3,109.19,834.35,927.53,197.05,882.37,3546.08,69.05,1689.53,1038.38,783.98,586.78,398.05,2524.8,926.22,2368.5,1209.05,392.81,,686.14,401.63,2143.83,1285.5,9095.09,546.96,1052.78,160.32,133.16,155.33,1127.5,1228.74,559.06,264.72,948.28,787.35,98.14,3025.25,1017.08,2796.54,,1558.03,7739.0,188.79
2023-06-01,2488.74,720.55,4774.47,3143.46,917.27,4358.96,1447.77,693.29,109.92,812.8,938.91,188.14,892.37,3588.67,67.95,1673.9,1035.48,780.64,576.73,398.49,2553.53,913.48,2339.85,1210.15,387.7,,683.73,384.83,2145.92,1285.41,9056.84,530.53,1062.55,160.82,132.09,154.76,1124.47,1201.62,561.86,266.71,960.28,782.42,98.28,3056.98,1021.86,2800.5,,1559.98,7712.21,190.43
2023-06-02,2441.7,725.03,4926.25,3140.11,923.65,4382.9,1454.86,691.66,110.31,821.2,939.98,188.59,903.82,3572.59,71.15,1681.86,1031.08,781.86,570.98,412.61,2571.32,915.48,2381.73,1207.36,390.96,,696.29,386.56,2171.92,1307.34,9209.32,528.59,1070.92,160.96,132.99,155.83,1120.79,1196.4,566.15,267.29,971.85,784.78,100.18,3040.06,1023.96,2834.57,,1594.82,7719.93,189.4
2023-06-05,2430.62,727.19,4909.29,3103.74,948.34,4421.34,1456.5,693.56,112.6,819.23,948.69,187.61,902.46,3547.34,71.25,1705.41,1032.21,780.84,568.75,411.58,2551.54,923.88,2398.7,1212.47,388.54,,701.76,383.8,2204.73,1359.96,9303.25,516.7,1060.6,160.55,133.59,156.49,1130.86,1209.24,566.15,264.95,980.75,781.23,101.48,3024.7,1011.42,2828.68,,1596.57,7750.75,189.05
2023-06-06,2430.32,733.69,4899.28,3116.34,965.64,4436.54,1472.68,700.52,114.94,814.27,946.02,186.06,908.95,3578.1,72.35,1736.78,1023.42,778.41,574.25,407.51,2547.14,919.34,2406.33,1188.77,390.43,,702.45,390.61,2214.11,1375.36,9452.87,521.53,1054.35,161.75,132.09,156.29,1131.81,1216.8,564.36,266.45,985.66,780.89,101.11,2972.65,990.36,2854.19,,1600.16,7974.52,187.06
2023-06-07,2436.21,732.07,4984.91,3128.03,974.17,4487.7,1478.47,697.18,114.94,828.8,934.73,188.43,916.23,3599.63,74.5,1739.38,1023.82,782.44,588.86,414.43,2570.85,917.49,2415.82,1198.02,391.45,,719.1,386.69,2250.6,1370.69,9425.0,557.31,1086.52,163.54,132.26,158.88,1140.4,1239.48,568.08,266.35,986.44,811.45,103.43,3011.83,998.98,2879.45,,1600.36,8021.77,188.39
2023-06-08,2425.82,724.83,4885.94,3115.86,959.56,4506.38,1464.99,690.3,114.45,820.7,939.55,186.31,911.45,3532.03,75.8,1683.24,1021.74,782.93,588.32,410.16,2536.49,915.24,2442.92,1192.3,390.52,,737.88,376.14,2274.71,1345.98,9377.53,554.87,1075.89,167.88,134.19,160.51,1141.08,1232.62,567.4,266.84,959.6,795.68,103.11,2976.47,976.73,2849.78,,1586.14,7965.27,186.87
2023-06-09,2447.79,723.4,4885.99,3105.66,972.17,4452.64,1464.09,692.96,117.18,818.25,943.29,185.94,914.86,3458.54,77.6,1686.97,1006.32,783.86,576.23,407.02,2495.13,915.39,2458.6,1176.64,386.6,,737.58,373.25,2296.77,1335.84,9347.62,567.12,1072.23,168.57,132.6,162.67,1133.0,1226.15,557.95,268.02,956.64,789.66,101.02,2951.5,969.21,2849.04,,1595.92,8017.49,185.82
2023-06-12,2481.4,730.44,4884.05,3119.52,971.63,4477.28,1463.59,698.92,115.96,821.05,934.24,187.04,916.6,3467.52,77.95,1702.36,1033.44,779.09,578.91,408.74,2501.99,913.34,2406.88,1200.81,385.28,,736.4,374.74,2274.37,1346.32,9272.52,564.28,1082.72,171.24,133.29,160.51,1134.01,1232.62,557.9,274.67,958.1,789.42,101.58,2986.08,979.88,2825.61,,1592.88,8062.08,185.02
2023-06-13,2459.18,726.26,4910.14,3186.02,983.25,4464.42,1483.76,705.72,118.88,819.08,955.21,187.0,921.76,3469.5,78.3,1708.8,1025.87,780.4,579.3,413.25,2532.71,920.75,2336.05,1212.8,392.73,,745.61,370.05,2288.41,1338.28,9240.53,573.94,1092.59,170.92,133.8,160.91,1150.76,1236.99,555.73,272.98,960.67,808.3,103.11,2983.13,984.12,2884.94,,1683.04,8138.49,185.0
2023-06-14,2453.78,727.73,4967.61,3193.19,975.12,4440.25,1477.97,698.84,118.2,812.8,952.49,187.0,921.18,3449.61,74.1,1749.51,1029.99,779.55,579.55,416.83,2554.33,917.09,2352.03,1208.66,391.93,,761.58,371.79,2289.05,1343.64,9255.09,580.76,1104.06,172.63,135.7,163.73,1164.91,1236.0,555.88,266.24,959.31,850.29,105.56,2989.89,982.48,2879.55,,1708.55,8219.12,185.42
2023-06-15,2482.24,727.88,5175.62,3216.78,974.57,4432.13,1472.28,701.77,118.73,814.52,971.47,186.71,941.65,3413.54,75.1,1742.77,1037.02,769.96,572.71,414.87,2545.77,904.21,2410.03,1196.02,395.11,,759.36,365.58,2295.12,1357.38,9315.63,582.35,1115.59,172.17,135.52,163.7,1165.23,1234.8,546.19,267.45,960.96,852.76,105.52,2979.93,986.03,2880.49,,1682.44,8194.44,181.91
2023-06-16,2506.16,735.66,5157.08,3238.75,978.96,4357.41,1506.12,709.31,121.9,822.47,979.11,186.67,963.53,3417.59,74.45,1750.88,1041.19,780.04,605.81,418.69,2570.33,911.63,2425.4,1200.53,399.52,,764.78,370.34,2300.47,1368.2,9324.22,591.71,1115.71,173.55,134.97,163.7,1176.57,1274.85,550.77,268.86,964.46,850.54,105.98,2941.57,982.11,2926.35,,1711.59,8194.49,178.34
2023-06-19,2398.11,724.09,5102.48,3231.76,963.1,4315.55,1539.42,727.33,121.56,813.0,984.17,185.53,956.46,3376.79,75.85,1731.76,1031.53,780.72,622.71,417.91,2560.41,900.85,2428.2,1202.71,399.96,,760.39,363.79,2300.03,1366.93,9254.61,598.92,1107.27,171.38,135.65,161.47,1164.89,1274.0,548.46,281.97,973.99,844.87,105.84,2974.47,997.06,2940.51,,1705.8,8130.92,177.8
2023-06-20,2411.49,726.21,5119.39,3240.55,972.27,4376.23,1518.55,713.8,121.85,815.99,984.07,185.61,960.81,3440.0,75.85,1739.43,1059.73,782.35,639.75,420.65,2553.58,903.19,2433.64,1211.45,399.3,,761.87,367.67,2315.24,1360.99,9215.87,581.4,1115.08,172.9,135.18,165.22,1167.31,1288.78,547.06,299.19,964.42,846.74,105.98,2990.5,1009.6,2945.86,,1716.78,8106.19,178.9
2023-06-21,2402.65,737.68,5076.45,3238.01,963.45,4365.11,1516.75,709.6,119.56,823.65,981.88,186.59,962.62,3448.06,75.1,1748.08,1061.37,796.02,638.56,412.81,2554.06,902.36,2466.13,1207.69,394.18,,747.68,367.98,2327.34,1339.35,9166.11,576.77,1111.97,172.9,137.72,171.5,1170.59,1288.38,546.04,332.71,964.37,847.98,105.66,3018.75,1021.04,2942.99,,1698.16,8104.32,180.3
2023-06-22,2393.97,733.89,5024.14,3171.57,964.05,4329.39,1505.17,692.26,120.19,827.38,971.56,185.37,960.47,3436.62,74.35,1720.95,1054.97,799.92,635.08,411.93,2532.83,903.38,2472.77,1191.14,394.71,,741.37,366.09,2348.53,1343.69,9129.41,578.32,1094.55,170.14,136.64,168.41,1157.45,1270.03,542.77,329.71,962.81,829.98,106.42,3000.5,1020.27,2942.15,,1708.05,8026.83,178.8
2023-06-23,2230.49,703.08,5003.76,3220.05,955.87,4339.25,1499.48,688.28,116.88,839.16,962.9,184.51,978.99,3417.88,74.15,1687.32,1056.56,799.87,623.05,400.6,2520.66,901.19,2470.87,1175.76,392.15,,735.61,364.59,2322.58,1338.38,9055.87,577.92,1094.74,172.17,134.88,166.12,1147.97,1256.3,534.72,321.64,963.93,828.95,104.99,2979.98,1017.03,2911.34,,1722.28,7945.65,177.7
2023-06-26,2292.46,713.02,4995.33,3230.25,958.01,4324.51,1505.07,689.18,118.2,836.36,994.53,183.2,988.34,3429.91,74.85,1697.84,1058.69,796.0,626.38,406.68,2530.68,905.04,2460.69,1180.73,392.99,,737.88,363.47,2310.91,1362.16,9194.61,599.92,1099.3,170.51,134.88,165.06,1139.21,1259.93,537.08,326.76,967.33,850.34,105.23,2955.24,1013.75,2944.48,,1750.93,8031.11,178.15
2023-06-27,2281.32,708.93,5100.3,3247.68,970.68,4334.98,1520.45,691.2,115.28,849.08,982.22,183.9,985.2,3414.55,76.15,1704.08,1060.96,807.22,663.11,409.67,2529.97,913.48,2525.48,1188.91,392.46,,751.38,367.81,2321.12,1366.79,9185.68,606.89,1099.62,171.57,135.7,165.76,1139.62,1279.88,545.8,325.38,973.99,842.11,106.09,2962.38,1020.86,2947.55,,1740.15,8071.82,178.94
2023-06-28,2398.71,744.62,5084.53,3269.41,975.62,4427.2,1516.35,698.19,117.56,856.24,982.85,185.61,1001.33,3423.34,74.9,1713.87,1061.19,815.76,647.95,412.07,2539.41,914.8,2616.68,1202.11,396.21,,771.97,366.98,2353.58,1359.57,9263.01,600.57,1104.81,174.38,136.3,166.15,1154.71,1293.31,549.37,326.31,993.44,842.85,106.85,2979.15,1010.28,2999.45,,1766.56,8123.1,178.52
2023-06-30,2384.78,727.64,5056.07,3282.88,984.84,4538.7,1526.29,708.11,122.43,862.67,987.77,188.67,1011.47,3457.38,75.05,1705.56,1077.24,828.05,647.2,412.81,2555.54,912.02,2622.47,1241.29,398.19,,773.35,368.18,2406.17,1416.69,9504.18,596.73,1112.1,174.43,137.8,169.48,1164.18,1300.27,552.31,332.87,1022.41,848.72,107.29,3059.57,1031.02,3018.81,,1761.41,8156.63,182.01
2023-07-03,2382.23,725.82,5026.62,3279.61,979.51,4460.44,1538.38,725.16,120.49,863.07,974.97,189.21,999.45,3506.39,,1763.62,1071.48,837.0,646.71,417.42,2577.39,919.78,2633.75,1239.61,408.47,,782.42,367.66,2385.27,1430.67,9391.51,603.1,1099.39,176.36,140.04,166.39,1194.06,1291.37,564.46,337.23,1004.03,846.69,108.34,3031.82,1022.45,3009.55,,1748.83,8322.87,183.15
2023-07-04,2384.43,730.05,5067.72,3268.87,968.14,4474.7,1627.68,777.32,118.83,849.32,984.75,189.33,1017.12,3285.19,,1739.87,1079.64,841.09,643.03,417.56,2576.39,921.88,2589.32,1250.26,411.2,,785.03,371.2,2392.85,1427.26,9366.65,591.16,1098.97,178.94,138.58,165.79,1181.76,1282.71,568.12,341.02,1019.69,843.44,107.67,3065.68,1046.66,3045.56,,1733.66,8271.63,185.19
2023-07-05,2395.86,731.08,5035.69,3294.94,963.95,4730.73,1611.9,775.18,118.54,850.79,983.73,189.0,1015.15,3196.3,,1748.08,1083.45,814.37,669.47,413.35,2629.68,934.86,2650.12,1252.25,418.91,,780.35,371.83,2401.55,1437.88,9701.51,600.91,1112.37,178.34,139.95,168.21,1179.82,1285.0,569.43,345.73,1015.7,833.93,108.2,3075.97,1071.28,3070.52,,1729.01,8237.71,184.23
2023-07-06,2399.61,728.42,5239.39,3319.35,978.36,4757.48,1618.09,768.01,121.51,853.74,993.9,191.62,1025.62,3111.75,,1738.4,1070.62,815.2,657.09,418.15,2630.88,936.22,2694.0,1249.09,417.86,,783.94,374.31,2418.85,1509.47,9572.48,611.47,1122.07,181.43,142.19,174.49,1204.58,1286.39,571.26,339.81,1013.56,833.09,107.91,3078.7,1075.15,3077.01,,1751.58,8270.16,185.3
2023-07-07,2377.49,707.41,5103.72,3264.96,975.11,4676.51,1613.1,753.78,120.78,854.52,993.32,191.13,1015.96,3075.63,73.25,1714.06,1049.71,808.09,654.06,414.52,2574.58,923.54,2626.61,1236.36,413.01,,776.9,369.56,2380.7,1524.43,9563.6,607.14,1112.68,177.61,140.55,169.67,1202.23,1287.44,572.32,329.69,1006.95,821.46,106.9,3084.58,1053.95,3114.25,,1700.21,8197.64,185.14
2023-07-10,2408.11,708.79,5115.72,3264.43,962.48,4738.37,1596.02,744.97,119.76,869.2,989.47,190.92,1010.56,3065.1,74.8,1713.77,1019.7,806.17,664.15,419.57,2534.93,925.49,2667.09,1235.38,410.76,,798.77,372.24,2370.4,1512.0,9452.96,609.87,1096.85,176.64,139.91,166.05,1248.54,1286.74,571.35,330.57,1015.99,813.96,110.45,3031.49,1045.89,3016.74,,1674.05,8212.29,182.38
2023-07-11,2420.75,718.43,5213.56,3312.66,951.65,4757.43,1590.62,736.14,124.04,875.58,1000.27,191.13,1020.61,3141.54,,1738.05,1010.99,802.25,668.42,416.44,2561.6,922.12,2699.19,1253.46,417.19,,789.08,372.18,2405.2,1529.59,9612.05,616.59,1110.06,177.42,141.5,168.38,1262.08,1288.43,567.45,337.76,1042.49,828.41,110.3,3031.91,1058.92,3058.39,,1690.42,8187.26,183.36
2023-07-12,2385.78,712.82,5208.65,3326.53,948.46,4719.51,1591.42,734.95,124.28,873.67,994.82,191.45,1025.19,3178.82,,1748.03,1007.05,794.73,667.58,416.63,2551.25,921.58,2720.95,1239.24,416.45,,797.29,374.47,2386.15,1530.96,9549.57,612.41,1120.15,175.95,144.12,167.42,1263.47,1294.0,568.12,346.36,1048.81,831.31,109.87,3020.33,1057.05,3067.2,,1685.33,8083.62,183.27
2023-07-13,2359.96,705.93,5139.18,3318.52,958.59,4707.9,1613.3,739.17,122.19,868.86,993.36,187.78,1015.99,3145.5,,1730.29,1005.46,798.7,676.42,426.78,2533.16,932.61,2681.87,1268.8,416.18,,793.78,372.79,2381.48,1527.11,9366.8,616.34,1108.53,173.27,144.25,161.47,1252.17,1307.29,564.65,343.19,1045.79,825.5,110.02,3095.05,1071.51,3065.46,,1663.42,8096.89,184.42
2023-07-14,2373.99,714.69,5129.06,3348.99,955.5,4701.27,1612.4,739.93,123.8,870.28,1003.29,188.72,1006.03,3232.37,82.55,1723.8,1043.68,800.35,665.94,438.31,2554.35,936.86,2653.47,1325.36,416.97,,796.45,372.65,2402.96,1523.07,9324.18,598.03,1123.94,172.86,145.5,159.45,1251.12,1313.6,563.45,342.21,1043.17,839.45,112.22,3256.36,1120.19,3036.45,,1685.03,8046.3,189.44
2023-07-17,2406.42,719.57,5176.17,3378.92,963.28,4675.69,1608.45,742.76,123.8,862.03,1004.99,188.02,1033.24,3235.07,80.15,1762.98,1046.22,817.1,663.06,438.45,2558.93,945.3,2672.93,1322.57,416.49,,789.82,378.25,2399.61,1512.98,9407.57,609.23,1120.67,171.98,143.05,160.08,1276.68,1307.83,579.55,339.45,1047.69,840.53,112.79,3235.09,1132.73,3014.48,,1691.67,8113.61,194.21
2023-07-18,2414.76,716.71,5119.94,3430.72,962.08,4702.24,1616.49,733.77,123.75,859.43,1003.19,186.43,1025.58,3234.44,,1745.28,1058.42,816.42,652.52,435.9,2559.98,951.88,2648.57,1371.13,416.62,,782.65,377.01,2405.34,1511.4,9384.37,601.16,1116.13,172.77,143.48,160.18,1287.53,1307.88,571.11,342.26,1037.53,846.55,111.69,3239.87,1137.42,2977.72,,1687.68,8039.86,195.13
2023-07-19,2421.6,719.91,5132.83,3431.89,962.73,4666.5,1642.26,750.05,123.55,854.82,1008.06,186.71,1031.58,3216.0,77.65,1754.28,1060.1,820.11,655.01,430.71,2549.29,949.93,2695.94,1370.9,422.22,,783.63,380.15,2424.25,1521.0,9327.96,608.78,1114.37,177.56,143.35,161.57,1297.29,1303.8,579.89,342.57,1051.82,848.27,111.79,3215.04,1134.82,2976.92,,1713.79,8190.51,195.48
2023-07-20,2417.61,720.94,5152.52,3442.97,976.31,4710.08,1633.97,751.23,122.68,868.66,1028.25,187.65,1054.88,3203.4,77.6,1788.94,1057.12,821.89,656.99,433.01,2579.49,971.55,2726.04,1347.24,433.95,,790.71,390.18,2419.92,1521.89,9488.11,606.49,1117.62,177.88,143.73,162.24,1295.72,1307.38,588.18,342.01,1067.18,860.74,112.03,3217.12,1142.35,2970.61,,1712.09,8087.21,195.34
2023-07-21,2414.16,717.01,5161.89,3434.87,969.72,4704.27,1631.03,749.76,121.65,869.79,1029.14,187.04,1044.79,3201.85,80.3,1774.33,1020.22,815.56,643.33,426.1,2484.78,972.91,2674.13,1237.66,432.45,,778.24,392.83,2513.77,1500.37,9485.73,600.02,1116.39,179.91,146.61,162.14,1255.61,1284.15,593.05,351.34,1066.7,840.29,111.69,3128.88,1118.16,2957.69,,1711.24,7984.01,189.28
2023-07-24,2416.06,723.75,5137.99,3460.26,969.92,4723.67,1655.65,749.75,122.68,871.9,1029.14,188.63,1065.24,3194.46,81.3,1782.64,1017.89,816.85,649.14,424.58,2462.12,968.03,2666.14,1242.31,415.61,,767.55,378.29,2532.23,1523.37,9412.67,608.88,1108.5,180.65,147.0,164.36,1230.22,1310.47,595.51,344.59,1069.85,850.88,110.64,3153.45,1087.05,2960.57,,1706.55,8082.98,188.98
2023-07-25,2464.46,737.48,5169.13,3320.33,960.94,4690.97,1647.01,752.2,123.7,867.48,1034.83,187.82,1071.89,3212.18,,1798.37,1016.65,825.71,647.8,440.81,2450.58,970.67,2580.04,1240.45,407.63,,792.19,373.95,2489.13,1541.98,9474.62,608.13,1106.2,185.03,148.72,166.82,1229.43,1294.5,587.74,349.81,1064.65,856.26,114.23,3157.53,1082.05,3010.06,,1706.8,8253.54,187.27
2023-07-26,2468.56,740.83,5113.14,3293.57,975.21,4711.77,1624.63,735.07,122.68,873.13,1048.32,188.27,1081.82,3238.69,83.35,1808.26,1019.81,822.84,654.56,440.32,2465.03,972.38,2535.57,1253.69,416.4,,797.04,377.9,2572.08,1521.4,9472.43,605.19,1107.52,185.91,148.68,166.72,1249.41,1286.09,593.1,348.97,1081.13,861.53,114.9,3147.46,1069.6,2989.54,,1703.95,8213.27,188.37
2023-07-27,2426.25,736.99,5172.4,3290.06,958.34,4692.95,1612.75,720.33,123.89,878.77,1149.32,187.08,1088.02,3213.83,,1791.93,1021.96,814.3,658.39,442.67,2452.2,966.33,2545.55,1257.69,410.05,,785.47,373.6,2585.64,1425.43,9469.76,600.22,1084.46,186.23,147.0,166.52,1237.78,1289.92,594.45,347.54,1103.45,838.02,114.76,3155.44,1029.09,2983.33,,1706.4,8187.49,187.06
2023-07-28,2461.02,748.83,5302.76,3310.86,948.41,4733.1,1583.08,729.97,126.72,878.72,1155.55,185.49,1103.03,3240.19,86.8,1793.21,1009.34,799.87,655.25,442.77,2466.27,972.13,2612.58,1245.93,413.05,,795.76,374.22,2575.29,1445.52,9388.89,603.3,1092.02,193.65,147.69,171.5,1250.22,1283.21,593.96,348.73,1110.86,847.19,115.52,3116.89,1020.81,2968.32,,1727.97,8205.77,186.5
2023-07-31,2489.99,770.78,5130.7,3297.82,952.35,4770.73,1596.51,721.93,127.25,873.62,1152.81,187.25,1114.38,3250.14,,1818.43,1021.36,803.62,642.88,453.65,2443.56,974.18,2588.53,1260.06,410.63,,808.23,370.17,2606.2,1452.8,9534.96,592.2,1095.54,201.35,152.2,176.72,1260.81,1275.65,597.96,363.17,1115.59,847.14,117.97,3178.25,1043.69,2985.27,,1754.38,8217.03,189.44
2023-08-01,2478.9,758.39,4990.81,3264.23,958.34,4763.53,1570.59,718.9,127.01,875.34,1156.09,196.31,1119.64,3298.81,,1806.88,1041.3,808.99,638.81,455.12,2434.31,970.52,2566.41,1268.89,409.83,,812.33,368.87,2591.91,1470.68,9433.98,569.71,1097.5,207.62,151.9,167.25,1242.98,1273.46,589.91,355.6,1115.64,844.62,118.01,3206.67,1069.88,2983.13,,1704.95,8181.12,190.33
2023-08-02,2471.36,754.53,4955.46,3283.71,943.71,4674.67,1525.29,712.35,122.04,862.03,1146.23,191.57,1118.33,3218.46,,1790.46,1034.35,798.41,638.91,445.71,2451.34,963.11,2560.97,1261.13,405.69,,795.86,363.62,2577.66,1462.75,9372.87,568.61,1111.52,202.04,151.26,165.09,1229.7,1255.85,576.99,351.66,1107.64,831.12,113.94,3196.08,1071.89,2958.54,,1688.28,8186.95,188.39
2023-08-03,2530.36,766.32,4955.01,3257.79,934.03,4669.06,1491.98,702.95,121.36,855.75,1143.83,187.9,1118.15,3263.85,86.55,1799.85,1029.41,792.64,628.82,444.53,2434.5,941.69,2443.62,1268.05,402.12,,796.05,363.53,2554.02,1446.85,9353.17,553.18,1091.77,202.97,147.95,165.19,1224.53,1247.39,569.33,348.84,1113.25,823.58,113.23,3158.28,1069.23,2883.96,,1684.83,8037.24,186.92
2023-08-04,2539.55,768.2,4939.14,3261.01,950.7,4558.48,1484.64,706.94,124.23,873.37,1186.9,190.92,1116.18,3244.39,95.4,1794.83,1046.65,804.1,638.26,448.16,2429.44,947.05,2508.66,1281.11,401.15,,797.54,366.87,2582.33,1442.42,9281.33,535.86,1090.74,200.98,149.02,164.29,1241.17,1261.47,552.75,352.4,1111.25,822.98,113.99,3198.78,1099.54,2886.24,,1698.31,8058.97,191.22
2023-08-07,2548.24,784.2,4972.96,3264.28,945.86,4517.95,1506.71,704.31,125.16,875.09,1200.54,190.27,1112.46,3240.82,97.6,1824.48,1052.55,803.64,644.82,455.86,2451.58,952.08,2524.18,1294.73,401.1,,804.56,365.49,2591.17,1503.72,9333.66,580.71,1090.97,200.98,148.68,164.69,1248.24,1295.94,547.54,355.81,1132.57,825.94,113.85,3236.4,1107.45,2886.44,,1687.18,8076.06,192.3
2023-08-08,2472.36,777.07,4981.84,3269.21,951.35,4498.65,1514.06,709.4,125.74,869.2,1242.53,188.06,1117.84,3256.41,93.45,1813.52,1043.91,802.98,641.49,445.95,2448.38,956.23,2555.78,1292.13,398.85,,792.94,364.78,2587.54,1476.93,9352.04,556.96,1079.8,200.61,149.02,163.54,1240.73,1342.51,552.55,357.08,1120.72,835.46,113.18,3223.91,1127.8,2902.99,,1711.04,8057.69,194.73
2023-08-09,2504.88,783.91,4940.19,3252.56,948.46,4514.51,1514.91,704.63,128.23,867.53,1242.14,191.74,1159.93,3295.62,94.1,1814.7,1046.47,803.27,641.84,459.83,2435.36,957.01,2583.18,1296.03,404.41,,814.86,365.48,2606.61,1511.45,9274.18,547.46,1079.27,201.68,152.07,162.76,1248.91,1342.51,553.18,354.68,1124.76,848.03,115.14,3216.38,1148.94,2937.42,,1785.13,8012.64,195.41
2023-08-10,2550.14,795.5,4881.82,3161.66,938.22,4485.54,1517.7,706.46,125.99,858.79,1235.17,191.86,1156.01,3297.65,94.25,1799.6,1037.46,796.14,636.07,459.83,2420.57,948.55,2546.05,1291.1,398.33,,822.82,359.36,2598.65,1521.94,9209.98,534.32,1068.16,200.48,153.58,163.75,1254.48,1327.58,553.08,355.03,1122.33,838.51,114.95,3197.43,1156.24,2969.87,,1892.51,8003.7,195.8
2023-08-11,2537.25,793.77,4865.61,3110.34,935.68,4449.21,1502.32,698.22,128.57,858.55,1226.59,191.86,1150.45,3273.02,93.45,1806.77,1071.44,787.85,629.71,453.51,2387.26,937.48,2511.66,1275.07,395.68,,812.08,357.49,2593.73,1522.97,9170.05,527.45,1061.01,199.17,152.33,165.44,1259.77,1304.85,553.57,346.83,1104.81,825.05,115.24,3203.66,1141.88,2998.39,,1882.88,8034.08,193.18
2023-08-14,2453.82,779.99,4781.01,3127.19,938.42,4466.29,1480.39,694.02,127.06,855.1,1212.26,191.04,1150.52,3259.84,92.75,1791.15,1071.03,784.0,628.87,444.97,2417.13,944.08,2544.8,1295.24,396.08,,791.11,358.01,2614.77,1523.37,9135.55,519.34,1063.78,199.17,153.02,165.57,1274.65,1290.52,540.69,347.9,1106.67,832.74,113.18,3204.63,1141.22,2991.83,,1926.61,7956.38,194.17
2023-08-16,2442.93,769.04,4901.06,3118.84,931.53,4450.71,1468.21,690.4,127.84,845.14,1220.06,190.35,1157.33,3248.62,91.9,1796.24,1076.65,781.71,621.31,439.44,2435.74,941.07,2454.5,1318.43,397.0,,787.0,356.44,2645.39,1546.76,9231.5,529.59,1066.13,203.33,153.92,167.98,1273.62,1284.75,545.08,344.53,1115.84,828.8,111.07,3212.57,1148.8,2992.27,,1953.52,8151.58,195.8
2023-08-17,2477.5,802.29,4852.32,3108.29,935.03,4506.1,1475.2,684.64,125.88,844.89,1217.56,189.74,1161.84,3220.54,91.15,1780.37,1076.24,777.38,624.54,441.81,2426.82,936.3,2455.6,1311.97,388.85,,781.51,352.35,2607.49,1549.61,9188.13,539.25,1052.51,201.74,152.8,165.03,1255.24,1277.93,551.64,353.82,1116.96,832.3,111.17,3191.53,1152.45,3052.55,,1971.74,8107.57,195.29
2023-08-18,2575.12,828.3,4817.15,3089.06,941.52,4465.18,1458.52,678.6,124.36,844.45,1213.05,189.03,1160.61,3270.49,89.35,1770.59,1073.5,774.2,622.11,433.81,2437.79,935.32,2450.16,1290.83,389.42,,778.88,349.37,2597.12,1529.08,9267.27,530.98,1060.4,201.18,151.12,163.2,1264.54,1275.94,552.41,349.22,1107.3,830.62,110.93,3127.76,1132.85,3031.38,,1970.94,8114.98,192.55
2023-08-21,2637.41,850.35,4900.9,3107.36,951.05,4460.63,1476.65,697.0,126.42,859.93,1210.5,191.23,1167.8,3286.06,89.75,1787.84,1078.57,773.59,621.31,443.59,2445.42,939.8,2445.52,1306.26,394.84,248.51,786.45,351.28,2617.08,1515.19,9250.36,548.5,1070.33,204.59,151.77,167.4,1250.74,1272.06,551.2,353.6,1109.74,836.49,111.98,3159.86,1140.38,3059.05,,1996.85,8119.38,193.91
2023-08-22,2695.66,846.73,4887.99,3104.83,955.5,4477.61,1466.16,699.15,130.38,865.55,1197.94,191.77,1170.71,3264.43,91.9,1785.27,1078.8,770.28,631.95,444.52,2448.33,936.65,2469.03,1304.72,400.53,236.08,786.9,351.83,2633.35,1526.96,9302.4,566.67,1069.92,207.3,151.85,167.81,1250.44,1280.22,548.12,353.94,1109.89,836.79,112.6,3141.74,1135.1,3056.37,,2024.71,8103.77,195.08
2023-08-23,2528.06,818.19,4913.77,3094.18,977.66,4508.9,1468.46,703.75,130.48,856.18,1207.41,191.9,1176.2,3278.69,94.3,1777.21,1081.54,772.18,629.31,455.28,2456.21,951.26,2493.24,1308.63,397.18,224.3,789.57,355.21,2671.49,1519.03,9409.27,577.97,1077.56,207.3,151.29,169.03,1251.83,1293.65,556.22,355.31,1096.37,832.6,113.94,3156.7,1123.68,3050.81,,2047.77,8062.68,194.21
2023-08-24,2537.3,814.87,4888.29,3149.65,979.76,4479.3,1466.96,705.82,131.46,857.46,1197.45,190.53,1167.07,3262.72,93.8,1757.83,1071.26,768.62,626.63,450.59,2463.08,953.32,2478.46,1323.17,397.58,213.12,779.68,355.39,2642.54,1518.79,9382.57,560.75,1080.56,206.51,149.23,166.79,1230.79,1287.19,556.26,359.78,1091.1,832.25,113.27,3146.94,1121.9,3042.06,,2065.84,8111.57,193.02
2023-08-25,2493.54,799.27,4834.19,3182.55,981.5,4434.7,1502.22,713.15,130.48,861.46,1186.56,189.24,1141.8,3262.24,91.0,1756.05,1055.43,759.96,624.44,444.18,2446.19,954.75,2454.0,1319.92,390.92,214.17,765.08,354.97,2593.63,1496.97,9315.93,551.09,1077.82,203.75,150.6,163.88,1225.11,1289.82,549.52,357.61,1079.4,820.77,111.98,3140.95,1112.92,3048.02,,2010.88,7973.33,191.62
2023-08-28,2470.26,800.11,4873.88,3182.94,988.59,4450.57,1498.22,715.53,131.94,858.35,1205.69,190.69,1141.14,3269.27,92.35,1764.36,1048.57,767.87,623.5,440.53,2438.7,954.9,2478.46,1315.78,389.2,210.82,764.93,357.27,2649.62,1525.73,9406.09,552.44,1070.33,204.5,151.04,168.28,1212.9,1285.0,552.31,357.17,1089.84,829.89,112.65,3135.61,1108.48,3029.49,,2002.64,8018.96,190.85
2023-08-29,2504.23,816.06,4847.0,3208.33,979.11,4512.58,1501.77,721.24,131.6,843.41,1206.52,191.11,1130.85,3276.1,94.7,1781.31,1058.72,773.98,631.0,450.15,2410.5,952.14,2481.21,1317.64,388.05,219.91,774.48,355.82,2672.82,1537.15,9429.17,559.55,1071.72,206.74,151.47,170.08,1201.28,1290.62,554.24,359.16,1084.57,826.39,114.52,3136.17,1120.87,3060.15,,2046.12,8100.02,190.87
2023-08-30,2510.87,811.26,4843.13,3217.12,981.75,4522.69,1499.82,718.74,131.6,845.92,1212.8,190.11,1116.22,3325.31,99.8,1786.11,1070.57,768.33,633.14,450.84,2416.03,943.44,2450.76,1333.91,390.43,230.89,778.93,354.18,2663.03,1559.17,9600.82,572.74,1078.3,206.09,151.51,167.33,1200.14,1294.0,547.06,361.43,1087.79,836.34,116.96,3149.92,1120.13,3062.93,,2059.35,8165.46,190.45
2023-08-31,2417.11,785.0,4783.12,3179.43,971.92,4463.48,1487.24,708.35,130.28,844.59,1233.85,191.19,1107.94,3257.79,97.6,1770.59,1072.08,764.8,640.79,453.9,2390.36,943.29,2430.89,1334.19,387.7,233.14,771.51,350.96,2656.84,1551.48,9804.08,586.88,1068.0,205.99,150.13,165.61,1194.66,1285.99,541.22,369.91,1084.57,822.54,117.73,3118.2,1124.57,3085.04,,2045.42,8196.58,191.01
2023-09-01,2447.88,792.23,4809.2,3182.8,989.54,4516.35,1512.81,723.94,134.83,854.01,1221.88,196.88,1102.15,3320.09,97.2,1790.9,1084.56,766.38,637.41,467.13,2390.13,953.08,2434.79,1341.99,388.89,244.77,797.98,353.42,2656.25,1567.78,10124.99,572.34,1064.56,215.72,156.68,170.79,1197.46,1313.85,549.13,366.8,1082.03,832.2,121.7,3139.0,1148.99,3097.31,,2059.9,8161.95,194.73
2023-09-04,2468.41,793.77,4793.8,3159.36,980.65,4486.07,1508.41,718.96,137.47,853.37,1215.45,205.94,1118.14,3353.04,98.05,1820.12,1127.28,771.18,636.12,480.35,2386.88,951.75,2451.21,1361.74,385.76,253.06,801.35,351.65,2665.1,1552.47,10155.57,572.15,1055.94,220.49,157.72,172.95,1196.49,1321.61,554.91,363.31,1081.93,834.08,126.2,3175.51,1175.84,3080.92,,2028.25,8478.21,203.03
2023-09-05,2491.84,797.63,4952.42,3147.4,979.86,4548.42,1508.76,726.36,136.64,853.96,1215.55,212.22,1102.22,3323.06,98.2,1832.72,1130.07,766.48,637.02,479.81,2392.27,952.78,2445.92,1374.57,390.7,254.65,807.43,353.41,2686.58,1547.3,10057.22,591.76,1066.45,219.36,157.85,172.21,1202.9,1302.81,552.46,367.07,1104.37,834.32,126.16,3185.59,1173.78,3116.54,,2060.5,8352.06,201.98
2023-09-06,2494.29,799.71,5000.71,3149.35,963.48,4531.2,1516.5,730.58,135.27,868.16,1233.01,212.59,1103.09,3311.2,98.2,1817.6,1130.34,776.51,643.58,471.96,2407.97,942.06,2457.75,1373.22,394.53,252.46,806.39,353.27,2684.12,1553.06,9975.64,585.93,1068.86,216.84,157.8,172.35,1205.43,1313.11,550.05,363.07,1114.57,866.46,124.15,3186.1,1168.54,3156.19,,2064.29,8433.61,200.78
2023-09-07,2507.28,802.54,4996.68,3169.91,976.61,4563.51,1517.85,728.15,136.79,863.23,1225.7,227.72,1109.38,3322.09,100.05,1826.4,1146.94,783.98,652.72,468.95,2392.65,950.08,2442.47,1362.77,393.17,251.41,810.75,357.0,2798.1,1541.98,10075.5,600.22,1063.62,218.9,156.68,174.04,1207.07,1340.67,558.29,363.28,1105.49,846.55,124.67,3209.65,1187.54,3152.96,,2084.51,8391.88,202.45
2023-09-08,2517.07,817.5,4953.06,3161.8,978.71,4604.48,1539.28,732.84,140.16,873.64,1221.09,234.45,1103.19,3291.28,99.6,1828.72,1154.3,790.09,653.42,469.99,2398.71,954.9,2469.33,1365.93,390.3,252.81,807.24,357.83,2852.37,1543.75,10125.73,601.26,1062.99,224.65,159.01,175.16,1215.11,1334.65,562.53,374.81,1102.96,841.03,124.05,3197.25,1181.64,3179.1,,2083.31,8328.06,201.11
2023-09-11,2612.63,874.43,5063.15,3182.65,998.77,4649.81,1547.97,730.96,141.53,878.52,1223.79,231.83,1109.12,3324.09,101.35,1841.18,1172.14,794.17,664.55,478.58,2420.14,962.47,2496.63,1372.29,394.31,249.76,815.65,360.77,2845.09,1558.08,10323.55,620.36,1074.83,227.31,158.1,179.12,1228.21,1343.3,570.49,375.46,1109.25,850.39,125.63,3233.24,1187.16,3193.21,,2082.52,8358.83,203.38
2023-09-12,2533.45,850.94,4947.15,3180.16,999.27,4663.54,1540.73,734.88,131.21,878.12,1216.38,225.02,1120.97,3262.33,98.75,1849.68,1172.92,796.66,656.89,471.57,2384.45,974.53,2488.94,1395.2,397.8,243.87,807.68,361.43,2894.15,1534.3,10293.9,616.67,1084.1,219.83,155.95,172.73,1210.47,1339.67,567.26,366.62,1117.4,852.51,123.57,3326.27,1184.5,3165.88,,2054.21,8467.45,203.45
2023-09-13,2516.67,841.97,4978.75,3200.57,1012.8,4651.65,1551.07,739.29,132.87,902.53,1205.3,232.41,1133.83,3241.88,97.9,1911.02,1166.38,800.06,646.21,476.95,2391.8,973.84,2443.17,1392.65,399.87,239.83,802.24,364.1,2857.43,1513.62,10264.31,581.02,1077.39,221.75,158.54,174.44,1216.52,1338.68,575.07,366.47,1120.81,876.71,124.1,3314.24,1179.26,3242.8,,2062.2,8531.36,203.78
2023-09-14,2517.57,842.07,5051.83,3163.95,1019.24,4686.67,1549.17,741.11,133.8,902.34,1210.45,230.67,1134.97,3301.54,99.45,1909.64,1174.01,799.58,641.49,490.92,2386.31,971.77,2460.49,1400.64,396.74,242.17,801.89,363.49,2869.08,1542.23,10278.76,582.27,1091.87,222.5,161.98,176.21,1217.64,1345.89,575.89,367.44,1115.98,872.03,126.16,3307.0,1197.45,3240.96,,2055.31,8582.33,204.13
2023-09-15,2537.8,837.96,5059.03,3121.38,1025.48,4963.35,1536.38,740.91,132.73,923.24,1212.16,232.12,1149.76,3346.25,102.95,1950.42,1193.22,808.75,640.94,490.13,2356.63,976.44,2387.42,1404.96,395.33,239.03,804.37,361.97,2859.2,1576.79,10315.12,570.8,1098.89,220.86,160.91,175.26,1219.9,1365.69,577.33,368.75,1121.84,863.5,126.4,3342.53,1216.35,3228.29,,2067.04,8622.24,206.28
2023-09-18,2500.23,823.69,5042.49,3130.8,1023.09,5007.99,1558.21,746.49,136.84,907.51,1217.12,233.74,1131.68,3350.7,102.15,1935.19,1193.59,792.84,655.9,478.23,2374.72,974.23,2396.5,1386.56,398.59,232.84,800.36,358.86,2870.31,1616.53,10312.03,572.75,1108.46,225.54,160.99,180.67,1209.27,1366.73,582.3,366.88,1119.74,868.48,124.96,3349.82,1206.76,3318.62,,2052.16,8523.11,203.97
2023-09-20,2468.11,810.61,4974.08,3138.66,1025.63,5014.09,1551.61,745.53,133.9,898.14,1216.28,236.28,1109.36,3359.92,100.0,1922.59,1182.98,761.03,644.22,472.11,2353.91,971.23,2397.85,1385.12,399.38,229.29,778.54,357.09,2840.96,1609.19,10140.18,552.56,1101.7,226.05,162.24,184.78,1182.32,1338.38,579.55,367.92,1125.11,857.39,122.9,3349.73,1192.31,3285.98,,2058.4,8355.32,201.16
2023-09-21,2477.05,823.54,4987.74,3167.81,1012.8,4919.52,1524.49,740.11,132.29,905.29,1183.61,233.08,1119.92,3354.7,99.15,1889.77,1168.89,755.99,640.3,473.35,2360.12,943.83,2383.12,1395.81,394.58,227.3,770.23,350.35,2850.15,1559.21,10078.98,554.65,1094.58,223.43,160.95,182.03,1173.71,1327.43,567.06,364.54,1118.28,858.67,122.42,3330.45,1208.5,3283.84,,2055.01,8212.48,200.62
2023-09-22,2462.72,819.53,4957.44,3197.74,1016.6,4838.12,1541.98,738.84,133.07,898.83,1163.5,235.49,1090.0,3328.92,99.9,1890.21,1164.96,744.46,645.46,472.65,2368.8,934.97,2351.58,1390.6,390.7,227.45,765.97,350.5,2868.98,1582.75,10324.82,541.69,1094.53,222.5,159.57,179.82,1168.82,1312.16,576.7,362.75,1104.81,865.33,121.42,3347.5,1221.31,3254.03,,2062.7,8087.87,195.73
2023-09-25,2479.9,818.14,5064.24,3245.0,1017.29,4842.37,1575.64,773.31,133.61,897.85,1157.07,239.39,1074.53,3306.66,98.45,1917.79,1155.58,745.12,638.16,463.28,2362.5,940.93,2374.79,1370.16,390.26,229.39,771.76,356.08,2853.25,1565.32,10376.81,554.55,1099.69,224.09,159.91,179.59,1161.63,1287.59,572.75,373.22,1096.71,887.85,122.04,3322.88,1215.79,3263.42,,2153.71,8106.44,193.68
2023-09-26,2455.77,813.88,5021.17,3215.26,1012.5,4904.05,1565.95,778.33,134.63,900.12,1141.67,238.31,1080.26,3390.14,99.9,1935.74,1153.75,748.35,640.3,465.4,2365.46,933.4,2400.39,1357.61,390.13,230.04,771.51,352.03,2863.13,1570.98,10345.89,564.42,1117.51,224.6,161.85,179.09,1162.64,1283.16,573.09,361.53,1098.47,882.53,123.47,3330.82,1199.75,3242.2,,2147.61,8128.86,193.11
2023-09-27,2481.1,823.15,5072.49,3224.05,1023.53,4868.98,1564.0,775.06,133.61,907.56,1158.2,242.3,1085.93,3397.51,100.1,1909.14,1153.43,743.1,644.22,468.8,2387.22,927.89,2384.12,1363.51,396.03,227.0,771.46,352.24,2914.74,1565.07,10467.52,571.95,1111.07,223.76,161.42,180.0,1175.75,1294.4,568.61,363.03,1112.23,876.27,122.76,3334.17,1205.69,3194.45,,2110.57,8162.25,194.4
2023-09-28,2473.06,815.62,4987.79,3095.7,1029.23,4843.49,1537.98,765.31,132.09,912.89,1142.06,241.18,1072.63,3359.0,99.95,1884.82,1135.87,741.56,630.81,460.81,2347.71,927.4,2338.4,1337.9,388.63,224.7,760.08,345.86,2958.93,1532.43,10354.42,567.96,1094.82,221.66,161.6,181.26,1158.48,1282.86,568.8,359.01,1104.76,864.09,121.46,3285.35,1150.35,3137.51,,2061.35,8055.22,189.58
2023-09-29,2411.76,817.65,5104.68,3086.62,1035.02,4898.73,1538.53,772.41,135.27,913.63,1163.75,245.34,1103.82,3365.54,101.5,1920.32,1129.38,742.83,633.49,486.28,2352.72,936.55,2377.18,1334.19,391.84,230.84,771.46,346.36,2972.25,1530.66,10398.77,565.77,1093.28,229.6,165.39,180.36,1163.89,1298.78,577.09,368.2,1130.47,864.49,123.47,3277.78,1144.08,3129.11,,2076.92,8154.5,189.91
2023-10-03,2385.13,823.84,5086.0,3092.28,1039.36,4853.01,1559.31,787.92,136.15,912.54,1160.46,242.59,1079.07,3272.24,105.3,1899.6,1132.95,733.95,629.66,473.74,2355.87,925.14,2415.67,1332.84,387.74,231.04,762.21,344.63,3021.1,1514.06,10140.33,590.5,1083.97,225.54,159.14,180.18,1150.56,1285.89,581.33,368.7,1113.69,859.56,122.61,3264.08,1137.9,3176.27,,2055.91,8203.94,189.63
2023-10-04,2462.77,817.1,5014.91,3095.26,993.93,4758.35,1530.84,776.69,135.81,911.51,1145.01,239.31,1070.39,3320.57,100.75,1874.29,1133.72,744.41,621.66,467.27,2393.04,915.05,2380.98,1342.46,384.53,224.3,748.7,343.64,2976.38,1498.99,9927.61,568.56,1116.57,219.88,157.54,179.68,1148.57,1264.11,565.23,355.01,1096.47,852.51,120.03,3286.28,1127.42,3146.85,,2019.16,8022.13,189.37
2023-10-05,2464.16,817.7,5014.57,3130.75,1001.62,4847.79,1540.83,776.38,135.91,916.04,1139.17,240.47,1068.31,3362.27,105.4,1868.66,1129.97,747.43,620.52,464.46,2404.2,925.68,2469.23,1360.21,384.48,225.05,747.61,346.07,3043.52,1514.6,10006.31,560.88,1113.29,218.66,157.07,177.51,1148.55,1267.99,570.92,352.49,1091.88,848.03,119.98,3334.22,1127.98,3196.39,,2044.42,8078.04,190.26
2023-10-06,2475.9,823.2,5027.68,3120.5,999.32,4851.22,1632.82,807.79,135.95,913.28,1141.03,239.19,1071.8,3368.91,104.45,1881.66,1132.03,746.6,627.03,466.49,2384.97,929.96,2531.22,1374.38,389.86,224.75,757.21,348.0,3041.21,1525.34,10096.38,559.09,1112.97,220.25,156.42,177.92,1150.48,1276.44,572.94,354.67,1099.88,862.37,120.6,3363.99,1138.56,3289.06,,2068.89,8095.82,190.75
2023-10-09,2440.44,782.87,5014.81,3078.56,994.63,4844.16,1619.74,793.86,132.78,911.8,1137.6,239.19,1085.62,3364.22,103.9,1867.52,1142.92,737.94,611.38,463.72,2396.33,923.46,2469.33,1371.36,388.36,219.31,749.64,343.09,3022.53,1492.2,10040.27,566.96,1111.5,219.46,156.64,177.2,1140.68,1270.77,564.12,349.31,1095.74,868.19,118.64,3379.73,1134.58,3247.07,,2075.83,8011.51,189.7
2023-10-10,2496.09,812.05,5034.09,3077.29,1010.61,4873.38,1631.28,799.39,136.88,935.28,1133.23,252.03,1082.39,3377.06,106.05,1897.08,1154.07,742.12,617.44,474.43,2401.0,935.86,2506.06,1389.67,391.84,219.81,763.84,350.43,3023.81,1514.5,10167.87,553.4,1115.68,220.58,158.19,178.73,1145.72,1295.45,570.44,363.11,1099.1,876.17,120.03,3370.95,1148.71,3248.76,,2047.62,8059.12,190.71
2023-10-11,2486.39,807.44,5060.07,3089.4,1017.44,4899.4,1634.72,801.2,134.73,942.43,1149.81,250.86,1099.99,3404.25,109.0,1957.59,1139.26,749.3,617.69,477.64,2439.36,937.73,2528.88,1388.98,395.24,224.75,769.14,353.48,3036.29,1532.67,10204.23,572.3,1127.05,223.2,157.98,179.23,1163.91,1302.71,567.26,364.22,1101.3,875.83,119.69,3353.3,1152.31,3259.99,,2098.04,8241.57,196.97
2023-10-12,2504.13,807.54,4961.71,3084.71,1016.8,4940.23,1632.97,792.54,135.17,937.25,1136.03,255.31,1092.6,3411.67,109.85,1979.04,1119.27,754.29,620.82,478.13,2439.94,938.86,2577.74,1362.12,397.4,224.8,775.27,351.98,3029.46,1542.87,10369.66,579.23,1120.89,225.91,159.01,181.26,1166.07,1306.99,565.04,360.28,1102.91,879.72,120.6,3290.74,1121.58,3264.46,,2073.98,8250.22,195.08
2023-10-13,2452.38,806.35,4985.01,3074.65,992.44,4887.79,1644.71,796.23,134.44,941.04,1145.69,255.93,1078.77,3394.29,111.0,1960.06,1148.68,747.43,621.41,474.38,2451.82,935.96,2603.1,1330.19,395.33,224.2,769.14,351.61,3037.18,1538.73,10513.38,581.12,1144.16,226.33,159.4,182.21,1166.02,1309.77,555.49,360.83,1117.45,900.42,119.79,3317.03,1117.22,3263.22,,2081.57,8267.26,192.25
2023-10-16,2427.2,798.32,4989.38,3038.77,1003.17,4911.3,1640.52,794.68,134.39,933.5,1142.41,259.3,1085.27,3404.25,111.5,1951.26,1162.17,744.43,626.18,477.15,2441.18,936.06,2589.17,1332.98,395.86,224.45,782.45,349.16,3049.27,1550.65,10490.79,574.79,1122.51,227.64,160.82,183.34,1163.41,1315.49,555.01,358.26,1107.69,895.74,121.65,3273.56,1108.34,3280.76,,2104.38,8191.39,191.85
2023-10-17,2426.25,797.78,4996.43,3040.23,1006.41,4973.75,1655.8,800.32,135.51,940.5,1151.33,263.79,1095.35,3418.16,113.85,1952.0,1168.11,750.08,637.86,478.08,2439.12,938.52,2594.96,1340.69,399.82,220.61,781.9,353.51,3014.27,1552.67,10536.17,572.25,1133.04,229.98,160.56,187.04,1168.97,1341.51,555.78,362.27,1109.15,895.0,122.04,3257.77,1120.5,3287.77,,2075.78,8200.48,192.41
2023-10-18,2404.22,791.34,4945.22,3023.54,991.24,4969.98,1626.38,777.93,134.05,939.71,1187.73,263.41,1121.69,3413.53,113.2,1933.46,1161.07,739.64,641.04,478.77,2431.59,928.53,2567.21,1338.93,398.24,215.66,776.21,349.89,2993.92,1550.94,10573.07,576.24,1130.01,226.28,161.16,186.45,1153.46,1349.47,552.12,358.0,1125.35,883.02,121.75,3239.37,1110.68,3262.23,,2045.77,8177.66,190.57
2023-10-19,2400.07,785.64,4964.89,3028.76,989.79,5303.98,1632.92,775.45,134.0,929.95,1200.19,261.63,1112.49,3418.51,111.65,1953.24,1159.15,737.3,635.08,473.74,2431.44,920.66,2523.24,1332.51,397.13,213.87,772.3,346.91,3002.57,1545.72,10556.65,578.23,1172.24,223.95,160.6,185.82,1144.6,1341.31,550.72,360.43,1113.74,882.73,120.7,3218.32,1096.69,3264.11,,2057.4,8414.99,184.88
2023-10-20,2391.63,786.43,4945.51,3032.72,978.76,5310.46,1633.22,768.3,131.26,932.17,1177.53,259.63,1100.32,3398.69,113.35,1924.22,1162.15,741.12,636.02,465.65,2380.92,917.71,2434.94,1326.56,386.47,213.87,761.37,353.13,2961.24,1534.59,10511.52,582.37,1179.4,225.35,160.52,183.16,1141.1,1355.74,542.91,360.01,1114.42,886.23,117.92,3254.55,1095.33,3245.78,,2032.99,8358.19,183.27
2023-10-23,2306.6,764.44,4937.57,2999.66,962.73,5229.29,1611.35,771.24,129.79,926.35,1161.44,254.4,1096.9,3364.95,108.9,1881.12,1141.88,732.97,621.41,450.79,2369.8,914.95,2386.92,1309.28,384.35,206.28,741.13,347.37,2908.1,1541.39,10342.95,576.19,1175.42,221.19,159.35,180.36,1123.29,1331.61,533.13,360.65,1095.15,870.6,114.95,3175.95,1081.53,3199.62,,1988.86,8224.04,179.2
2023-10-25,2255.0,762.11,4828.62,2988.73,953.9,5173.08,1609.65,760.91,128.33,909.88,1135.59,257.89,1089.37,3304.46,108.25,1856.1,1134.82,728.33,612.67,455.23,2363.88,901.33,2424.85,1289.88,381.53,209.82,740.49,344.83,2866.62,1545.28,10377.45,567.46,1178.57,216.98,158.92,180.13,1120.68,1307.48,536.26,348.4,1093.05,877.4,116.24,3157.28,1068.62,3167.92,,1990.16,8155.98,178.59
2023-10-26,2201.25,763.35,4729.66,2890.59,970.47,5088.0,1558.26,733.94,126.03,893.02,1129.11,253.69,1071.21,3248.22,106.45,1828.52,1137.41,712.22,602.13,450.74,2363.03,894.0,2408.13,1279.9,382.98,215.51,721.09,338.21,2815.99,1483.24,10216.04,547.47,1143.74,216.61,155.95,179.64,1105.07,1298.98,527.39,344.84,1076.86,867.89,114.85,3107.59,1043.64,3081.41,,2027.95,8105.55,176.91
2023-10-27,2259.7,775.29,4799.11,2885.56,1001.12,5198.48,1564.65,742.39,129.3,901.99,1152.07,260.92,1066.34,3314.67,105.65,1834.9,1171.48,715.01,604.92,450.25,2368.42,898.03,2467.08,1299.58,382.45,222.55,724.36,339.78,2852.66,1487.86,10349.86,562.18,1168.58,221.23,159.27,181.44,1124.58,1296.29,541.03,371.24,1084.27,878.49,114.85,3120.81,1048.41,3101.19,,2118.81,8110.34,178.83
2023-10-30,2297.06,777.86,4810.59,2897.23,987.59,5135.94,1559.36,741.98,129.06,913.48,1170.91,261.42,1056.08,3278.35,107.7,1857.44,1167.83,722.78,603.87,450.74,2365.41,909.98,2490.84,1296.47,379.54,218.66,726.83,342.73,2876.7,1475.06,10190.12,574.49,1174.15,219.36,162.76,181.35,1147.75,1319.47,544.94,362.99,1088.08,880.9,114.14,3146.52,1054.35,3096.97,,2116.46,8299.46,178.66
2023-10-31,2292.62,777.61,4788.88,2925.16,980.26,5140.92,1567.8,740.95,130.33,901.79,1177.33,261.17,1060.46,3217.71,105.1,1865.25,1178.22,718.59,614.56,453.55,2370.28,900.59,2449.71,1288.33,377.74,218.66,728.66,347.1,2879.35,1436.46,10184.83,572.1,1177.22,220.49,160.48,182.53,1135.55,1360.91,545.27,360.62,1062.13,887.75,113.75,3137.39,1060.2,3169.71,,2151.36,8319.86,178.57
2023-11-01,2215.34,762.11,4765.68,2865.45,970.22,5170.23,1571.09,738.9,129.5,900.86,1178.56,254.85,1056.3,3204.73,103.7,1847.3,1162.48,717.62,616.25,456.71,2359.07,899.31,2414.72,1274.91,377.47,217.31,716.89,344.11,2846.17,1432.52,10023.56,574.79,1166.37,217.49,160.95,181.44,1140.26,1329.27,546.09,364.92,1089.05,890.37,111.69,3101.91,1052.67,3153.56,,2194.24,8279.56,178.17
2023-11-02,2213.34,767.26,4855.55,2885.81,981.35,5145.13,1573.84,736.64,131.8,911.11,1185.67,256.68,1054.73,3259.45,107.55,1876.17,1175.82,718.71,615.5,468.06,2390.35,905.11,2486.7,1289.98,380.16,217.01,725.7,346.76,2868.59,1447.39,10097.9,579.73,1178.05,219.97,160.52,183.38,1151.58,1336.69,551.59,375.01,1105.3,898.35,113.13,3129.34,1054.94,3181.48,,2186.45,8356.16,179.43
2023-11-03,2227.87,788.17,5120.03,2912.81,987.24,5194.03,1534.43,732.93,132.97,917.92,1183.56,259.3,1039.82,3347.03,116.5,1874.64,1169.22,722.12,618.28,469.05,2411.93,918.74,2504.97,1307.77,382.01,218.71,738.26,345.87,2861.85,1446.7,10071.14,576.49,1172.54,221.25,163.79,184.56,1151.33,1322.61,557.42,386.27,1113.35,900.77,112.36,3120.77,1071.58,3254.03,,2193.09,8418.99,179.39
2023-11-06,2244.01,795.2,5131.71,2963.13,1007.76,5230.69,1562.65,747.81,134.63,926.25,1181.36,263.08,1054.65,3428.03,123.3,1896.88,1172.4,727.35,617.98,475.71,2400.54,930.2,2554.98,1321.19,383.86,216.81,746.13,347.26,2924.96,1465.71,10079.52,592.29,1186.73,222.66,166.64,187.99,1160.91,1325.09,553.76,385.87,1122.03,905.65,114.37,3148.1,1080.14,3246.62,,2229.74,8535.9,179.9
2023-11-07,2231.37,790.3,5103.79,2967.09,1019.24,5242.45,1568.05,741.24,135.03,924.23,1193.47,261.17,1067.74,3426.17,121.3,1899.7,1176.33,723.82,618.63,478.28,2399.63,932.81,2581.19,1322.13,381.53,216.86,740.79,349.46,2911.05,1457.29,10048.6,595.73,1190.64,225.78,166.55,187.81,1153.36,1334.05,558.96,385.04,1142.47,909.0,114.61,3138.98,1086.62,3249.75,,2420.24,8580.16,179.27
2023-11-08,2257.95,811.26,5078.06,3027.64,1020.04,5221.75,1573.74,737.72,137.32,923.84,1217.56,263.79,1077.46,3466.45,125.15,1911.86,1170.51,725.92,614.95,481.74,2421.64,920.66,2573.0,1309.61,385.28,213.82,748.8,348.47,2945.61,1464.82,10116.22,588.9,1186.34,223.47,168.41,186.9,1159.37,1338.68,559.49,383.57,1148.08,903.33,114.04,3149.31,1077.3,3291.14,,2449.05,8593.1,178.76
2023-11-09,2212.69,798.87,5263.5,3012.92,1020.24,5242.35,1580.48,730.47,134.93,919.5,1214.76,268.9,1078.32,3458.24,121.85,1913.0,1170.37,723.04,617.54,478.18,2380.65,922.23,2576.05,1294.35,383.03,214.82,743.01,348.21,2973.53,1528.49,10192.71,591.54,1183.66,224.65,166.12,189.43,1146.79,1343.85,557.61,376.55,1147.6,890.07,114.61,3117.56,1062.93,3263.22,,2474.21,8522.17,178.12
2023-11-10,2203.15,801.25,5244.53,3009.25,1027.53,5216.38,1594.22,736.22,135.76,922.6,1216.68,268.77,1071.8,3457.12,121.3,1920.91,1159.24,725.89,622.9,475.07,2390.11,923.46,2497.53,1288.75,384.92,221.6,746.87,348.31,2981.78,1500.96,10181.39,591.19,1179.29,229.18,168.88,190.65,1148.95,1348.52,558.72,378.26,1150.67,899.78,115.0,3104.52,1076.36,3235.99,,2485.49,8604.95,177.4
2023-11-13,2211.69,802.49,5187.05,3018.2,1023.68,5248.45,1583.43,727.92,140.26,922.11,1217.12,290.34,1070.8,3559.3,122.2,1906.92,1164.37,724.58,617.24,481.19,2382.04,919.38,2536.41,1293.18,384.44,224.4,753.16,348.86,2996.77,1516.87,10190.8,591.04,1176.78,231.96,168.79,191.69,1148.8,1321.61,560.51,381.28,1149.16,903.58,115.91,3102.75,1069.93,3244.34,,2555.08,8571.91,178.5
2023-11-15,2223.43,803.38,5191.32,3048.13,1039.66,5356.31,1585.28,714.41,139.92,936.9,1218.3,291.38,1070.82,3757.41,120.25,1921.85,1178.82,732.17,632.25,498.86,2389.97,925.92,2539.06,1327.96,389.68,223.8,764.78,353.11,3012.95,1520.71,10247.3,597.43,1181.09,233.47,171.98,189.75,1169.57,1350.22,563.74,394.44,1152.18,916.44,118.83,3170.5,1110.02,3275.34,,2549.19,8660.32,183.18
2023-11-16,2203.95,806.2,5304.39,3061.93,1024.68,5370.05,1618.84,728.07,139.48,936.46,1211.48,287.39,1095.38,3746.13,121.85,1920.51,1210.58,734.09,631.05,497.78,2394.58,920.91,2562.87,1360.35,386.77,226.6,761.12,353.77,2999.38,1545.67,10275.18,613.63,1176.64,238.24,173.97,190.72,1171.68,1353.05,563.69,394.44,1160.62,907.03,119.45,3257.63,1141.66,3315.09,,2540.75,8668.37,185.72
2023-11-17,2206.84,802.68,5443.69,3099.68,992.73,5448.03,1614.09,714.09,142.9,934.24,1225.8,286.93,1108.67,3774.01,122.2,1948.15,1208.83,732.51,647.8,491.31,2430.72,906.98,2602.15,1353.43,387.3,220.46,760.78,352.13,3056.25,1560.5,10313.41,606.0,1190.81,237.53,169.27,192.83,1169.12,1406.78,542.86,386.51,1165.55,917.67,119.93,3261.91,1137.45,3317.98,,2572.41,8684.08,184.93
2023-11-20,2147.95,796.29,5438.72,3071.76,987.09,5466.07,1592.02,699.02,140.7,948.15,1223.54,289.01,1107.21,3755.6,118.15,1949.88,1223.83,732.56,648.4,490.87,2409.24,906.59,2626.81,1352.54,385.14,215.16,753.9,353.31,3036.39,1528.64,10355.3,619.76,1187.37,237.01,170.56,192.65,1166.04,1378.27,543.54,385.38,1159.11,917.67,119.12,3277.88,1146.01,3324.93,,2618.68,8556.2,187.17
2023-11-21,2194.7,794.06,5431.62,3064.81,990.19,5500.7,1608.6,702.43,139.72,957.47,1229.58,290.49,1115.57,3753.4,116.5,1954.97,1224.94,738.76,663.8,500.29,2408.09,911.16,2621.42,1354.8,384.66,219.86,767.7,352.65,3022.68,1536.07,10324.82,602.56,1190.83,236.02,169.76,192.33,1180.71,1416.43,541.37,387.49,1172.18,914.57,120.94,3269.13,1139.1,3373.23,,2609.7,8602.48,187.39
2023-11-22,2170.72,784.7,5496.4,3064.57,996.48,5564.16,1622.09,704.92,138.74,956.38,1247.48,288.71,1119.14,3743.25,115.3,1951.65,1227.8,736.14,664.4,493.78,2424.09,907.87,2599.96,1372.5,387.7,221.55,760.43,348.35,3030.0,1520.02,10285.03,614.83,1189.73,239.47,169.58,194.77,1185.33,1422.85,538.91,383.08,1174.82,915.11,120.79,3287.71,1149.41,3408.41,,2623.08,8653.41,187.2
2023-11-23,2173.32,785.89,5458.59,3054.74,997.43,5732.21,1622.14,699.52,136.3,963.19,1148.54,290.7,1115.21,3792.07,112.95,1934.65,1227.16,740.4,660.92,495.46,2422.17,908.11,2601.65,1364.45,388.27,220.91,767.46,347.08,2993.97,1522.38,10279.1,614.38,1191.8,238.62,169.27,194.12,1188.95,1403.79,539.87,382.64,1169.65,919.79,121.37,3267.31,1145.16,3387.09,,2650.93,8500.64,188.25
2023-11-24,2223.48,788.32,5366.54,3067.65,1006.86,5737.09,1615.44,694.29,137.28,959.73,1176.01,289.27,1115.51,3758.14,113.25,1927.24,1208.83,745.65,663.9,501.23,2417.65,914.41,2564.02,1353.29,386.03,226.15,773.89,348.02,3002.43,1529.62,10305.71,610.99,1179.37,239.7,167.68,193.71,1188.16,1402.55,540.26,377.34,1166.38,913.78,120.65,3219.68,1132.82,3375.71,,2645.59,8452.18,185.21
2023-11-28,2421.35,830.08,5332.26,3079.58,1019.49,5802.73,1652.55,704.85,138.2,971.32,1169.78,297.22,1121.37,3736.32,113.8,1953.43,1215.75,743.97,669.17,508.93,2413.18,910.57,2637.99,1358.28,383.78,226.0,774.18,347.67,2998.25,1542.28,10327.17,599.92,1183.27,243.15,172.2,193.48,1188.4,1405.29,544.21,380.87,1162.38,918.66,121.51,3231.83,1137.12,3420.88,,2667.61,8620.41,185.61
2023-11-29,2394.48,827.95,5387.05,3079.58,1058.43,5872.19,1651.65,705.1,137.91,981.68,1178.85,297.57,1129.18,3722.21,116.6,1980.47,1231.73,758.82,671.5,510.75,2427.12,924.45,2685.01,1374.19,385.5,225.7,784.97,349.9,3031.43,1594.52,10387.64,611.49,1175.88,243.95,170.47,194.26,1191.53,1400.71,548.21,382.55,1172.96,920.34,122.37,3272.43,1155.37,3407.86,,2672.25,8626.59,190.0
2023-11-30,2356.46,817.99,5493.37,3051.75,1072.5,5892.12,1671.63,704.29,142.7,1000.71,1189.4,297.4,1143.56,3804.86,118.55,1982.65,1238.15,758.65,686.51,508.98,2446.83,919.87,2700.79,1370.0,384.26,229.04,792.74,350.3,3056.44,1622.74,10396.91,633.97,1184.12,246.69,173.09,192.33,1179.99,1427.97,544.5,388.91,1196.04,927.43,122.52,3248.08,1154.66,3468.78,,2782.68,8894.19,193.18
2023-12-01,2360.61,820.27,5555.17,3104.08,1102.86,5849.07,1684.07,717.88,144.22,1000.71,1182.93,301.31,1135.91,3799.29,116.3,1993.13,1234.27,756.99,677.96,510.51,2464.22,931.43,2740.32,1367.32,396.61,225.15,802.34,349.31,3136.51,1600.82,10374.36,650.47,1189.13,253.91,172.74,193.48,1188.35,1416.43,551.25,388.15,1201.31,929.51,124.53,3270.48,1154.28,3467.68,,2803.35,8924.03,190.66
2023-12-04,2528.96,870.66,5586.36,3124.77,1123.77,5999.65,1694.35,732.54,150.19,1018.66,1193.52,308.31,1137.21,4081.61,117.4,2029.61,1235.42,783.27,670.81,512.53,2501.37,975.21,2815.49,1378.66,400.35,229.74,811.05,362.89,3257.33,1631.7,10387.84,689.41,1192.27,259.44,179.4,195.96,1201.21,1446.62,573.38,405.82,1201.21,933.25,125.49,3271.22,1157.45,3466.59,,2812.48,9204.47,190.57
2023-12-05,2956.73,1003.89,5544.29,3155.78,1130.61,5940.06,1690.81,726.82,148.67,1016.88,1201.32,309.04,1141.25,4038.8,116.75,2048.79,1216.58,790.23,668.62,513.91,2463.84,997.11,2831.32,1368.87,398.33,242.12,813.12,364.87,3259.19,1660.45,10507.85,681.08,1202.34,269.49,179.4,204.61,1209.92,1453.54,586.44,401.07,1209.4,936.6,126.06,3289.06,1154.33,3523.13,,2870.29,9216.33,189.12
2023-12-06,2881.39,1008.69,5507.42,3181.5,1118.68,5872.19,1698.45,734.47,152.73,1010.33,1182.44,306.09,1132.14,3951.41,118.9,2034.35,1227.66,792.23,673.19,516.23,2468.07,987.07,2867.3,1388.03,408.47,246.67,816.09,363.46,3334.74,1676.56,10413.61,654.41,1219.9,265.38,179.31,206.55,1221.51,1443.34,586.64,398.31,1210.19,938.23,126.3,3356.58,1158.68,3524.72,,2863.4,9101.0,195.85
2023-12-07,2884.59,1030.2,5426.25,3180.77,1116.03,5895.07,1702.15,730.92,156.84,986.21,1199.7,305.92,1142.96,3994.38,121.7,2058.08,1226.23,793.52,674.14,509.37,2420.58,982.89,2873.49,1380.12,403.92,248.76,810.6,364.55,3298.66,1666.95,10483.1,666.92,1220.23,267.93,176.6,211.7,1219.5,1448.37,589.77,394.26,1209.16,943.36,124.53,3366.64,1156.84,3562.98,,2840.79,9240.83,195.62
2023-12-08,2819.65,1013.65,5519.6,3161.4,1129.36,5877.75,1708.24,722.65,155.27,986.46,1196.07,305.09,1138.77,3959.23,119.95,2046.51,1259.57,804.59,667.13,513.62,2424.48,994.55,2893.06,1403.9,396.03,243.87,830.59,366.86,3321.13,1643.22,10406.56,676.25,1211.16,269.11,173.98,210.41,1218.85,1457.77,592.13,393.64,1205.75,933.2,123.76,3377.63,1158.78,3611.93,,2836.89,9299.11,197.65
2023-12-11,2853.27,1022.52,5511.65,3162.38,1114.69,5938.41,1700.9,721.18,157.72,987.05,1179.59,307.39,1081.4,3930.57,118.45,2060.35,1269.91,803.52,668.37,515.64,2406.55,1000.7,2920.61,1401.4,398.94,245.22,836.28,367.98,3328.35,1627.12,10331.29,685.12,1223.57,271.24,175.62,212.58,1220.64,1453.19,592.23,396.64,1211.21,937.0,124.58,3392.71,1166.34,3607.8,,2876.93,9553.33,196.72
2023-12-12,2855.12,1032.48,5394.01,3154.31,1129.16,6050.44,1704.84,723.34,157.28,981.53,1176.01,302.05,1094.6,3858.41,116.75,2057.09,1269.91,795.54,703.01,520.63,2405.69,999.32,2921.51,1389.68,399.52,240.18,844.94,364.05,3285.69,1610.57,10132.0,697.49,1218.86,267.55,173.49,212.94,1203.12,1473.94,590.44,386.6,1188.38,935.32,124.62,3419.91,1159.58,3549.07,,2879.08,9743.59,197.46
2023-12-13,2872.5,1053.83,5391.82,3172.8,1113.04,6110.32,1682.67,717.75,159.28,986.11,1193.52,300.05,1106.12,3937.5,120.0,2060.26,1264.28,793.74,693.92,525.96,2414.48,997.55,2976.12,1364.21,401.76,239.38,842.51,364.42,3342.11,1640.86,10172.82,720.82,1223.61,277.61,171.49,218.1,1208.03,1459.36,597.63,386.61,1203.11,943.75,125.87,3346.75,1150.08,3579.83,,2958.85,9620.75,196.27
2023-12-14,2891.49,1064.93,5480.4,3170.55,1118.63,6128.46,1729.02,739.13,160.41,991.34,1181.9,302.13,1101.12,3989.64,124.15,2079.98,1306.2,803.1,680.35,536.07,2418.76,1016.98,2975.17,1413.59,405.69,238.23,838.56,369.94,3374.85,1677.69,10146.51,702.32,1211.34,278.88,173.98,213.63,1223.02,1462.39,601.29,410.44,1201.36,937.0,126.44,3415.39,1196.04,3568.95,,2980.12,9842.18,203.17
2023-12-15,2989.15,1068.74,5515.47,3241.51,1118.53,6070.75,1731.21,743.17,165.35,978.87,1184.3,304.22,1104.31,3964.01,123.6,2103.51,1377.02,806.22,668.97,550.04,2425.05,1020.67,2909.48,1486.04,404.01,237.28,858.15,369.29,3428.82,1698.76,10081.04,686.22,1190.49,288.04,178.51,218.47,1238.63,1445.13,625.01,402.57,1205.7,941.19,130.71,3595.84,1235.19,3578.04,,2985.11,9907.52,208.85
2023-12-18,2977.96,1084.35,5463.26,3259.27,1109.54,6255.05,1722.67,750.34,168.92,976.6,1193.82,302.18,1104.62,3989.01,128.55,2085.76,1389.02,805.81,668.12,559.07,2437.16,1004.98,2970.53,1472.81,398.24,239.78,845.98,368.56,3432.36,1684.83,10113.58,679.34,1189.89,286.25,176.69,213.4,1251.24,1439.61,625.25,396.82,1222.28,936.26,130.85,3594.16,1221.62,3596.97,,2966.84,9849.14,208.24
2023-12-19,2938.64,1064.23,5519.74,3263.18,1118.43,6209.87,1707.84,754.79,169.26,974.82,1213.73,318.95,1113.79,3944.24,130.25,2094.17,1374.25,804.44,661.96,557.54,2461.39,999.07,2979.61,1467.12,402.16,237.93,849.74,368.48,3439.58,1673.55,10029.29,662.09,1245.37,292.34,177.84,214.97,1269.65,1417.32,631.9,399.06,1214.67,952.48,129.7,3554.11,1211.88,3587.88,,2996.15,9895.32,205.18
2023-12-20,2781.38,1002.95,5367.43,3225.13,1108.45,6157.1,1679.02,741.08,163.59,958.16,1212.85,306.09,1102.27,3819.99,124.75,2040.09,1329.6,806.44,640.15,541.11,2458.31,990.42,2854.53,1446.5,397.66,231.74,833.46,364.48,3360.5,1621.95,9879.99,648.38,1226.22,281.01,180.42,209.08,1254.29,1402.1,613.63,387.27,1202.18,962.48,124.29,3520.45,1180.81,3531.88,,2944.38,9767.25,202.02
2023-12-21,2797.27,1009.68,5440.61,3230.8,1093.62,6042.84,1664.99,728.54,166.91,964.42,1198.77,309.0,1097.4,3864.47,127.35,2061.89,1313.08,820.89,640.25,549.05,2454.18,988.2,2877.84,1446.12,398.06,237.63,833.11,369.71,3366.05,1609.05,9812.95,647.98,1227.1,285.07,179.93,213.86,1271.86,1396.63,620.67,390.78,1203.5,965.44,125.49,3527.38,1182.23,3557.62,,2950.62,9833.43,202.98
2023-12-22,2805.86,1018.16,5505.74,3268.32,1086.53,6164.5,1670.18,721.43,170.97,975.91,1212.26,315.74,1111.86,3911.43,128.5,2022.93,1350.61,813.18,635.92,563.07,2475.71,978.26,2866.56,1471.45,401.37,236.38,846.37,371.26,3418.94,1609.44,10013.17,647.03,1239.45,285.87,181.08,213.31,1273.1,1387.23,613.92,398.26,1213.4,978.75,127.93,3561.38,1205.92,3604.67,,2960.9,9847.81,216.38
2023-12-26,2862.91,1019.4,5596.9,3309.45,1092.47,6253.93,1643.46,708.28,177.96,986.07,1221.43,318.17,1112.74,3944.97,125.0,2046.02,1346.41,818.82,634.08,572.35,2484.5,979.05,2916.17,1453.61,402.47,234.33,843.4,376.52,3430.83,1637.02,10065.6,672.91,1248.9,292.29,184.1,214.79,1279.55,1388.22,615.17,394.44,1217.16,993.09,129.51,3534.88,1212.4,3633.84,,2965.39,9896.85,219.87
2023-12-27,2840.83,1015.09,5650.85,3330.09,1104.55,6491.05,1667.58,715.25,176.25,1007.12,1216.33,317.78,1129.01,4022.69,127.05,2100.64,1359.24,828.97,639.85,597.76,2507.14,986.09,2922.56,1475.4,403.04,233.64,866.76,379.62,3483.87,1662.33,10083.1,675.95,1256.64,288.94,182.5,215.43,1283.92,1414.14,625.3,397.19,1221.99,1012.22,131.43,3549.46,1210.65,3666.18,,3006.08,10309.23,220.26
2023-12-28,2807.41,1007.7,5723.42,3323.04,1106.05,6484.91,1679.32,717.81,178.7,1022.41,1236.99,331.12,1157.47,3995.25,123.2,2115.62,1359.61,829.92,644.12,606.35,2531.65,989.68,2922.06,1471.21,409.21,232.99,871.61,383.41,3458.36,1708.12,10066.53,682.83,1282.51,296.35,184.95,220.08,1293.2,1428.02,628.05,396.36,1231.45,1026.27,132.34,3538.93,1216.13,3691.87,,3021.31,10299.55,219.56
2023-12-29,2846.43,1015.04,5667.39,3328.08,1100.51,6575.8,1683.92,724.64,180.16,1017.97,1222.76,326.82,1145.49,4045.64,123.7,2110.53,1353.75,831.87,642.73,606.89,2560.63,980.53,2962.09,1452.62,407.45,232.59,871.06,380.76,3466.17,1703.15,10096.67,684.27,1298.65,293.75,182.06,218.33,1282.98,1425.33,619.03,397.84,1228.82,1071.42,133.72,3532.88,1203.55,3652.47,,3050.21,10375.37,220.43
2024-01-01,2914.61,1038.32,5713.04,3321.92,1095.92,6482.78,1674.53,721.81,180.9,999.08,1227.37,331.86,1150.18,3942.97,124.5,2103.11,1370.05,826.44,644.72,602.5,2551.79,983.28,2973.48,1460.57,412.7,234.18,868.44,380.97,3465.63,1677.44,10078.0,686.47,1337.35,292.43,182.33,219.3,1285.61,1424.84,618.36,396.98,1229.6,1064.81,133.96,3549.36,1226.72,3654.16,,2997.44,10336.79,223.16
2024-01-02,2929.8,1068.59,5709.37,3317.27,1091.47,6447.9,1684.32,734.76,178.16,1007.61,1257.34,341.29,1170.96,3800.56,128.7,2077.56,1356.94,826.93,641.54,609.02,2512.43,966.41,2920.76,1444.61,414.73,234.98,861.12,372.17,3379.76,1631.06,9994.16,675.9,1330.06,288.89,183.84,218.93,1296.26,1430.36,616.52,393.34,1264.68,1082.21,133.72,3523.38,1208.71,3675.13,,2990.56,10080.64,219.45
2024-01-03,3000.34,1084.3,5731.17,3299.91,1096.82,6758.88,1675.78,730.28,178.36,1020.93,1275.59,334.25,1171.96,3795.78,127.55,2048.64,1327.57,814.18,633.29,585.38,2505.46,968.18,2985.41,1402.81,420.81,234.13,828.91,372.34,3381.98,1630.12,9876.46,688.91,1301.34,289.08,184.9,218.19,1282.16,1415.48,620.38,404.97,1267.02,1069.59,129.65,3438.21,1176.65,3669.96,,3053.61,9988.62,213.23
2024-01-04,2995.64,1112.99,5725.11,3306.12,1121.58,6696.63,1700.05,762.0,182.81,1033.45,1272.16,334.43,1154.24,3769.81,129.75,2046.66,1311.14,822.91,643.97,582.86,2492.0,971.23,2990.8,1424.18,420.06,241.02,828.36,371.88,3400.01,1616.78,9815.35,735.63,1324.85,299.37,190.58,222.24,1288.79,1424.34,619.71,416.22,1281.02,1109.62,128.6,3414.97,1179.77,3696.44,,3063.09,9893.05,211.59
2024-01-05,3003.94,1143.75,5717.22,3282.26,1135.1,6751.14,1707.59,762.56,181.88,1032.17,1262.59,333.99,1152.95,3785.48,133.3,2055.86,1323.0,818.7,642.78,579.41,2518.44,977.67,2949.96,1442.87,417.9,243.27,820.74,368.69,3462.14,1617.07,9817.02,712.69,1302.74,297.34,192.18,222.06,1294.27,1446.77,618.93,420.92,1268.58,1107.06,128.02,3481.19,1180.53,3689.34,,3060.8,9894.29,213.55
2024-01-08,2960.87,1158.22,5645.43,3226.35,1120.18,6756.32,1694.45,765.02,179.58,1034.59,1247.73,330.64,1138.27,3792.51,132.85,2044.19,1336.95,809.58,641.89,570.18,2478.26,966.16,2947.27,1433.69,410.45,242.02,813.37,364.4,3441.69,1591.62,9748.12,702.42,1279.73,298.76,193.51,223.07,1284.17,1413.84,604.52,425.56,1273.56,1089.31,126.44,3425.68,1162.23,3682.88,,3039.83,9813.73,210.63
2024-01-09,3011.93,1186.21,5760.34,3196.13,1114.74,6862.78,1680.57,763.97,180.6,1049.82,1265.0,334.95,1135.99,3779.03,134.3,2040.58,1348.49,803.27,636.97,568.5,2479.7,963.95,3007.82,1439.81,409.61,241.77,812.83,364.51,3495.61,1605.16,9823.98,714.14,1266.69,301.87,192.36,223.02,1280.77,1442.0,602.98,420.04,1291.8,1095.92,128.02,3436.49,1168.56,3670.9,,3110.62,9778.76,210.82
2024-01-10,3095.45,1203.31,5763.56,3215.06,1105.2,6823.94,1669.98,759.53,181.53,1048.05,1304.09,332.08,1143.37,3751.79,134.65,2053.16,1377.76,805.93,640.99,572.55,2477.44,977.04,3076.95,1430.96,408.51,240.57,821.14,363.34,3485.34,1608.01,9810.35,732.09,1259.6,295.83,188.32,220.12,1315.31,1444.09,599.46,416.58,1292.63,1098.18,128.46,3458.05,1173.53,3691.23,,3168.68,9657.35,212.15
2024-01-11,3078.17,1192.01,5832.12,3216.38,1123.92,7061.05,1667.39,758.46,180.31,1048.2,1300.61,334.08,1124.66,3796.95,138.35,2068.2,1371.02,802.54,640.05,569.49,2437.84,975.17,3046.85,1406.77,407.94,251.16,813.47,363.75,3445.38,1603.93,9811.24,740.86,1249.39,295.4,188.1,222.7,1349.91,1420.56,597.96,441.72,1284.24,1103.41,129.22,3479.0,1181.57,3675.48,,3170.88,9799.85,209.62
2024-01-12,3101.35,1196.12,5758.4,3206.2,1118.53,7064.05,1650.05,757.6,179.48,1061.51,1283.29,331.25,1123.94,3779.43,139.55,2095.84,1422.73,798.75,633.69,574.52,2445.34,987.32,3067.42,1518.38,411.51,254.65,817.18,365.83,3508.25,1599.79,9766.69,735.33,1245.68,295.17,198.35,220.45,1360.65,1428.02,610.88,444.25,1293.7,1142.6,129.61,3616.14,1237.03,3702.7,,3207.17,9689.21,217.69
2024-01-15,3086.76,1192.16,5858.45,3202.39,1117.68,7064.05,1630.58,739.5,184.52,1087.2,1288.35,334.34,1142.59,3741.59,133.4,2085.37,1466.49,814.13,610.68,567.21,2473.4,993.56,3114.24,1555.43,412.3,266.33,816.54,369.47,3482.93,1610.72,9885.52,725.71,1244.68,299.56,207.32,221.96,1383.88,1422.8,617.15,444.25,1297.02,1134.51,129.22,3635.7,1265.03,3735.35,,3188.35,9833.53,231.33
2024-01-16,3053.79,1182.5,5866.55,3224.89,1117.28,7056.31,1621.69,737.39,182.71,1080.79,1277.75,331.95,1137.64,3702.73,133.55,2099.47,1436.25,817.22,607.5,572.05,2469.46,992.78,3046.45,1536.08,416.45,248.46,823.61,368.77,3512.87,1595.75,9980.24,716.13,1241.99,294.08,208.74,220.03,1364.53,1401.65,614.07,447.52,1281.51,1127.51,131.47,3596.12,1248.71,3796.42,,3161.19,9848.4,226.84
2024-01-17,2968.42,1156.24,5887.76,3171.48,1080.54,6932.48,1584.38,727.72,181.58,1070.29,1269.56,329.99,1116.26,3662.5,127.4,2052.47,1455.14,748.28,602.88,553.0,2463.5,965.92,3053.59,1544.22,411.42,242.17,804.17,355.13,3510.36,1573.45,9851.03,729.74,1242.5,292.01,206.03,220.17,1351.57,1413.94,603.56,443.32,1267.41,1122.48,126.11,3617.82,1254.72,3806.1,,3142.97,9734.85,225.62
2024-01-18,2916.31,1143.56,5952.29,3094.74,1095.72,6852.82,1579.38,718.49,184.08,1072.06,1297.96,326.52,1116.26,3603.97,,2038.37,1447.43,723.29,604.07,547.72,2449.18,970.44,3047.45,1546.48,410.45,,795.26,354.65,3534.98,1592.7,9726.36,702.87,1222.42,282.57,207.36,214.88,1357.9,1397.77,605.77,437.0,1303.27,1130.57,125.49,3634.58,1281.58,3711.35,,3146.86,9771.99,225.74
2024-01-19,2913.07,1141.97,6055.42,3096.7,1114.74,6904.04,1598.71,723.79,187.65,1109.49,1302.87,333.12,1119.86,3612.07,135.05,2065.72,1458.96,715.74,612.12,549.89,2465.91,983.09,3024.44,1562.11,415.74,245.87,808.13,352.07,3584.14,1630.42,9837.3,729.69,1228.36,291.2,214.91,216.67,1357.4,1433.29,605.24,446.0,1303.12,1145.26,128.6,3697.83,1314.44,3786.78,,3205.07,9970.99,226.86
2024-01-23,2893.98,1126.76,6114.14,2987.98,1087.48,6864.72,1580.73,699.22,183.0,1142.04,1382.39,326.21,1121.09,3531.28,130.1,2034.35,1417.74,694.67,582.55,534.4,2283.42,1012.45,2906.89,1546.06,404.98,240.03,782.15,356.1,3490.75,1570.98,9663.59,773.82,1203.32,285.68,204.12,219.02,1318.81,1368.52,583.41,441.67,1344.78,1129.43,124.62,3618.31,1292.45,3716.27,,3159.24,9711.49,219.77
2024-01-24,2900.88,1110.41,6173.36,2933.93,1057.43,6977.86,1619.04,697.7,185.1,1173.54,1390.58,332.56,1166.08,3549.15,136.2,2055.89,1466.83,708.57,578.08,557.84,2346.95,983.09,2905.24,1577.36,408.77,239.38,803.72,356.92,3528.3,1603.38,9788.79,734.93,1228.26,291.58,208.07,226.61,1334.0,1403.4,596.13,446.12,1348.49,1142.6,129.46,3602.88,1331.51,3744.29,,3217.75,9869.05,224.06
2024-01-25,2891.04,1135.88,6129.15,2884.78,1040.56,7349.97,1628.33,700.69,185.54,1144.55,1343.78,338.47,1156.87,3531.03,136.15,2061.05,1442.49,698.35,575.45,559.86,2334.12,993.66,2858.22,1571.43,401.76,239.48,807.19,352.89,3532.48,1610.67,9683.73,730.39,1212.72,297.15,207.81,225.97,1343.13,1373.9,590.78,447.03,1335.02,1120.66,128.12,3573.34,1250.27,3746.63,,3226.79,9848.15,220.29
2024-01-29,3061.93,1185.77,6289.01,2911.04,1059.53,7302.86,1635.12,711.18,186.72,1146.13,1311.6,358.81,1154.54,3582.39,135.55,2088.84,1465.11,707.96,575.0,560.55,2349.6,1000.01,2891.11,1559.66,396.61,250.61,803.23,363.76,3645.08,1615.1,9791.93,723.06,1220.73,306.4,224.19,233.75,1437.41,1411.21,600.62,466.76,1366.78,1124.9,129.32,3564.62,1242.99,3842.48,,3241.37,10149.15,221.7
2024-01-30,3088.36,1176.55,6269.19,2889.57,1052.39,7319.89,1588.77,674.15,183.78,1142.68,1292.22,349.9,1153.99,3617.25,137.2,2110.33,1450.92,702.92,571.47,561.88,2363.3,1000.5,2924.06,1554.82,386.25,247.31,803.52,363.9,3571.65,1595.75,9752.97,734.28,1217.56,297.81,221.26,233.88,1397.28,1391.9,604.28,475.28,1338.39,1107.01,129.03,3564.2,1246.3,3712.39,,3050.21,9842.47,221.46
2024-01-31,3139.22,1196.67,6312.06,2893.24,1066.02,7417.74,1625.48,678.67,181.83,1154.56,1325.48,353.03,1209.35,3748.91,139.55,2158.82,1466.45,711.8,573.06,571.85,2385.31,1011.57,2956.35,1563.71,389.33,247.86,810.11,364.23,3420.71,1626.48,9983.53,778.55,1224.38,299.75,223.97,238.67,1416.14,1394.04,617.54,477.96,1383.95,1102.18,130.23,3578.64,1261.24,3674.43,,3082.16,10043.75,224.11
2024-02-01,3150.71,1207.77,6247.48,2865.36,1082.49,7406.33,1620.44,666.85,179.38,1135.33,1361.44,353.5,1184.06,3840.3,140.55,2112.77,1467.76,713.65,583.5,563.86,2377.67,1008.62,3061.43,1560.09,390.52,252.01,793.33,363.73,3340.34,1626.08,10425.57,800.79,1205.71,304.0,219.88,244.65,1416.17,1425.48,624.43,464.48,1373.71,1113.66,129.13,3614.46,1241.24,3604.77,,3097.99,9801.67,220.92
2024-02-02,3154.65,1249.98,6279.87,2872.16,1065.32,7486.09,1649.66,677.23,180.56,1134.93,1366.35,364.89,1193.22,3735.19,143.8,2123.53,1473.67,703.82,575.25,575.95,2357.48,1007.49,3121.82,1594.26,388.05,253.4,814.95,363.77,3318.77,1635.54,10442.72,764.19,1212.36,313.91,228.41,255.05,1446.99,1428.17,626.36,466.09,1382.2,1146.29,132.86,3719.64,1265.45,3589.81,,3121.2,9975.78,226.45
2024-02-05,3170.64,1247.11,6194.37,2853.63,1059.78,7408.74,1613.1,653.49,177.57,1098.2,1406.82,382.67,1204.08,3798.07,140.25,2074.2,1447.24,703.19,559.89,572.4,2325.66,1006.99,3165.8,1588.47,386.25,288.65,806.15,360.86,3285.05,1677.69,10220.35,787.28,1203.22,317.31,233.47,260.39,1428.45,1412.65,619.9,456.71,1428.2,1134.46,135.59,3726.2,1260.39,3529.84,,3022.46,9795.8,226.08
2024-02-06,3200.91,1261.52,6157.41,2866.93,1048.34,7468.87,1595.27,652.49,179.09,1118.42,1398.53,389.97,1218.33,3851.43,139.95,2050.63,1510.89,702.82,589.11,577.33,2332.25,1009.85,3132.56,1628.25,380.38,270.53,810.2,356.6,3366.15,1701.42,10628.34,819.04,1200.26,318.59,241.77,252.43,1417.31,1456.57,626.94,466.31,1439.23,1147.08,138.56,3878.78,1277.7,3536.9,,3030.29,9926.59,234.19
2024-02-07,3226.99,1244.23,6138.19,2916.03,1067.36,7450.97,1594.42,663.47,177.72,1118.66,1411.57,393.44,1220.93,3834.88,140.4,2095.79,1503.07,695.94,601.44,584.59,2331.38,1005.67,3109.3,1594.64,380.73,268.08,827.87,357.72,3337.1,1694.87,10717.38,829.95,1221.25,315.26,241.41,246.63,1431.55,1462.0,651.04,469.66,1459.81,1149.69,138.32,3829.46,1246.44,3554.14,,3601.91,10102.18,232.1
2024-02-08,3165.79,1233.88,6190.9,2865.61,1034.22,7504.52,1568.8,650.27,180.75,1126.4,1393.37,399.14,1217.04,3717.38,144.1,2042.0,1520.24,682.84,588.07,593.52,2323.31,973.35,3127.12,1593.09,371.1,262.39,813.52,345.16,3278.9,1660.31,10529.41,859.82,1183.85,315.45,242.52,254.23,1439.47,1451.65,674.47,456.87,1463.13,1121.79,137.6,3877.0,1238.17,3526.91,,3835.99,9876.11,229.12
2024-02-09,3212.35,1259.94,6395.92,2887.18,1049.69,7531.22,1569.19,658.07,177.36,1104.81,1412.56,396.53,1216.21,3750.23,149.45,2152.37,1517.26,683.11,580.42,583.65,2330.13,994.4,3100.71,1571.67,371.95,272.57,803.28,347.71,3268.14,1621.41,10518.58,871.88,1197.06,309.73,237.55,251.28,1450.02,1432.4,699.25,454.18,1506.01,1113.27,135.35,3876.63,1239.87,3569.15,,3753.72,9824.84,229.87
2024-02-12,3166.94,1237.99,6571.88,2889.28,1045.0,7574.85,1555.51,649.63,171.47,1103.28,1407.65,376.19,1251.31,3780.4,153.8,2131.38,1551.08,676.49,573.66,574.91,2293.13,980.04,3057.83,1581.79,364.21,271.03,803.03,341.14,3243.56,1635.24,10495.89,873.38,1201.44,301.39,228.98,248.8,1441.68,1428.72,682.52,440.2,1505.67,1106.32,131.62,3864.44,1247.2,3562.83,,3796.15,9842.72,235.03
2024-02-13,3175.63,1253.3,6675.66,2906.69,1069.01,7659.45,1566.25,653.04,173.39,1102.44,1430.22,393.18,1251.67,3763.17,154.75,2048.8,1549.83,678.66,585.93,503.5,2301.15,1003.35,3036.32,1585.98,364.12,272.33,804.17,346.65,3265.14,1621.75,10579.0,896.51,1200.61,306.54,230.4,248.75,1454.34,1460.16,687.87,453.51,1513.27,1121.7,132.05,3891.45,1256.33,3537.69,,3845.28,9732.62,239.79
2024-02-14,3204.36,1256.32,6710.63,2911.39,1095.07,7819.95,1577.94,657.27,178.3,1100.47,1398.43,405.35,1236.46,3809.4,152.25,2064.33,1555.32,673.6,581.76,501.23,2295.34,1006.21,3089.08,1568.7,368.42,272.57,804.76,349.0,3252.85,1631.89,10807.79,877.17,1215.09,312.68,238.71,251.88,1470.49,1446.33,716.75,465.7,1491.88,1119.53,135.26,3845.12,1222.71,3563.13,,3914.92,9668.81,241.15
2024-02-15,3190.97,1255.53,6584.94,2950.66,1070.46,7858.4,1567.65,654.59,182.57,1105.25,1395.48,414.48,1235.33,3824.05,154.85,2069.29,1546.99,688.2,581.51,506.56,2259.68,1000.25,3023.74,1578.26,361.57,273.62,803.87,347.07,3244.3,1738.25,10868.84,861.61,1202.13,323.41,246.21,263.58,1459.8,1445.98,734.39,474.32,1481.58,1115.39,135.26,3848.02,1229.75,3599.4,,3946.52,9694.99,243.02
2024-02-16,3220.74,1294.97,6558.07,2942.2,1067.01,8053.82,1574.14,654.57,184.88,1104.56,1413.49,417.22,1248.08,3835.86,156.7,2089.99,1551.55,691.05,588.81,509.03,2283.13,1006.75,3040.16,1602.08,362.2,271.48,811.39,346.27,3329.28,1807.68,11153.2,862.96,1218.84,321.98,247.47,256.93,1449.84,1500.8,727.64,476.61,1481.63,1131.21,136.31,3871.56,1231.83,3632.55,,4018.36,9795.65,254.5
2024-02-19,3255.91,1295.12,6614.3,2932.61,1061.22,8232.45,1618.34,663.83,185.32,1126.45,1442.58,400.7,1267.83,3810.67,157.5,2152.47,1558.81,689.68,581.61,505.67,2294.57,1026.92,3062.87,1600.29,366.36,273.57,811.64,345.5,3283.18,1820.49,11254.09,840.32,1231.38,322.93,247.42,258.62,1463.17,1481.3,732.03,474.77,1501.4,1138.65,135.98,3848.59,1238.88,3671.95,,4040.87,9781.82,251.2
2024-02-20,3225.74,1288.67,6722.0,2945.87,1086.83,8024.94,1601.06,668.85,187.18,1128.18,1424.23,392.57,1259.7,3737.68,161.05,2175.94,1547.45,707.79,584.34,504.98,2310.86,1031.84,3109.65,1586.64,363.54,281.26,812.63,351.71,3299.79,1825.51,11217.93,863.66,1244.2,329.56,249.18,269.43,1460.22,1505.87,732.85,470.24,1509.84,1138.06,135.11,3779.99,1248.85,3663.65,,4019.66,9857.64,249.33
2024-02-21,3220.34,1279.26,6722.7,2936.23,1082.44,7964.04,1585.18,661.46,185.27,1124.18,1419.96,380.66,1254.4,3745.74,158.65,2177.68,1522.56,700.41,573.91,505.18,2313.74,1034.99,3090.43,1558.68,361.08,289.65,819.61,348.44,3240.47,1831.42,11236.94,851.59,1246.25,320.41,245.89,262.13,1456.92,1494.08,743.84,458.43,1514.45,1144.32,137.84,3743.27,1226.2,3633.49,,3888.71,9847.21,244.38
2024-02-22,3260.16,1299.03,6731.7,2951.49,1099.11,8221.57,1590.77,660.09,191.21,1119.89,1425.85,391.38,1257.32,3858.07,162.1,2184.83,1569.18,690.87,571.12,514.41,2295.48,1045.56,3123.02,1582.97,371.01,302.38,820.0,344.18,3306.68,1881.35,11425.06,855.43,1255.83,323.69,247.47,264.47,1470.86,1501.99,738.44,466.07,1528.82,1143.09,139.76,3832.93,1255.99,3629.22,,3947.87,9840.1,248.9
2024-02-23,3270.4,1308.69,6736.52,2920.73,1095.02,8162.07,1614.74,662.35,201.57,1110.23,1438.7,390.28,1272.77,3834.3,164.05,2178.08,1549.97,691.39,577.14,511.64,2301.25,1044.18,3173.64,1578.73,368.28,333.43,812.43,344.03,3330.46,1900.65,11305.3,849.45,1263.6,321.98,245.22,263.86,1482.65,1521.39,731.84,475.85,1531.96,1143.88,139.33,3800.1,1250.46,3668.87,,3879.77,9879.32,251.29
2024-02-26,3324.8,1325.98,6547.53,2805.79,1083.44,8172.76,1612.5,656.95,200.54,1094.75,1442.09,388.88,1272.5,3859.59,164.2,2170.63,1535.13,692.21,572.81,498.52,2311.0,1037.2,3178.68,1563.01,366.31,327.29,800.31,340.49,3411.27,1900.5,11238.07,832.7,1266.0,321.84,243.1,269.33,1476.4,1541.29,731.69,483.57,1527.75,1160.44,136.65,3752.23,1227.77,3599.85,,3838.64,9809.33,249.77
2024-02-27,3299.37,1317.36,6583.92,2797.09,1077.3,8187.76,1598.81,648.35,201.62,1111.96,1459.35,388.09,1274.24,3908.21,161.3,2188.4,1543.5,691.17,578.03,503.06,2312.01,1043.1,3177.63,1566.25,368.06,318.0,810.4,340.58,3446.95,1920.99,11271.05,847.45,1273.25,320.41,242.65,273.73,1474.73,1534.87,722.97,461.63,1553.06,1166.85,138.13,3849.15,1225.68,3631.01,,3931.39,9830.12,249.09
2024-02-28,3216.15,1287.68,6327.1,2733.31,1072.46,7921.86,1582.73,642.66,201.91,1113.19,1449.1,381.76,1269.99,3772.49,159.35,2169.74,1537.08,685.93,577.04,497.87,2327.63,1029.33,3120.63,1573.46,365.51,307.82,790.26,335.96,3411.32,1872.78,10930.14,849.1,1259.63,317.74,239.41,261.61,1444.93,1532.39,715.88,457.04,1544.33,1151.42,134.83,3862.8,1216.04,3572.23,,3918.71,9685.75,242.65
2024-02-29,3282.49,1308.49,6067.8,2760.26,1073.35,7651.66,1592.02,642.33,201.37,1107.86,1452.39,383.95,1269.24,3702.83,165.45,2175.1,1548.2,683.01,578.43,497.33,2318.74,1035.23,3150.03,1575.95,363.72,309.52,791.75,337.13,3418.54,1903.06,11062.99,791.07,1272.02,319.93,238.37,264.7,1450.07,1544.67,721.28,474.51,1548.35,1173.21,134.92,3840.43,1204.69,3601.74,,3875.78,9772.14,243.07
2024-03-01,3315.81,1310.08,6051.69,2769.9,1097.46,7778.1,1611.6,649.85,201.86,1113.14,1443.12,392.44,1223.66,3752.77,166.5,2238.13,1529.82,696.33,586.33,512.38,2316.24,1069.37,3152.02,1557.87,366.58,317.41,827.47,344.76,3571.85,1943.0,11388.95,734.63,1274.6,327.46,243.73,269.24,1481.16,1534.33,741.57,476.82,1530.0,1184.0,143.64,3839.73,1202.75,3742.36,,3895.2,10012.28,243.3
2024-03-04,3314.21,1330.39,5999.88,2769.9,1104.95,7939.91,1617.49,652.92,205.79,1117.87,1443.71,400.39,1251.62,3662.85,169.8,2217.53,1524.1,697.27,606.55,518.16,2328.07,1074.73,3165.75,1541.4,366.22,322.1,815.7,344.66,3582.61,1891.89,11362.68,745.25,1268.55,337.33,251.52,275.74,1496.33,1510.25,744.37,476.05,1522.99,1186.22,146.66,3826.92,1210.55,3709.06,,3913.72,9857.09,243.96
2024-03-05,3307.27,1326.13,6027.52,2758.79,1099.01,8079.65,1548.77,625.41,206.92,1152.78,1445.62,405.01,1245.34,3702.34,165.85,2214.9,1506.79,701.24,603.97,515.34,2306.78,1070.5,3181.02,1512.5,363.58,321.2,810.75,342.37,3551.3,1909.81,11437.6,727.8,1243.83,341.52,255.62,276.07,1489.18,1483.69,755.84,473.13,1544.67,1183.61,145.46,3762.59,1203.41,3727.3,,3846.33,9718.75,240.58
2024-03-06,3231.08,1312.75,6020.76,2765.54,1123.17,8325.42,1552.86,624.12,206.62,1177.24,1457.2,405.85,1247.58,3703.61,161.55,2219.86,1529.91,702.09,610.18,520.13,2307.69,1079.41,3064.62,1522.9,365.11,325.84,804.42,351.16,3580.4,1940.73,11336.12,757.31,1241.08,335.52,252.47,274.85,1491.96,1512.69,755.8,462.06,1573.91,1202.78,145.22,3811.54,1201.99,3786.92,,3866.0,9523.84,240.51
2024-03-07,3223.69,1313.4,6015.29,2807.85,1109.64,8589.77,1581.03,634.98,211.29,1183.16,1455.14,403.21,1249.46,3695.85,160.0,2211.53,1523.82,703.8,618.13,529.76,2325.71,1070.4,3100.46,1521.86,370.21,333.38,821.34,348.83,3614.56,1868.74,11280.26,747.99,1254.75,335.75,250.53,273.87,1468.06,1502.74,759.8,476.64,1575.58,1243.69,150.63,3853.09,1218.21,3763.22,,3946.07,9555.55,241.62
2024-03-11,3204.51,1314.88,6170.33,2814.01,1103.3,8377.28,1597.01,636.24,208.68,1180.1,1475.69,399.08,1261.97,3694.53,154.85,2220.16,1524.75,694.89,617.04,526.79,2297.16,1061.3,3213.12,1506.94,366.49,355.1,821.14,345.15,3578.83,1865.59,11168.05,763.4,1279.52,331.7,246.84,267.23,1455.82,1524.33,745.96,482.75,1563.71,1203.37,146.99,3865.98,1219.02,3726.7,,3998.49,9580.0,241.17
2024-03-12,3119.73,1289.47,6110.76,2813.33,1095.22,8249.87,1591.77,636.46,200.54,1187.65,1438.06,395.03,1245.11,3720.74,156.9,2167.75,1521.91,710.34,617.74,522.11,2285.92,1059.48,3237.48,1518.57,362.06,361.29,809.26,343.3,3560.2,1866.38,11280.11,765.79,1269.06,328.65,243.6,266.85,1464.58,1508.71,732.46,471.23,1554.58,1198.0,146.08,3931.54,1222.14,3725.36,,4002.38,9498.6,239.44
2024-03-13,2903.62,1198.55,5975.11,2797.68,1078.65,8111.72,1571.39,638.45,186.84,1152.64,1443.46,366.68,1245.44,3647.32,148.65,2133.11,1518.1,710.76,606.31,500.44,2222.91,1066.47,3107.3,1517.11,378.17,327.69,784.67,345.13,3478.51,1825.56,11162.75,742.31,1265.53,307.44,230.04,247.34,1421.65,1479.81,720.46,451.71,1529.36,1162.26,137.6,3890.98,1207.86,3603.03,,3937.93,9476.92,236.41
2024-03-14,3084.71,1256.32,5989.78,2829.07,1056.53,8110.41,1561.95,632.65,191.7,1178.13,1468.38,376.04,1243.62,3683.54,152.75,2180.16,1562.53,708.35,618.43,518.45,2244.06,1066.12,3171.24,1556.56,375.67,337.82,777.25,347.7,3546.98,1861.85,11176.92,730.24,1280.13,306.82,237.16,249.26,1420.96,1498.21,714.48,445.89,1540.75,1181.39,136.45,3945.93,1223.13,3617.39,,4074.77,9579.06,242.76
2024-03-15,3129.42,1271.33,5950.06,2804.91,1044.7,8078.63,1569.69,644.21,185.42,1203.18,1459.94,365.09,1241.71,3657.18,160.05,2180.76,1532.8,706.98,628.47,525.66,2237.42,1062.93,3197.7,1538.39,375.18,344.21,772.5,346.88,3477.13,1772.18,11247.53,724.86,1275.67,301.53,233.1,248.88,1407.81,1495.07,705.66,441.08,1519.16,1194.99,135.74,3956.86,1212.59,3610.48,,4057.6,9515.84,242.32
2024-03-18,3108.99,1255.08,6102.56,2784.32,1059.63,8244.16,1575.29,643.25,186.45,1208.41,1460.34,370.9,1252.8,3612.32,158.25,2186.71,1529.17,703.77,630.21,524.28,2210.75,1063.76,3243.72,1508.87,373.7,352.0,796.0,346.8,3500.77,1827.87,11403.99,728.35,1264.26,302.34,235.67,247.9,1428.9,1484.81,704.74,449.28,1541.78,1170.15,143.4,3894.26,1203.55,3557.32,,4064.74,9494.5,239.13
2024-03-19,3049.99,1229.91,6079.33,2753.61,1049.09,8358.7,1579.73,652.31,182.03,1211.42,1408.58,368.44,1212.07,3629.06,157.95,2157.63,1488.0,705.38,628.62,526.75,2179.03,1066.47,3227.55,1470.08,366.63,352.75,792.69,349.14,3442.28,1815.91,11365.52,732.74,1222.96,298.81,233.55,242.38,1414.78,1456.55,697.85,445.01,1519.4,1130.03,142.49,3729.95,1184.26,3561.0,,3949.52,9338.33,231.94
2024-03-20,3048.75,1234.08,6139.85,2763.2,1033.07,8354.25,1582.93,657.57,184.04,1214.82,1390.63,368.83,1205.83,3782.11,165.6,2151.38,1476.78,696.47,622.56,521.02,2155.0,1067.01,3208.23,1463.96,372.13,336.97,786.36,352.29,3450.15,1816.4,11702.75,755.67,1249.51,299.0,237.7,247.67,1433.14,1453.61,709.85,450.31,1520.29,1108.14,139.52,3723.95,1195.66,3568.05,,3958.9,9369.25,231.3
2024-03-21,3063.78,1250.97,6148.25,2759.53,1033.92,8465.5,1600.81,664.12,193.27,1203.97,1421.34,379.86,1210.75,3826.39,169.65,2189.14,1484.88,703.63,618.43,532.72,2155.38,1064.35,3284.6,1463.73,377.1,338.17,803.87,353.63,3499.6,1837.52,11670.41,746.64,1251.18,309.82,236.88,256.18,1440.31,1463.23,717.61,449.64,1535.84,1117.9,143.78,3725.88,1213.11,3604.87,,3995.64,9484.03,234.56
2024-03-22,3104.95,1269.95,6340.58,2779.43,1031.62,8653.81,1585.78,668.59,194.6,1219.06,1453.27,379.78,1225.56,3894.2,174.2,2207.01,1449.57,702.21,620.02,540.66,2169.03,1072.72,3281.26,1420.56,383.68,344.11,816.19,354.48,3556.41,1850.28,12091.39,736.92,1260.85,309.59,237.16,258.06,1444.33,1496.17,719.93,453.52,1578.72,1106.86,145.41,3667.68,1194.1,3683.53,,3942.48,9564.05,228.3
2024-03-26,3107.19,1292.34,6287.43,2753.17,1038.86,8668.61,1592.12,683.34,196.47,1196.38,1444.44,383.29,1212.06,3818.72,182.6,2223.39,1453.66,693.72,623.05,551.42,2153.13,1066.22,3486.16,1405.31,382.83,345.61,813.32,349.95,3607.83,1835.65,12005.98,773.12,1267.08,313.73,239.18,252.72,1430.98,1481.52,713.52,461.66,1568.12,1096.8,145.99,3636.36,1186.25,3675.08,,3875.73,9483.99,224.91
2024-03-27,3119.33,1310.77,6196.93,2768.67,1051.14,8863.99,1580.88,694.48,196.52,1207.91,1435.71,377.58,1194.13,3821.36,179.45,2190.93,1438.73,701.17,622.51,550.43,2152.84,1066.27,3540.67,1397.02,383.14,350.15,809.51,354.32,3643.51,1852.59,12260.59,799.99,1257.45,316.12,235.8,252.91,1481.88,1474.69,707.01,464.35,1574.06,1075.61,146.27,3602.04,1185.73,3735.9,,3869.19,9506.46,221.37
2024-03-28,3194.27,1329.65,6321.58,2784.57,1045.5,8850.1,1642.01,716.48,198.54,1211.66,1468.68,381.67,1216.61,3924.37,182.1,2270.29,1436.26,704.67,629.46,553.0,2176.53,1075.67,3542.66,1410.39,383.46,353.2,821.53,356.3,3700.04,1892.18,12348.79,817.54,1284.84,320.12,241.48,259.13,1474.93,1495.32,725.38,459.18,1590.15,1080.68,149.29,3635.24,1180.34,3778.03,,3941.88,9630.63,225.02
2024-04-01,3249.22,1363.39,6421.48,2808.29,1051.39,8747.56,1644.16,717.05,208.0,1200.57,1470.34,388.66,1234.88,3853.43,184.5,2275.5,1448.5,715.67,630.85,561.24,2197.25,1081.92,3542.96,1407.94,381.98,356.39,862.85,357.34,3772.88,1886.86,12318.66,814.9,1266.83,326.36,243.15,262.17,1473.87,1485.06,731.11,473.18,1598.69,1071.52,156.28,3673.17,1176.98,3715.03,,3880.77,9833.39,227.3
2024-04-02,3265.85,1391.38,6384.19,2811.42,1045.5,8973.88,1654.7,712.74,217.75,1191.59,1461.27,389.67,1232.35,3829.56,183.1,2289.14,1422.07,720.37,628.02,563.81,2198.01,1063.76,3561.78,1396.08,381.22,356.54,870.07,350.69,3742.8,1942.01,12301.85,819.19,1285.3,328.7,245.49,261.61,1476.03,1465.77,738.92,479.83,1591.82,1115.14,157.72,3642.27,1169.65,3732.47,,3885.87,9916.12,225.54
2024-04-03,3230.58,1384.49,6339.73,2806.68,1061.52,8784.61,1638.52,722.81,218.25,1208.8,1443.71,391.69,1210.0,3841.28,178.3,2288.3,1429.1,721.41,620.27,569.14,2177.35,1059.83,3484.96,1394.01,380.64,356.54,859.93,345.45,3718.27,1959.1,12179.74,816.84,1251.32,334.85,248.06,262.13,1460.79,1456.0,743.41,497.44,1589.47,1103.65,156.76,3701.82,1187.01,3689.29,,3916.77,9880.31,226.48
2024-04-04,3207.96,1354.42,6404.92,2854.56,1061.22,8848.17,1653.95,720.26,217.06,1190.21,1431.98,394.64,1213.57,3919.49,187.0,2260.91,1432.63,743.46,618.58,570.27,2177.11,1061.45,3478.17,1399.71,378.44,360.74,853.5,349.04,3733.41,1972.3,12316.35,820.18,1249.19,338.09,242.34,259.83,1452.18,1458.94,732.08,486.32,1588.97,1102.13,156.52,3754.34,1209.8,3759.1,,3996.99,9883.47,228.44
2024-04-05,3221.94,1363.04,6362.31,2820.47,1057.38,8715.97,1676.08,709.6,221.2,1174.58,1422.02,392.97,1220.84,3936.04,190.5,2220.91,1437.84,754.14,625.54,562.67,2179.03,1065.93,3493.65,1392.55,382.74,372.62,848.15,356.23,3679.59,1982.74,12173.61,802.58,1243.34,337.99,241.39,260.54,1449.37,1480.42,737.33,490.13,1578.82,1099.76,156.47,3731.78,1194.81,3730.98,,3926.5,9704.17,227.34
2024-04-08,3221.69,1336.39,6272.81,2828.83,1074.3,8736.29,1687.26,709.89,220.27,1188.09,1434.83,393.36,1219.9,4106.42,191.8,2263.83,1433.0,752.71,630.71,569.34,2180.95,1069.62,3593.73,1390.29,384.13,368.68,867.3,356.88,3743.24,2046.55,12608.26,818.19,1223.94,346.53,243.6,263.67,1475.06,1513.81,740.75,499.93,1569.69,1121.25,158.25,3725.5,1196.46,3725.46,,3925.75,9743.84,224.93
2024-04-09,3195.62,1344.17,6469.01,2794.74,1078.25,8686.37,1708.49,711.38,224.8,1187.84,1422.91,386.72,1218.59,4148.3,193.7,2284.18,1433.42,753.66,630.06,580.98,2176.34,1089.2,3627.87,1407.38,381.67,367.13,865.47,355.32,3721.02,2059.16,12630.7,826.02,1226.26,345.95,242.29,263.16,1452.9,1505.59,736.8,496.27,1572.49,1109.67,159.01,3701.12,1183.46,3656.35,,3896.3,9650.39,223.01
2024-04-10,3239.13,1340.0,6453.9,2833.48,1086.03,8712.15,1702.2,715.0,225.39,1212.45,1396.07,401.23,1216.61,4213.18,196.9,2289.19,1432.17,747.72,617.69,595.25,2173.21,1091.51,3788.9,1418.63,391.16,369.87,874.72,364.37,3689.52,2044.68,12429.55,861.86,1238.41,345.57,245.04,264.42,1468.7,1498.41,751.12,491.92,1573.96,1129.09,158.1,3736.85,1197.55,3688.0,,4014.91,9698.49,223.71
2024-04-12,3207.06,1331.98,6371.06,2792.15,1071.71,8769.52,1696.75,714.93,230.07,1208.65,1370.42,400.57,1201.98,4200.64,192.1,2237.28,1415.74,739.25,614.7,590.9,2145.72,1086.59,3687.02,1397.87,385.02,371.62,857.41,361.8,3616.82,2039.51,12021.66,867.94,1242.63,344.86,239.36,257.59,1456.37,1488.24,738.83,483.66,1511.11,1133.18,156.62,3752.56,1174.66,3596.67,,4047.56,9535.2,220.64
2024-04-15,3144.66,1303.59,6268.23,2782.27,1056.23,8703.93,1655.0,699.77,231.01,1207.67,1355.31,396.53,1187.56,4119.69,188.3,2220.76,1400.44,727.45,609.19,604.77,2108.96,1060.96,3589.58,1382.24,381.26,353.75,851.47,358.82,3539.7,2022.28,12174.84,830.95,1251.18,344.29,252.11,256.46,1454.06,1462.08,730.34,469.85,1511.16,1114.65,154.08,3696.1,1152.58,3578.09,,3963.05,9390.68,215.3
2024-04-16,3103.65,1292.49,6299.66,2768.18,1050.19,8628.56,1616.69,687.71,230.02,1199.68,1349.22,398.46,1195.37,4252.82,186.45,2226.26,1374.62,734.53,600.89,600.97,2134.67,1049.84,3564.03,1331.68,381.26,361.29,836.43,357.72,3483.33,2000.46,12253.09,815.6,1247.48,342.48,255.08,256.65,1454.98,1457.94,724.75,467.15,1508.71,1119.58,153.31,3631.95,1130.88,3623.11,,3982.02,9348.75,210.14
2024-04-18,3016.62,1283.77,6040.5,2746.37,1022.34,8727.39,1592.12,681.67,227.76,1248.3,1321.85,385.62,1176.95,4248.43,185.2,2209.49,1364.89,727.45,601.93,604.87,2128.9,1038.43,3584.04,1336.2,374.95,377.81,835.98,356.55,3490.7,1994.21,12157.34,775.86,1206.54,334.75,246.97,262.13,1453.57,1452.16,718.1,461.45,1487.96,1118.49,153.31,3621.82,1115.6,3503.06,,4080.76,9268.68,208.27
2024-04-19,3024.27,1298.09,6135.37,2747.2,1027.43,8517.65,1617.19,704.05,229.87,1271.23,1320.33,382.72,1174.13,4241.55,189.2,2256.24,1346.89,745.26,597.86,606.8,2145.05,1050.04,3554.19,1328.67,380.23,369.52,855.77,357.73,3458.65,2051.28,12457.18,770.63,1194.37,334.18,247.97,263.58,1459.32,1442.79,723.54,460.49,1494.24,1121.99,155.28,3588.25,1128.84,3540.77,,4152.5,9250.11,212.2
2024-04-22,3060.64,1309.09,6203.99,2779.78,1052.24,8509.18,1627.63,721.13,229.87,1279.66,1329.26,389.45,1188.6,4361.45,193.35,2263.59,1364.01,735.97,602.23,610.55,2154.57,1069.13,3720.71,1348.91,380.73,382.1,845.88,361.18,3551.4,2058.91,12530.25,755.87,1204.66,326.89,249.36,265.45,1468.98,1470.55,738.63,471.8,1511.21,1154.38,155.04,3624.26,1142.46,3574.26,,4162.14,9448.97,216.54
2024-04-23,3062.38,1310.08,6160.58,2812.1,1054.04,8509.23,1619.29,717.93,230.91,1323.84,1321.26,387.69,1175.95,4413.39,187.45,2352.52,1383.32,733.73,597.46,603.88,2174.99,1072.67,3696.3,1358.0,384.22,387.35,842.46,361.8,3548.89,2031.29,12736.79,758.41,1225.5,330.94,249.36,267.04,1448.6,1465.02,745.29,472.25,1456.8,1156.74,154.37,3633.74,1135.09,3610.29,,4151.85,9417.65,216.59
2024-04-24,3040.85,1308.49,6248.54,2805.11,1061.52,8413.75,1628.53,724.78,233.03,1317.98,1371.79,390.24,1175.7,4423.69,184.4,2320.36,1376.43,735.72,590.55,627.87,2172.59,1079.06,3735.89,1347.03,383.95,381.26,873.49,367.73,3573.18,2027.2,12685.63,808.67,1224.96,335.23,251.66,271.77,1439.52,1455.25,745.38,478.88,1457.88,1094.44,158.58,3592.8,1121.33,3587.18,,4215.2,9541.43,215.56
2024-04-25,3112.49,1318.45,6348.73,2798.95,1125.17,8450.32,1653.7,721.39,234.11,1320.24,1379.64,397.8,1228.64,4506.19,184.7,2349.84,1399.6,735.26,591.05,638.43,2144.33,1095.79,3806.12,1354.28,391.69,381.7,896.35,327.75,3590.33,2065.02,12664.51,801.14,1255.59,342.43,254.0,274.48,1449.25,1439.7,783.56,484.87,1491.64,1090.59,160.64,3612.63,1125.68,3548.77,,4316.45,9566.02,216.07
2024-04-26,3077.67,1312.56,6223.93,2782.03,1128.46,8681.92,1595.57,665.65,235.44,1307.72,1382.53,400.75,1235.22,4492.33,188.1,2325.02,1371.41,734.8,584.24,640.9,2136.45,1090.03,3928.71,1346.56,393.89,381.16,877.99,320.98,3544.03,2013.86,12449.74,800.89,1216.44,339.38,254.86,273.5,1441.88,1410.6,772.57,486.19,1478.29,1087.04,158.82,3583.7,1209.32,3562.39,,4298.17,9582.97,217.76
2024-04-29,3078.47,1305.27,5935.29,2805.55,1157.37,8474.7,1593.87,675.08,231.94,1314.08,1381.41,398.5,1244.12,4463.87,193.6,2368.85,1290.96,744.39,571.57,641.64,2139.76,1141.44,3921.07,1350.8,392.27,379.91,886.4,327.34,3572.63,2030.75,12436.51,835.69,1229.69,346.05,255.13,274.85,1454.26,1417.68,796.87,484.94,1493.06,1082.95,160.35,3629.51,1218.36,3582.31,,4307.41,9843.31,216.98
2024-04-30,3051.99,1312.85,5914.15,2813.08,1164.01,8613.57,1613.2,684.67,230.32,1304.07,1373.56,399.43,1225.78,4488.81,193.15,2393.71,1271.61,739.81,580.07,636.06,2143.95,1131.85,3975.58,1337.43,389.99,376.41,872.99,324.06,3533.31,2123.61,12561.61,837.88,1228.52,346.24,254.81,282.48,1456.22,1431.83,796.63,496.52,1473.92,1092.66,158.06,3583.05,1194.9,3566.81,,4403.06,9850.62,216.73
2024-05-02,3036.91,1326.63,5925.54,2910.41,1147.98,8813.83,1613.65,680.63,231.3,1286.07,1393.23,399.08,1242.22,4493.7,195.45,2419.22,1266.12,745.72,572.81,633.15,2139.96,1121.07,4101.32,1331.68,392.99,379.06,881.06,314.42,3538.42,2151.98,12549.7,812.55,1230.92,351.82,254.77,293.48,1455.78,1456.1,800.29,502.44,1490.51,1075.71,160.31,3623.04,1198.12,3546.14,,4639.5,9862.08,214.38
2024-05-03,2990.6,1308.29,5976.31,2865.76,1139.65,8808.94,1625.48,685.46,230.66,1259.79,1397.84,417.28,1254.48,4490.62,197.25,2462.89,1254.35,739.57,562.43,638.73,2131.07,1123.63,4012.47,1333.43,390.71,375.31,865.08,308.65,3440.42,2159.71,12242.75,811.11,1203.38,347.91,257.74,290.9,1423.46,1438.51,801.64,503.69,1482.8,1078.81,159.49,3604.38,1182.56,3511.81,,4516.64,9696.96,214.36
2024-05-06,2872.1,1278.22,6023.15,2868.1,1141.79,8757.62,1609.55,678.37,228.45,1265.71,1396.51,404.97,1243.39,4490.38,195.7,2435.05,1264.35,741.05,551.64,630.53,2168.7,1127.81,3991.5,1342.46,389.19,369.67,871.46,324.13,3404.54,2191.17,12190.96,828.96,1204.02,340.14,254.18,287.16,1409.1,1435.87,778.84,495.71,1500.47,1082.61,160.55,3677.2,1193.72,3259.64,,4502.06,9658.04,214.97
2024-05-07,2833.44,1275.94,5867.56,2849.37,1125.87,8395.17,1613.35,679.63,224.06,1268.42,1361.0,400.92,1236.31,4513.22,191.45,2402.99,1255.06,733.02,548.96,612.18,2287.12,1113.65,3941.99,1356.63,394.2,355.7,848.4,328.04,3369.59,2158.23,12117.21,802.88,1229.13,332.85,246.48,276.3,1391.18,1445.39,773.15,483.7,1486.93,1083.84,157.34,3731.5,1222.28,3250.45,,4496.97,9564.69,217.43
2024-05-08,2858.02,1265.64,5814.11,2781.19,1126.82,8464.35,1601.26,672.4,228.2,1270.83,1358.59,408.35,1196.55,4491.45,195.45,2359.67,1238.75,721.58,547.07,625.3,2250.26,1104.89,4068.77,1343.78,394.78,354.65,855.63,328.93,3427.69,2149.27,12293.13,801.79,1244.0,338.85,249.41,282.62,1408.13,1422.06,781.73,476.34,1493.21,1099.27,159.06,3729.63,1217.13,3239.47,,4491.62,9403.67,217.1
2024-05-09,2764.2,1233.23,5774.23,2650.9,1113.84,8558.62,1562.85,653.19,222.88,1257.87,1333.13,389.93,1161.19,4460.16,195.25,2336.19,1244.79,704.48,536.24,611.39,2235.45,1097.71,4038.53,1355.31,380.55,344.86,825.84,327.88,3219.87,2178.96,12255.0,793.86,1231.48,329.89,238.96,277.15,1383.88,1417.73,790.41,459.39,1466.61,1069.69,155.09,3713.92,1200.2,3225.41,,4401.12,9331.26,213.68
2024-05-10,2794.77,1255.23,5810.08,2710.72,1118.28,8689.17,1570.94,661.0,223.77,1283.21,1314.25,395.12,1169.81,4547.84,201.3,2359.47,1241.15,709.36,545.18,617.51,2270.92,1099.04,4012.42,1341.52,387.93,347.31,844.69,324.86,3215.94,2159.76,12422.44,809.06,1241.16,338.9,243.46,284.26,1397.08,1427.25,788.05,456.17,1478.29,1075.51,155.42,3651.74,1195.75,3269.28,,4464.47,9376.31,211.78
2024-05-13,2877.05,1294.52,5797.85,2816.36,1130.16,8699.33,1578.78,664.42,221.45,1268.22,1387.93,390.37,1167.35,4547.45,194.3,2367.46,1238.04,717.92,556.22,625.3,2269.1,1109.81,4075.11,1340.16,386.59,340.82,851.62,327.5,3237.96,2151.09,12420.83,798.25,1232.85,334.51,240.44,286.88,1392.39,1420.42,779.8,447.89,1496.44,1081.42,156.95,3702.29,1193.53,3233.31,,4458.78,9435.38,211.83
2024-05-14,3034.86,1319.14,5830.32,2803.54,1121.03,8769.9,1574.69,660.16,227.56,1266.59,1331.71,394.5,1159.5,4618.82,187.3,2354.4,1245.73,720.73,558.1,638.28,2258.47,1102.48,4140.35,1341.33,384.67,351.9,872.3,328.52,3322.11,2235.44,12558.37,812.55,1218.69,339.19,245.85,289.41,1409.64,1428.14,788.87,453.45,1516.26,1070.09,158.01,3658.59,1206.25,3268.34,,4533.31,9543.21,213.89
2024-05-15,3047.05,1325.68,5816.4,2752.24,1126.22,8613.08,1567.3,660.59,229.43,1291.84,1380.13,411.34,1160.72,4539.54,192.0,2352.07,1256.9,709.66,552.54,645.24,2233.19,1106.22,4288.25,1336.86,382.96,353.3,861.86,329.42,3353.42,2267.35,12512.41,827.11,1207.74,344.48,246.34,294.65,1405.87,1425.4,790.89,451.43,1498.75,1053.77,158.63,3639.08,1205.3,3248.11,,4519.98,9497.22,214.81
2024-05-16,3038.95,1332.82,5898.84,2752.58,1137.45,8582.8,1594.22,667.23,234.41,1326.56,1394.26,411.74,1155.86,4571.17,195.2,2354.95,1271.28,720.39,563.57,644.9,2252.27,1112.81,4283.16,1368.31,386.23,354.5,877.15,333.66,3401.88,2335.74,12248.14,846.61,1209.38,344.57,250.13,292.45,1414.88,1447.43,782.84,455.07,1507.48,1084.18,158.92,3684.94,1236.94,3313.06,,4589.52,9591.07,217.69
2024-05-17,3057.79,1323.55,5920.07,2748.52,1139.5,8494.62,1582.98,665.27,244.56,1325.91,1372.62,413.45,1145.81,4583.04,194.85,2405.62,1257.19,722.29,566.7,646.97,2230.36,1112.27,4358.93,1359.79,390.57,356.64,897.98,338.55,3392.2,2476.43,12389.12,839.38,1198.19,348.39,249.95,293.06,1425.15,1429.49,788.53,461.48,1502.67,1079.7,160.31,3621.79,1234.53,3340.14,,4627.36,9770.11,216.07
2024-05-21,3114.74,1372.9,5915.3,2789.51,1135.8,8533.32,1580.78,666.8,270.12,1325.77,1415.06,431.39,1141.91,4562.58,189.1,2428.45,1265.39,719.67,562.13,684.63,2221.08,1102.87,4308.22,1350.23,389.23,357.19,913.81,338.89,3382.57,2484.35,12224.28,832.6,1205.68,354.63,252.33,304.75,1425.57,1424.95,800.87,461.8,1512.05,1078.47,167.01,3608.66,1252.02,3355.89,,4660.06,9670.39,216.02
2024-05-22,3138.17,1365.67,5835.64,2822.72,1124.17,8518.67,1582.18,666.97,279.44,1329.32,1454.3,441.1,1160.28,4584.55,185.5,2418.52,1266.47,719.87,556.96,675.69,2275.1,1093.18,4348.4,1369.67,393.8,357.09,906.24,339.15,3402.13,2482.78,12281.17,835.89,1209.78,356.39,250.44,304.85,1449.92,1422.71,802.63,454.69,1510.43,1104.49,166.01,3619.81,1258.17,3362.69,,4642.93,9774.56,216.21
2024-05-23,3384.3,1430.23,5936.98,2840.32,1163.36,8671.42,1606.65,675.09,284.26,1355.11,1461.02,437.23,1165.21,4738.23,186.8,2435.55,1276.38,736.35,562.18,668.04,2290.1,1116.2,4393.08,1386.24,395.09,367.18,907.43,341.04,3524.56,2569.59,12676.67,800.74,1212.23,354.92,255.35,299.37,1475.13,1442.05,815.72,467.09,1467.06,1102.13,168.11,3677.86,1264.88,3430.47,,4694.48,10046.91,218.32
2024-05-24,3381.95,1403.22,5881.59,2811.96,1172.09,8656.67,1599.91,676.1,292.84,1369.36,1458.37,440.49,1158.89,4765.67,182.9,2422.84,1268.5,748.48,561.63,664.54,2277.17,1113.7,4249.32,1379.37,390.48,364.83,899.17,339.93,3564.38,2540.59,12740.91,787.13,1209.09,357.44,255.17,298.34,1469.37,1431.53,812.29,466.52,1458.81,1090.17,167.49,3636.34,1249.99,3391.07,,4711.32,10106.72,217.31
2024-05-27,3286.14,1418.63,5906.4,2809.56,1185.07,8705.52,1594.02,681.9,290.13,1365.26,1450.72,434.73,1160.27,4680.09,183.65,2372.87,1276.14,753.66,560.79,669.08,2292.02,1111.58,4245.78,1385.25,386.28,359.49,892.54,341.43,3590.03,2510.4,12648.44,801.89,1205.24,352.39,250.13,297.55,1455.48,1405.57,817.29,463.11,1438.55,1079.9,168.11,3634.03,1257.51,3382.12,,4677.95,10101.19,212.06
2024-05-28,3241.18,1387.77,5871.79,2847.61,1181.48,8696.86,1597.86,679.68,284.85,1352.15,1451.51,428.75,1178.56,4658.27,181.6,2422.2,1280.95,755.04,574.9,672.49,2303.03,1108.78,4189.97,1381.21,384.04,356.29,897.88,339.96,3596.13,2514.05,12562.69,789.67,1201.23,348.34,247.11,292.73,1445.5,1445.98,814.79,465.78,1437.42,1087.49,167.54,3627.27,1243.7,3388.08,,4611.9,10055.16,213.75
2024-05-29,3255.91,1397.18,5870.75,2836.8,1157.87,8774.69,1568.15,673.12,287.86,1358.11,1465.34,427.69,1185.57,4633.32,183.35,2382.74,1275.95,744.09,558.4,696.17,2281.35,1084.23,4020.76,1366.05,385.78,348.66,892.49,336.81,3573.13,2495.19,12533.33,786.73,1213.23,347.58,244.9,297.31,1430.19,1408.16,806.46,462.07,1451.21,1063.42,166.92,3593.03,1216.61,3359.27,,4668.01,9901.55,211.29
2024-05-30,3191.42,1370.92,5734.51,2820.71,1166.05,8676.31,1522.4,654.3,286.38,1358.16,1438.9,423.91,1160.47,4630.93,180.6,2327.75,1255.91,747.32,547.37,686.16,2260.2,1095.74,4155.18,1343.92,379.43,347.21,874.48,337.26,3573.03,2455.65,12346.49,778.45,1178.25,342.9,240.26,287.02,1414.38,1375.52,809.59,448.07,1431.73,1059.35,157.24,3529.22,1173.48,3251.39,,4647.32,9748.87,204.8
2024-05-31,3408.33,1424.33,5806.85,2818.27,1160.26,8788.77,1526.89,662.34,291.6,1353.82,1419.86,431.87,1144.29,4621.65,179.15,2299.02,1248.6,755.56,546.48,680.43,2238.72,1102.97,4181.98,1351.08,381.76,343.81,871.36,335.33,3607.04,2468.2,12151.76,749.64,1153.8,342.24,238.15,290.11,1419.89,1381.85,814.01,458.06,1432.42,1052.45,160.16,3467.68,1161.75,3221.63,,4555.2,9794.96,205.38
2024-06-03,3642.02,1569.55,5818.79,2803.84,1221.91,9031.3,1574.04,683.88,313.97,1371.92,1424.92,450.47,1142.6,4560.53,175.45,2351.18,1239.5,775.62,546.72,686.95,2264.53,1141.29,4290.8,1350.12,385.25,355.55,905.75,342.84,3831.02,2594.01,12227.07,763.0,1153.87,373.51,255.94,315.98,1499.23,1386.93,887.82,488.24,1425.79,1061.28,166.92,3497.81,1177.74,3240.81,,4658.16,10342.77,208.15
2024-06-04,2938.64,1237.59,5813.32,2795.23,1129.41,8945.49,1475.65,643.73,251.8,1281.78,1434.92,388.53,1132.23,4389.22,172.0,2239.61,1229.23,731.68,531.17,640.65,2399.49,1054.17,4066.33,1338.35,378.54,332.43,833.06,326.85,3345.46,2533.84,11932.96,778.5,1189.49,315.78,212.88,276.96,1387.01,1334.45,759.94,439.9,1403.03,1079.0,152.26,3509.29,1172.02,3218.7,,4534.22,9797.72,205.36
2024-06-05,3112.59,1342.28,5901.77,2897.06,1182.58,9289.41,1516.0,676.08,256.53,1325.82,1468.68,404.92,1150.67,4470.85,183.8,2287.7,1267.09,765.55,548.56,686.25,2501.81,1090.77,4341.16,1373.36,392.3,345.06,869.23,342.85,3351.16,2699.34,12252.99,819.88,1229.72,325.08,222.97,279.63,1410.31,1385.53,774.2,464.56,1459.4,1134.0,162.08,3539.0,1198.12,3296.91,,4899.56,9916.07,211.62
2024-06-06,3182.83,1340.65,5928.97,2841.35,1169.05,9385.38,1524.74,684.89,269.63,1351.7,1449.1,415.82,1163.87,4608.27,183.65,2317.38,1317.82,769.45,551.84,668.73,2450.72,1092.49,4293.74,1413.83,396.95,348.86,878.83,346.16,3423.46,2658.86,12420.48,827.71,1210.88,333.42,227.29,281.17,1421.08,1438.11,800.87,481.56,1445.08,1131.51,164.81,3618.3,1245.92,3300.88,,4874.23,9932.71,216.07
2024-06-07,3216.7,1366.31,5981.23,2863.75,1184.87,9408.69,1565.95,711.16,279.04,1405.6,1468.97,421.28,1197.53,4649.53,184.0,2362.15,1349.88,776.18,559.5,671.55,2477.82,1103.61,4365.82,1472.75,400.37,352.6,902.63,349.95,3472.56,2814.07,12555.14,824.72,1226.09,343.76,234.59,289.5,1459.15,1421.17,813.61,486.06,1478.58,1127.3,171.37,3678.33,1302.81,3422.52,,4960.3,10335.95,227.11
2024-06-10,3217.25,1371.46,6023.15,2873.39,1198.05,9415.95,1564.05,701.02,279.24,1406.39,1505.27,420.0,1206.39,4669.79,182.16,2428.6,1337.86,770.24,565.71,667.65,2465.86,1105.68,4558.9,1440.24,398.32,349.8,906.34,348.35,3483.62,2764.93,12463.65,809.41,1248.51,347.86,233.46,295.54,1460.59,1427.59,815.43,490.18,1484.72,1124.71,172.7,3645.03,1267.58,3400.8,,4965.15,10694.64,222.75
2024-06-11,3218.4,1390.69,6074.11,2866.52,1192.66,9493.0,1566.5,705.89,282.0,1407.57,1501.35,418.81,1193.17,4646.26,184.02,2438.62,1347.33,771.97,568.19,664.24,2457.21,1100.17,4362.13,1436.4,394.76,349.7,900.6,343.23,3537.64,2792.5,12606.84,800.19,1245.44,350.24,246.43,296.24,1445.97,1423.36,819.1,492.88,1471.62,1127.25,173.7,3638.8,1276.19,3389.38,,4902.35,10800.63,223.12
2024-06-12,3216.2,1381.27,6134.43,2869.83,1185.97,9581.57,1577.34,713.77,286.23,1418.57,1511.84,429.67,1197.28,4736.08,179.65,2431.92,1356.72,776.58,569.19,665.18,2430.63,1101.5,4293.15,1426.27,394.13,360.39,907.33,342.38,3568.7,2745.23,12592.82,867.99,1243.17,353.96,248.19,303.82,1452.57,1447.93,822.58,499.49,1478.58,1116.38,174.56,3619.48,1296.19,3361.15,,5023.7,10910.53,223.52
2024-06-13,3221.94,1391.68,6171.82,2873.98,1172.74,9600.1,1588.32,721.4,296.48,1406.09,1515.38,428.97,1204.35,4688.09,184.94,2439.77,1361.81,779.83,589.86,671.89,2390.93,1089.49,4295.39,1434.67,392.3,360.24,906.19,344.49,3640.81,2818.26,12590.37,887.49,1250.25,352.68,249.14,300.82,1454.48,1445.14,827.29,522.32,1482.46,1106.4,174.88,3663.4,1313.54,3450.49,,5019.5,11037.96,226.19
2024-06-14,3260.13,1423.77,6173.21,2885.43,1179.13,9715.52,1589.97,726.01,305.05,1407.72,1535.19,428.13,1202.26,4818.54,186.24,2452.82,1349.46,787.8,594.68,674.76,2406.8,1087.82,4263.2,1429.82,393.08,356.44,911.54,342.67,3625.23,2884.14,12588.75,925.23,1245.71,351.25,248.1,300.87,1466.69,1465.07,822.68,531.63,1487.56,1104.27,175.44,3619.86,1296.99,3507.98,,5241.01,11106.12,223.8
2024-06-18,3307.41,1438.0,6201.8,2882.37,1189.96,9673.05,1596.16,725.33,313.58,1408.66,1545.05,429.98,1183.69,4819.52,188.61,2439.27,1355.26,793.18,597.51,669.97,2413.11,1104.74,4294.99,1438.75,390.89,362.63,915.69,343.11,3626.6,2916.94,12310.18,900.45,1249.56,352.39,248.46,310.51,1470.14,1468.71,828.27,550.62,1492.42,1118.61,173.5,3603.85,1296.9,3566.56,,5352.96,10983.88,230.53
2024-06-19,3260.28,1441.39,6139.35,2855.9,1224.66,9446.39,1593.12,715.37,304.76,1373.15,1530.34,420.22,1176.76,4765.47,198.49,2428.95,1363.41,817.87,592.54,653.83,2384.72,1125.99,4220.87,1451.38,386.24,357.74,905.4,348.56,3529.04,2889.31,11997.7,897.36,1237.65,345.57,244.63,306.3,1447.93,1444.44,835.82,543.13,1475.79,1097.47,172.44,3591.19,1306.16,3440.7,,5352.16,10861.88,232.36
2024-06-20,3257.83,1462.29,6141.64,2879.41,1237.49,9393.92,1584.23,712.71,307.32,1362.11,1515.67,424.79,1179.65,4761.71,197.05,2480.21,1361.15,823.54,586.48,667.75,2409.18,1138.14,4222.12,1455.27,385.92,364.98,919.95,352.46,3561.24,2827.61,11906.94,932.11,1244.37,340.95,244.9,303.72,1462.87,1450.72,827.14,545.85,1443.41,1095.13,174.61,3577.54,1317.47,3414.47,,5332.53,10770.65,229.85
2024-06-21,3187.72,1478.31,6135.82,2855.07,1235.44,9364.91,1578.13,709.05,300.47,1396.53,1512.43,422.2,1187.68,4731.05,193.95,2447.8,1365.3,821.77,579.35,675.64,2369.48,1139.96,4302.88,1471.89,382.55,360.34,927.12,354.33,3502.34,2796.84,11957.91,925.58,1224.11,343.0,242.92,305.03,1443.52,1459.34,819.84,549.05,1439.73,1076.92,175.84,3599.74,1323.8,3378.49,,5261.79,10532.78,229.92
2024-06-24,3193.02,1453.18,6224.87,2860.2,1226.1,9504.37,1586.88,703.84,305.2,1400.23,1475.98,416.48,1196.27,4755.85,198.92,2496.39,1358.7,825.05,577.9,676.38,2370.35,1151.23,4308.37,1466.56,385.92,354.8,925.59,353.71,3498.97,2871.54,11940.17,895.27,1239.61,345.81,243.15,311.59,1430.88,1447.98,816.31,560.84,1466.47,1093.84,173.9,3605.45,1325.6,3391.02,,5391.08,10654.88,229.92
2024-06-25,3169.53,1449.1,6260.48,2823.07,1269.38,9421.18,1602.57,703.11,305.15,1395.44,1471.37,412.57,1200.91,4662.27,202.27,2498.23,1365.39,844.26,589.32,676.63,2360.65,1178.63,4226.36,1480.77,385.92,358.49,920.19,355.58,3554.65,2865.23,11874.7,890.88,1232.46,344.0,240.53,306.39,1443.47,1457.2,825.67,581.78,1476.97,1086.55,171.68,3625.9,1350.23,3381.18,,5334.18,10714.34,232.87
2024-06-26,3168.93,1460.69,6102.8,2827.91,1283.31,9240.46,1599.47,711.43,302.34,1439.38,1451.16,412.13,1199.26,4627.75,197.25,2533.26,1361.39,839.4,587.43,665.97,2373.65,1198.36,4218.77,1479.57,386.51,355.7,909.61,358.82,3569.66,2808.21,11954.72,876.92,1241.67,348.0,241.21,305.74,1502.9,1446.13,828.71,581.62,1492.62,1078.9,168.63,3642.34,1336.33,3351.66,,5359.16,11007.63,232.1
2024-06-27,3173.58,1478.31,6158.2,2845.19,1286.86,9184.67,1602.32,712.28,300.03,1455.45,1452.93,410.64,1232.02,4602.47,200.15,2617.98,1371.95,836.76,591.61,676.38,2389.72,1200.23,4214.53,1510.92,388.02,353.05,933.31,365.29,3531.46,2845.09,11935.61,918.1,1241.43,359.54,240.98,310.27,1519.31,1458.64,827.39,574.23,1487.81,1077.61,170.19,3716.3,1354.49,3370.46,,5324.39,11574.26,239.41
2024-06-28,3175.58,1470.94,6151.43,2880.94,1263.19,9266.79,1587.38,707.19,301.41,1424.14,1452.83,416.0,1264.91,4562.58,200.56,2650.58,1376.38,830.67,593.41,684.58,2400.3,1180.25,4221.12,1504.58,387.38,357.59,921.78,359.69,3515.66,2823.13,11793.6,937.94,1250.2,360.68,247.02,309.71,1553.9,1487.05,832.24,566.53,1492.32,1089.38,170.04,3687.97,1352.69,3393.99,,5475.11,11526.05,241.31
2024-07-01,3182.22,1467.36,6106.48,2891.56,1259.85,9296.78,1579.43,723.21,303.13,1433.95,1451.16,417.45,1255.3,4526.06,203.97,2706.12,1385.1,841.23,599.09,680.92,2431.4,1192.31,4215.03,1527.68,391.16,352.25,934.05,360.81,3493.96,2832.19,11866.91,953.05,1258.26,352.48,245.89,308.45,1548.69,1496.92,825.38,569.01,1491.59,1086.5,170.1,3757.91,1392.18,3421.15,,5510.88,11759.93,247.17
2024-07-02,3151.64,1467.71,6063.82,2889.39,1251.36,9168.87,1578.98,712.17,301.61,1399.39,1460.53,421.23,1258.57,4516.5,209.09,2722.55,1396.37,853.76,588.17,685.76,2412.04,1171.4,4241.93,1556.73,387.93,350.45,928.46,353.13,3592.99,2821.65,11802.18,910.47,1246.67,353.1,247.61,309.57,1553.68,1489.99,809.89,549.68,1495.46,1096.87,170.56,3794.94,1392.22,3389.45,,5531.11,11709.84,252.25
2024-07-03,3189.37,1503.34,6158.39,2889.34,1277.92,9189.5,1593.37,721.43,309.88,1400.28,1455.72,426.38,1269.56,4581.47,208.44,2721.95,1396.56,872.53,594.51,682.7,2436.5,1182.22,4271.78,1562.83,390.48,350.75,940.48,361.33,3580.95,2834.26,11881.61,919.89,1250.12,355.25,247.47,313.64,1541.02,1491.43,823.42,554.65,1505.18,1137.92,172.35,3745.68,1399.46,3350.17,,5489.34,11727.77,252.63
2024-07-04,3142.69,1496.37,6190.56,2898.57,1278.82,9227.0,1584.93,706.35,312.69,1403.43,1452.78,430.42,1280.12,4578.74,207.44,2714.51,1435.55,852.06,602.29,682.9,2422.52,1213.12,4281.51,1585.16,391.16,350.3,934.49,365.95,3540.28,2858.73,11848.24,915.16,1247.01,355.54,249.59,313.5,1542.61,1502.8,822.78,551.4,1528.68,1126.85,172.27,3798.3,1379.93,3325.99,,5592.6,11617.08,248.74
2024-07-05,3146.34,1493.19,6293.49,2899.56,1284.96,9397.63,1578.83,709.42,319.29,1409.99,1481.38,432.13,1288.15,4625.41,207.57,2727.56,1432.77,813.06,605.68,690.1,2472.07,1213.51,4315.61,1582.08,395.36,352.2,944.09,369.71,3593.63,2857.64,11862.4,911.17,1261.22,362.07,259.63,317.62,1576.95,1524.38,842.83,557.65,1538.98,1129.03,170.73,3789.65,1382.01,3259.54,,5615.04,11548.03,250.8
2024-07-08,3112.06,1468.16,6282.45,2862.27,1285.76,9293.86,1569.34,705.47,329.69,1415.36,1458.96,433.72,1290.95,4642.16,207.93,2721.75,1445.97,806.77,619.19,688.18,2511.04,1215.13,4230.8,1595.72,404.43,347.76,929.4,369.81,3598.44,2828.62,11783.56,923.73,1275.55,359.83,269.5,317.62,1589.14,1509.97,839.4,546.41,1527.21,1142.33,168.35,3772.08,1387.92,3146.73,,5589.41,11442.09,253.66
2024-07-09,3109.21,1470.84,6285.29,2869.04,1287.31,9298.44,1580.83,702.47,329.88,1415.76,1483.49,434.16,1300.57,4714.65,212.56,2741.26,1443.8,807.34,621.93,697.85,2513.95,1228.12,4297.84,1591.4,412.63,349.31,932.79,368.74,3632.22,2902.18,12571.6,915.01,1290.1,359.44,267.96,319.26,1578.59,1519.74,844.35,543.28,1555.66,1133.8,167.88,3764.81,1386.17,3205.5,,5588.01,11537.81,253.57
2024-07-10,3094.47,1480.6,6340.38,2959.36,1289.55,9306.58,1581.78,701.17,328.95,1425.13,1484.62,431.47,1302.49,4734.62,211.37,2781.31,1423.86,802.21,631.01,684.33,2533.65,1223.15,4274.03,1582.85,411.58,347.41,922.91,365.15,3616.32,2710.23,12517.8,904.94,1281.95,363.59,268.6,323.84,1572.59,1553.68,832.29,537.46,1568.56,1142.33,164.15,3692.69,1383.9,3215.32,,5563.18,11492.81,251.01
2024-07-11,3076.77,1476.67,6353.66,2984.64,1294.64,9232.8,1587.08,690.77,330.57,1418.13,1477.55,439.65,1302.92,4714.6,217.14,2780.76,1425.7,800.13,632.5,687.29,2532.1,1218.48,4313.11,1587.12,418.15,347.51,922.52,368.07,3587.64,2676.55,12461.35,894.77,1270.56,359.49,274.54,320.8,1569.04,1553.68,839.84,532.97,1552.08,1123.08,165.07,3706.43,1381.3,3238.85,,5630.37,11414.48,250.33
2024-07-12,3063.93,1479.5,6318.7,2962.02,1316.18,9197.65,1596.47,696.13,328.21,1413.49,1483.49,436.27,1327.56,4745.9,222.47,2822.6,1471.24,800.53,633.8,683.1,2545.11,1213.02,4324.34,1643.83,418.51,349.8,931.89,365.75,3615.63,2682.4,12311.7,897.91,1278.3,359.54,276.66,321.08,1584.99,1557.72,842.78,543.75,1552.62,1143.77,164.85,3952.27,1423.34,3220.16,,5646.36,11461.25,262.54
2024-07-15,3088.87,1487.81,6401.59,2919.9,1306.33,9434.25,1601.42,702.04,326.53,1417.78,1488.54,437.63,1342.44,4766.06,229.15,2782.89,1480.11,800.23,636.29,691.04,2543.21,1210.11,4378.45,1639.32,422.48,354.85,929.2,367.88,3617.86,2709.28,12391.52,918.55,1276.39,367.64,290.53,321.79,1585.49,1608.15,864.0,560.85,1561.38,1140.35,162.96,3938.34,1417.66,3214.53,,5670.64,11689.79,262.33
2024-07-16,3107.76,1491.79,6417.95,2937.63,1302.89,9478.14,1608.77,701.58,321.36,1446.28,1481.87,450.55,1320.83,4799.99,217.49,2806.32,1480.06,799.07,644.97,681.86,2609.36,1219.9,4423.62,1657.56,424.44,343.71,931.84,360.25,3602.95,2734.78,12387.21,918.35,1283.0,362.69,290.67,320.48,1564.67,1616.02,863.36,547.46,1554.59,1167.6,163.26,3947.08,1433.88,3224.35,,5642.41,11516.97,262.33
2024-07-18,3090.67,1486.67,6484.73,2895.26,1308.28,9388.26,1650.45,706.64,308.95,1463.2,1478.19,444.22,1325.1,4824.4,220.62,2771.03,1503.63,796.63,647.11,681.02,2657.84,1230.14,4409.8,1688.29,428.72,336.48,928.95,364.53,3622.42,2796.98,12391.62,931.86,1292.72,360.11,298.82,319.35,1575.02,1654.35,875.96,557.93,1569.31,1170.08,162.57,4076.58,1455.78,3252.31,,5303.91,11505.66,268.66
2024-07-19,3004.21,1462.19,6346.6,2909.58,1291.25,9154.05,1639.45,688.98,301.8,1441.6,1457.44,429.06,1318.84,4736.13,218.89,2722.6,1503.63,792.93,634.15,654.42,2646.78,1228.51,4274.18,1721.81,432.64,338.22,887.06,363.9,3585.06,2727.39,12274.26,917.8,1278.35,347.62,287.96,310.88,1543.72,1642.29,871.84,546.95,1544.11,1164.78,154.17,4073.6,1436.56,3249.22,,5161.88,11121.43,261.16
2024-07-22,2999.36,1460.25,6366.68,2897.98,1281.4,9177.12,1630.36,684.2,307.71,1445.2,1461.86,431.87,1345.65,4742.62,221.66,2790.64,1487.18,810.32,635.64,663.6,2654.83,1221.13,4329.23,1739.0,425.35,340.42,886.16,351.11,3617.71,2782.4,12388.88,927.62,1273.16,356.06,289.0,316.87,1489.65,1615.82,859.54,550.17,1562.51,1181.25,156.67,4059.35,1440.56,3244.69,,5205.69,11375.7,237.07
2024-07-23,2993.87,1500.05,6368.13,2861.24,1262.17,9150.59,1618.06,668.58,297.02,1445.49,1469.61,428.18,1364.35,4803.36,217.91,2802.05,1518.77,798.41,642.17,645.04,2684.97,1206.97,4308.12,1764.02,448.74,334.38,891.55,353.37,3505.36,2798.86,12376.92,932.41,1270.33,364.59,283.01,312.8,1476.97,1589.61,846.89,535.85,1576.54,1232.34,156.37,4073.55,1438.49,3456.45,,5259.24,11405.44,234.61
2024-07-24,2969.23,1477.61,6387.02,2876.74,1238.19,9031.31,1578.48,656.66,295.69,1435.14,1475.1,434.16,1355.43,4799.25,223.49,2786.02,1504.85,791.33,670.95,643.17,2637.12,1203.28,4368.42,1761.18,450.42,334.18,878.98,348.84,3486.93,2783.14,12237.95,944.87,1250.58,374.27,287.87,315.52,1484.71,1627.59,835.23,532.92,1594.11,1207.19,156.66,4077.25,1476.92,3467.96,,5282.27,11314.16,234.4
2024-07-25,2972.03,1479.8,6350.42,2865.48,1174.9,9048.92,1571.18,660.7,297.02,1429.17,1471.72,434.33,1362.0,4784.9,219.31,2776.74,1508.56,797.52,681.27,638.18,2627.56,1178.58,4424.72,1752.44,446.69,328.69,872.15,354.62,3585.71,2788.99,12259.46,923.78,1220.68,373.84,302.51,317.67,1481.44,1689.83,831.8,524.07,1639.74,1199.69,153.8,4092.63,1473.74,3395.58,,5305.35,11302.41,237.56
2024-07-26,3078.97,1535.28,6627.63,2913.63,1176.34,9258.26,1585.68,674.81,305.35,1493.52,1545.25,448.27,1367.06,4894.11,224.62,2822.15,1553.93,798.28,701.41,658.96,2631.29,1187.73,4485.82,1804.35,457.85,331.38,898.13,362.35,3645.9,2864.78,12410.88,945.77,1218.84,377.79,298.73,322.11,1497.94,1745.2,845.47,572.19,1687.43,1204.72,158.85,4154.51,1484.48,3483.67,,5388.68,11531.14,245.97
2024-07-29,3087.82,1541.2,6644.64,2918.12,1169.05,9321.41,1616.36,677.07,316.63,1460.93,1524.6,450.29,1359.39,4845.05,226.89,2807.16,1551.08,791.82,694.93,658.22,2631.83,1193.14,4431.81,1796.86,452.25,329.69,896.14,358.37,3740.07,2909.62,12496.97,931.41,1215.59,375.51,299.9,320.38,1508.93,1740.96,854.44,575.72,1696.29,1192.56,159.16,4148.12,1469.26,3401.46,,5512.62,11729.45,245.79
2024-07-30,3127.2,1538.76,6604.21,2967.85,1169.0,9327.94,1641.85,678.18,313.43,1450.08,1500.02,456.62,1352.25,4834.89,227.13,2770.14,1549.09,797.0,695.28,651.95,2612.22,1189.95,4466.45,1802.67,446.64,328.84,899.68,356.81,3749.68,2898.81,12616.64,915.41,1209.36,387.95,299.0,327.35,1502.03,1715.4,855.62,569.66,1674.98,1186.11,160.33,4133.2,1481.49,3457.84,,5615.64,11732.08,244.43
2024-07-31,3167.83,1562.3,6578.65,3046.27,1165.1,9425.33,1650.85,676.52,311.41,1470.99,1515.13,459.13,1341.59,4845.49,229.45,2756.09,1560.82,797.1,713.53,660.94,2626.05,1195.31,4464.66,1794.12,451.61,327.99,925.76,361.16,3779.75,2884.62,12853.95,919.6,1208.72,396.58,301.07,325.86,1494.36,1747.89,855.23,573.55,1692.45,1180.2,161.56,4152.14,1497.24,3448.57,,5833.95,11812.33,244.66
2024-08-01,3215.66,1582.45,6669.25,3060.98,1171.3,9489.99,1634.0,673.01,306.58,1484.74,1516.99,475.13,1368.91,4851.44,234.09,2746.42,1558.87,808.47,711.63,664.79,2635.66,1190.58,4396.87,1779.09,450.1,328.19,932.04,358.12,3744.38,2805.86,13092.35,921.34,1222.33,403.68,307.87,337.93,1504.17,1761.44,845.67,584.76,1688.36,1199.46,159.34,4163.27,1487.66,3457.94,,5765.8,11909.01,244.45
2024-08-02,3159.33,1580.31,6672.98,3068.24,1159.86,9378.51,1622.66,668.38,298.5,1473.21,1512.64,461.15,1384.05,4615.06,262.34,2686.66,1529.18,818.51,705.45,639.67,2613.34,1177.25,4305.22,1748.94,445.91,325.74,897.13,360.27,3631.83,2727.74,12590.13,913.66,1227.79,400.1,297.38,335.26,1488.31,1739.17,831.16,585.32,1704.56,1184.87,154.61,4055.28,1452.26,3451.96,,5533.46,11690.4,235.36
2024-08-05,3036.69,1486.62,6650.55,3055.11,1132.53,9250.6,1566.94,655.62,285.99,1445.49,1499.04,445.59,1353.82,4565.31,256.29,2592.82,1484.61,797.1,708.94,606.35,2636.0,1153.69,4213.28,1682.39,443.08,316.56,861.48,354.32,3495.4,2657.6,12070.21,863.26,1235.57,393.95,279.5,320.8,1436.69,1716.54,795.67,565.63,1693.43,1190.58,146.41,3934.09,1402.8,3365.82,,5342.27,11345.33,227.32
2024-08-06,3071.18,1486.87,6620.82,3063.35,1125.14,9194.38,1563.34,649.83,283.03,1423.65,1515.71,439.26,1352.9,4543.98,249.08,2611.0,1503.95,789.92,677.73,602.4,2669.15,1148.03,4254.26,1681.62,443.36,310.87,881.63,353.7,3543.16,2611.97,12001.21,861.01,1234.39,395.62,275.76,318.88,1445.35,1669.0,782.0,554.94,1680.83,1176.88,146.89,3949.38,1428.85,3325.09,,5216.18,11253.96,229.43
2024-08-07,3184.37,1536.33,6683.12,3063.06,1135.83,9468.24,1570.63,659.64,295.79,1429.8,1537.13,467.3,1376.54,4538.3,265.67,2627.49,1515.21,800.92,694.33,615.63,2663.32,1153.54,4310.62,1720.56,449.15,329.24,904.02,354.9,3604.63,2659.48,12239.03,852.14,1241.42,399.99,296.48,329.46,1454.06,1680.16,792.73,572.2,1707.31,1190.77,150.35,3977.07,1419.46,3316.27,,5467.71,11470.49,233.13
2024-08-08,3165.98,1511.65,6505.66,2968.2,1137.18,9402.99,1539.3,654.18,293.87,1439.76,1553.36,460.23,1378.91,4518.31,265.59,2535.43,1480.29,810.4,708.39,606.11,2652.79,1145.82,4249.77,1673.99,451.06,325.89,885.17,354.14,3520.71,2661.57,12088.02,872.43,1224.84,391.73,290.71,320.66,1438.48,1700.69,792.14,561.87,1709.87,1169.63,146.86,3950.66,1412.53,3286.61,,5639.21,11187.09,228.4
2024-08-09,3185.97,1526.37,6551.35,3002.96,1141.77,9524.56,1559.44,657.76,297.76,1451.96,1558.11,465.81,1393.86,4768.77,267.09,2563.42,1510.79,814.1,700.46,618.37,2666.38,1152.71,4282.96,1700.49,452.11,325.09,902.67,353.52,3558.86,2727.24,12093.31,880.66,1232.52,394.56,299.59,323.8,1463.47,1719.43,808.07,578.67,1708.15,1177.42,148.35,4003.87,1451.3,3321.7,,6269.92,11229.17,230.27
2024-08-12,3150.19,1494.13,6466.38,3015.41,1163.31,9470.82,1558.24,656.76,296.97,1446.51,1569.48,460.66,1368.63,4747.24,263.43,2561.78,1506.33,818.98,700.51,624.77,2667.84,1163.82,4244.48,1726.08,450.92,328.64,914.89,354.1,3538.94,2695.99,12141.83,868.14,1216.97,385.15,307.47,319.26,1449.89,1699.4,796.6,582.19,1706.72,1162.19,148.59,3972.53,1456.88,3310.89,,6376.83,11231.66,229.22
2024-08-13,3090.67,1476.27,6552.9,2986.12,1158.61,9432.54,1542.6,642.54,291.8,1447.6,1566.71,458.73,1380.92,4740.78,257.08,2510.12,1513.36,790.91,683.11,616.88,2660.75,1159.4,4220.27,1726.13,446.73,322.8,905.41,350.01,3518.98,2696.39,12045.87,865.8,1222.67,380.68,302.6,315.33,1452.87,1676.87,781.85,565.61,1712.87,1170.13,145.49,3973.76,1448.12,3373.4,,6376.18,11200.21,229.9
2024-08-14,3038.59,1454.87,6479.75,2988.39,1152.12,9508.61,1528.41,641.89,290.17,1459.5,1547.27,443.74,1351.64,4672.66,260.14,2503.29,1545.19,793.18,684.46,616.93,2641.97,1152.76,4202.8,1750.91,448.74,319.7,887.91,349.18,3512.44,2723.37,12074.96,867.5,1217.7,380.82,295.62,312.1,1451.11,1686.54,787.19,566.34,1714.4,1158.96,142.84,4066.83,1468.35,3391.94,,6432.78,10933.3,232.08
2024-08-16,3107.26,1486.22,6660.08,3010.42,1165.85,9643.74,1549.15,655.05,299.66,1471.25,1559.44,454.93,1350.16,4756.33,264.43,2590.92,1585.19,805.17,687.5,629.53,2667.4,1178.16,4270.48,1785.19,458.26,327.64,906.01,355.05,3535.38,2817.81,12082.53,882.6,1242.73,382.46,296.93,319.51,1467.34,1683.35,796.11,583.25,1715.48,1179.01,146.11,4181.21,1527.01,3434.41,,6496.77,11224.55,241.97
2024-08-19,3101.01,1489.2,6697.92,3038.22,1152.27,9529.14,1550.34,657.58,298.52,1457.47,1558.85,463.54,1373.56,4751.69,262.17,2588.98,1594.93,804.9,683.81,654.05,2661.87,1166.9,4224.81,1790.81,457.17,330.93,915.29,355.86,3522.2,2743.11,12019.71,872.03,1231.75,387.31,302.06,321.11,1482.48,1666.06,797.68,601.65,1720.45,1168.74,150.45,4251.23,1536.01,3454.45,,6684.11,11244.08,243.61
2024-08-20,3069.13,1485.32,6646.13,3064.79,1167.0,9537.97,1601.32,668.1,299.51,1437.14,1546.33,465.85,1384.29,4820.74,263.12,2627.14,1602.77,807.93,708.64,668.0,2670.12,1170.42,4294.79,1797.91,454.75,333.63,914.69,360.71,3539.69,2749.21,12084.16,875.02,1239.31,390.34,297.38,321.3,1490.0,1755.51,804.15,618.14,1738.71,1162.58,150.42,4282.75,1568.71,3464.47,,6788.02,11278.21,245.9
2024-08-21,3114.16,1496.22,6725.36,3112.54,1173.4,9608.48,1620.16,669.4,301.73,1451.32,1577.75,472.6,1403.59,4850.65,260.03,2675.12,1593.75,802.06,722.55,680.61,2709.09,1165.85,4292.6,1798.39,460.77,330.58,923.31,362.17,3562.82,2747.33,12090.09,865.0,1255.67,392.93,295.22,317.67,1492.71,1794.68,799.5,617.98,1737.04,1168.89,148.46,4309.46,1545.64,3549.72,,6777.33,11130.35,246.7
2024-08-22,3097.51,1485.07,6803.15,3147.15,1168.95,9669.15,1624.91,670.22,300.84,1474.03,1569.04,469.63,1385.03,4870.4,257.96,2745.16,1592.7,804.77,724.0,680.56,2710.64,1181.98,4475.59,1805.65,460.0,329.09,930.74,363.88,3573.18,2711.17,12144.9,865.85,1255.3,387.55,292.2,315.17,1492.17,1789.35,804.15,614.96,1723.26,1196.93,150.63,4262.59,1552.0,3593.59,,6983.75,11238.17,243.26
2024-08-23,3074.83,1484.08,6833.18,3115.6,1164.95,10149.23,1639.1,669.45,302.32,1494.26,1557.91,478.51,1382.13,4835.4,262.65,2738.59,1578.73,801.69,726.99,680.11,2732.77,1194.28,4702.5,1788.22,461.14,326.64,938.52,363.18,3565.3,2737.01,12170.57,851.97,1244.57,386.21,289.52,317.29,1494.01,1783.42,799.3,611.62,1747.97,1188.0,150.69,4226.51,1539.62,3559.29,,6942.74,11270.36,240.16
2024-08-26,3067.48,1475.37,6752.8,3132.09,1169.3,10174.68,1685.38,673.68,303.01,1501.0,1577.1,477.84,1379.91,4812.79,259.39,2726.68,1633.84,809.04,723.65,706.67,2738.16,1204.01,4712.14,1801.71,461.04,322.75,960.91,362.08,3608.25,2770.84,12112.7,859.86,1239.82,398.6,297.65,319.18,1506.58,1790.35,799.01,618.59,1744.72,1211.07,152.15,4263.01,1579.84,3619.31,,6919.61,11265.69,243.72
2024-08-27,3065.58,1471.19,6754.25,3127.01,1180.24,10242.03,1718.16,682.15,297.28,1510.13,1581.16,471.89,1383.81,4806.53,,2690.11,1626.39,807.95,737.51,698.38,2685.5,1216.96,4738.74,1824.71,456.39,,941.46,360.25,3668.49,2758.64,12363.09,853.32,1240.76,393.6,298.55,316.44,1494.48,1832.91,799.84,631.75,1761.4,1200.7,151.17,4258.0,1564.86,3540.59,,6863.95,11229.17,242.39
2024-08-28,3026.5,1462.68,6749.27,3086.81,1169.95,10393.34,1712.67,685.77,296.35,1543.45,1601.1,467.41,1391.04,4883.53,253.04,2705.71,1633.84,807.63,740.05,699.92,2683.03,1214.48,4851.65,1862.16,453.39,321.75,946.7,357.85,3654.96,2775.7,12225.18,864.8,1226.51,393.03,297.6,315.59,1492.34,1837.64,793.47,626.35,1783.5,1192.31,150.2,4266.42,1567.51,3516.92,,7235.83,11164.03,250.57
2024-08-29,3018.65,1468.9,6829.69,3077.28,1174.4,10540.71,1754.8,702.02,292.64,1552.92,1601.44,468.47,1377.49,4852.97,252.34,2666.5,1664.63,808.35,734.87,695.4,2703.31,1212.54,4751.82,1856.64,460.5,325.14,937.18,355.04,3649.41,2735.62,12320.45,865.55,1232.44,393.84,299.23,314.51,1514.87,1837.64,798.47,626.09,1771.05,1189.63,149.48,4271.87,1586.77,3522.6,,7164.44,11151.32,252.49
2024-08-30,3017.85,1474.73,6899.71,3088.09,1174.25,10622.34,1782.18,715.6,295.7,1575.88,1637.41,466.16,1397.41,4897.0,250.53,2689.07,1665.96,807.53,736.66,696.24,2696.28,1219.79,4821.85,1866.58,457.58,321.2,938.57,355.75,3670.42,2783.04,12270.2,861.46,1230.57,399.9,300.28,318.37,1503.62,1844.22,799.55,626.87,1793.15,1191.32,149.28,4311.59,1576.32,3554.45,,7152.55,11230.71,252.35
2024-09-02,3040.64,1487.26,6852.45,3111.95,1187.78,10851.09,1839.65,739.44,293.33,1558.32,1629.25,462.52,1365.77,4849.07,244.45,2681.05,1716.7,802.63,743.25,678.92,2707.0,1220.53,4784.96,1886.55,465.01,344.36,937.92,355.64,3649.07,2754.87,12294.33,880.93,1235.08,393.94,296.15,316.63,1510.22,1882.55,805.97,630.93,1787.54,1190.87,149.4,4280.62,1586.1,3576.79,,7142.01,11352.94,249.56
2024-09-03,3034.6,1472.39,6817.39,3115.8,1190.58,10770.68,1864.69,730.87,293.58,1547.66,1635.73,461.41,1362.13,4803.51,247.7,2697.04,1701.31,807.76,756.66,673.96,2712.1,1238.15,4805.28,1864.23,464.42,349.65,928.45,356.35,3656.05,2762.65,12264.36,870.8,1245.34,390.48,292.52,315.78,1503.12,1922.31,808.56,640.0,1783.16,1190.18,148.68,4272.39,1583.64,3610.28,,7036.7,11388.61,251.25
2024-09-04,3010.86,1464.97,6903.1,3191.65,1176.69,10692.71,1870.99,725.47,295.36,1548.95,1634.44,447.25,1348.89,4771.68,242.85,2747.65,1696.37,809.95,756.71,661.95,2757.66,1226.88,4806.88,1846.17,461.64,346.66,930.54,356.35,3617.07,2727.69,12204.16,880.13,1247.3,389.23,285.43,314.13,1508.53,1905.92,800.43,634.59,1804.17,1186.16,147.73,4241.05,1584.8,3596.88,,7133.72,11507.51,243.33
2024-09-05,3013.86,1458.45,6906.48,3198.16,1179.54,10587.42,1864.04,720.05,287.11,1534.37,1610.55,441.34,1330.71,4738.66,254.85,2731.66,1701.4,811.75,749.78,665.07,2754.95,1226.49,4820.4,1856.45,466.06,344.81,922.96,355.18,3590.66,2701.4,12166.91,884.48,1232.61,387.45,282.71,312.57,1487.04,1901.58,802.63,634.89,1797.92,1179.91,148.26,4237.92,1579.21,3711.68,,7161.45,11469.95,246.0
2024-09-06,2973.98,1435.42,6879.1,3233.18,1157.76,10562.41,1856.25,727.23,280.19,1526.49,1594.02,433.84,1325.03,4691.67,259.95,2683.09,1668.67,807.56,736.36,662.24,2755.43,1198.9,4775.63,1826.39,457.4,336.33,930.29,352.42,3541.72,2676.6,12055.67,897.51,1231.78,379.34,280.35,311.2,1459.0,1890.07,767.1,632.96,1796.0,1165.21,147.77,4219.74,1563.56,3684.41,,7097.4,11360.84,244.01
2024-09-09,2962.68,1428.95,6833.18,3240.14,1169.85,10579.47,1859.54,730.24,278.17,1529.86,1603.03,430.2,1322.79,4686.58,263.2,2700.53,1659.79,812.27,733.77,653.76,2835.84,1225.54,4800.39,1819.47,466.56,341.17,931.74,357.62,3545.24,2687.26,12015.7,881.38,1238.45,374.58,271.36,310.02,1456.63,1895.5,768.81,648.62,1793.35,1183.28,146.06,4212.93,1521.13,3673.49,,7130.47,11421.95,241.31
2024-09-10,2984.92,1446.36,6893.79,3254.26,1186.19,10716.16,1823.61,719.74,282.32,1564.77,1614.75,436.1,1321.7,4676.56,267.7,2692.75,1690.52,814.17,700.96,654.7,2813.33,1227.83,4823.7,1836.42,468.25,350.95,936.23,357.91,3562.92,2668.56,12132.09,877.74,1247.67,380.78,268.37,315.31,1455.71,1847.36,767.24,637.74,1807.62,1195.29,146.01,4268.13,1548.29,3716.22,,7131.77,11468.36,246.42
2024-09-11,2936.39,1423.67,6872.57,3325.77,1185.09,11138.46,1832.26,730.05,284.59,1564.72,1611.14,429.75,1314.17,4666.15,271.75,2671.43,1690.19,810.99,698.22,642.98,2818.71,1226.88,4892.13,1834.36,468.93,343.76,925.26,357.44,3504.27,2633.1,12111.51,875.99,1243.42,374.39,259.02,314.41,1445.73,1853.04,753.47,641.62,1816.82,1195.54,144.79,4241.14,1543.67,3699.97,,7142.66,11415.09,241.08
2024-09-12,2989.52,1465.47,7033.47,3341.37,1202.32,11433.72,1853.95,738.27,288.2,1633.1,1639.73,440.14,1328.35,4812.6,283.9,2747.11,1717.61,822.19,712.58,671.28,2869.43,1242.56,4986.22,1873.06,473.63,349.26,952.24,365.07,3588.53,2719.05,12268.07,912.75,1243.91,388.99,266.96,319.13,1473.91,1869.79,772.24,665.26,1836.21,1213.75,148.28,4277.45,1582.82,3752.96,,7204.26,11636.49,248.43
2024-09-13,2966.88,1445.07,6991.0,3316.48,1216.41,11447.04,1893.53,755.19,286.47,1620.9,1642.16,435.35,1323.74,4796.11,272.9,2774.26,1722.55,821.87,703.46,668.35,2846.67,1240.78,4934.01,1866.96,468.47,351.35,951.99,363.65,3579.62,2717.27,12184.18,906.95,1245.65,385.68,264.6,318.23,1466.77,1840.43,775.28,658.9,1824.75,1201.4,149.99,4282.09,1595.15,3755.7,,7226.89,11644.14,258.07
2024-09-16,2983.42,1433.72,7003.15,3294.51,1230.0,11399.44,1856.7,730.07,286.91,1621.89,1641.86,438.01,1321.04,4836.49,277.7,2755.28,1721.64,824.33,699.42,680.16,2782.75,1253.18,4938.75,1872.87,465.97,348.26,968.39,365.84,3628.41,2735.42,12157.42,929.93,1254.61,395.0,265.55,319.18,1465.5,1815.27,770.09,668.82,1833.8,1209.54,150.7,4273.24,1588.36,3729.43,,7312.46,11569.32,258.68
2024-09-17,2973.73,1419.69,6979.94,3271.79,1231.05,11654.92,1847.8,732.03,280.88,1647.97,1654.13,433.79,1317.97,4788.11,270.75,2744.86,1723.45,823.27,696.97,678.03,2788.97,1258.39,4925.43,1875.08,462.91,351.1,961.66,368.9,3661.06,2765.43,12114.63,963.59,1253.26,399.99,267.5,317.9,1466.44,1813.17,767.49,669.93,1836.9,1211.27,149.34,4266.04,1590.82,3756.1,,7397.04,11572.3,258.68
2024-09-18,2954.84,1421.88,7007.68,3234.11,1239.39,11473.86,1887.28,758.43,279.45,1641.18,1634.14,432.55,1305.28,4788.26,275.85,2712.83,1669.05,836.1,696.87,680.26,2791.25,1278.49,4916.34,1817.07,462.55,346.36,954.13,367.52,3695.98,2785.82,12073.42,961.84,1278.01,397.93,263.65,315.45,1457.63,1836.4,777.15,699.29,1807.27,1192.02,147.17,4115.02,1546.37,3714.17,,7329.65,11557.64,252.23
2024-09-19,2941.69,1401.38,7002.05,3253.08,1241.64,11574.65,1889.48,754.38,269.42,1651.05,1620.39,424.43,1292.31,4802.63,278.85,2729.02,1650.05,842.86,699.57,679.22,2826.09,1282.11,4865.33,1819.04,463.37,346.11,945.85,373.96,3649.66,2775.2,12219.25,983.71,1296.24,407.34,258.97,316.02,1463.83,1834.9,774.4,689.64,1817.17,1206.31,146.13,4067.68,1536.69,3769.61,,7319.81,11554.26,249.98
2024-09-20,3007.01,1431.73,7054.24,3266.01,1243.94,11646.53,1915.87,753.59,274.02,1697.56,1621.33,435.97,1301.97,4899.62,290.5,2668.54,1672.42,858.99,709.14,689.34,2890.0,1328.2,4895.38,1830.13,468.98,353.35,978.91,380.46,3758.84,2927.33,12479.43,1066.72,1328.4,407.34,259.88,321.63,1480.01,1864.11,766.31,690.96,1836.56,1207.9,148.56,4057.03,1562.4,3785.81,,7458.69,11723.99,252.68
2024-09-23,3042.44,1449.1,7124.11,3236.88,1245.74,12033.96,1919.02,754.85,282.86,1735.94,1640.62,444.54,1322.5,4817.09,297.0,2657.23,1665.53,868.17,725.49,685.52,2939.45,1311.78,4922.03,1821.2,471.3,353.7,979.46,386.49,3752.7,3025.49,12547.29,1052.98,1341.0,411.57,268.23,321.91,1487.43,1913.84,786.07,697.92,1833.56,1202.64,150.48,4041.5,1548.05,3808.64,,7616.85,11886.7,250.71
2024-09-24,3092.37,1449.6,7093.43,3208.19,1238.49,12136.07,1903.72,750.79,288.29,1742.09,1620.24,447.82,1321.69,4814.47,291.7,2609.81,1687.2,872.24,718.71,712.62,2863.75,1308.5,4818.96,1823.27,469.75,351.9,987.04,382.5,3756.57,3049.8,12602.2,1029.21,1326.85,411.33,271.86,330.31,1483.45,1858.23,782.54,687.87,1838.87,1202.74,156.87,4044.16,1576.9,3773.54,,7614.75,11687.57,252.89
2024-09-25,3103.56,1445.52,7104.84,3204.58,1267.02,12090.82,1927.56,757.71,286.37,1745.81,1625.83,448.71,1329.86,4832.59,285.4,2652.35,1693.66,877.69,714.57,713.22,2862.2,1313.71,4774.13,1820.1,471.85,352.25,980.01,379.15,3758.79,3066.41,12648.4,988.71,1327.32,419.02,271.18,343.24,1488.01,1857.48,777.49,689.38,1841.28,1180.85,157.98,4047.42,1543.81,3726.04,,7608.31,11741.87,251.32
2024-09-26,3121.1,1465.47,7139.1,3236.48,1276.01,12309.67,1981.83,772.08,287.01,1756.42,1604.66,449.82,1340.38,4930.32,283.9,2735.9,1695.04,879.83,727.54,729.3,2898.25,1318.87,4859.34,1824.85,476.59,349.31,1002.85,380.02,3727.39,3155.75,13240.49,996.2,1355.93,417.58,268.0,344.84,1491.99,1892.06,786.07,709.8,1868.7,1204.52,161.84,4064.23,1547.86,3746.28,,7838.61,11989.0,253.99
2024-09-27,3128.75,1449.65,7204.98,3269.77,1272.06,12353.32,2009.72,770.84,289.92,1720.22,1654.82,458.3,1341.47,4997.8,278.15,2773.06,1718.37,864.64,728.19,741.71,2878.99,1296.6,4937.36,1831.09,476.54,358.59,998.86,374.06,3671.41,3158.28,13351.1,993.6,1351.11,419.79,269.82,334.27,1520.1,1876.47,786.85,708.36,1918.21,1192.71,162.75,4079.57,1550.08,3805.25,,7826.92,11877.01,253.94
2024-09-30,3134.3,1441.19,7170.27,3287.89,1231.15,12040.79,1972.44,765.58,281.67,1695.38,1636.62,453.02,1341.81,4961.91,273.3,2785.42,1706.68,854.48,716.02,750.69,2871.27,1263.25,4779.37,1801.18,472.39,350.05,1027.28,370.36,3641.59,3070.23,13096.25,984.61,1323.67,425.84,270.18,332.95,1470.7,1837.94,772.39,699.73,1896.55,1188.14,164.71,4041.5,1519.2,3812.48,,7568.09,11727.66,253.78
2024-10-01,3184.52,1460.39,7124.66,3236.78,1225.6,11856.95,1974.29,765.58,280.54,1684.62,1647.25,451.55,1341.31,4909.0,274.15,2791.0,1726.06,851.59,708.24,756.01,2837.74,1264.64,4896.97,1828.79,470.62,350.45,1024.54,375.45,3619.74,3140.27,13025.03,969.08,1332.09,422.86,265.05,331.02,1459.0,1828.17,781.26,698.45,1889.91,1187.45,163.22,4059.87,1565.63,3764.62,,7606.11,11762.59,256.26
2024-10-03,3114.46,1418.3,6878.25,3110.32,1174.7,11514.62,1912.47,738.83,275.35,1659.58,1639.04,446.09,1338.64,4721.28,269.0,2756.12,1690.0,829.78,700.31,741.66,2808.23,1246.73,4708.89,1818.27,467.47,345.06,1036.31,364.14,3465.33,3104.91,12511.93,941.06,1316.24,418.3,265.14,324.74,1401.38,1799.62,778.47,666.97,1880.95,1144.27,163.17,4007.66,1545.07,3663.92,,7481.42,11650.95,248.48
2024-10-04,3109.11,1406.86,6746.43,3034.47,1177.39,11483.37,1883.63,716.71,273.87,1627.3,1606.14,441.52,1318.29,4646.55,275.3,2735.15,1688.15,817.77,706.85,742.46,2764.94,1230.26,4601.57,1842.04,459.08,338.27,1030.97,361.38,3461.67,2993.4,12470.77,925.28,1278.5,413.59,268.05,319.74,1381.01,1792.19,780.97,652.65,1880.17,1122.08,162.95,4026.12,1557.01,3659.09,,7346.94,11378.13,250.08
2024-10-07,3016.5,1348.64,6745.98,3024.34,1144.72,11329.91,1878.38,722.48,264.14,1648.27,1607.48,426.65,1313.65,4608.2,266.1,2710.64,1688.48,798.11,703.9,725.98,2750.05,1224.45,4477.63,1857.55,465.15,335.83,1016.01,357.64,3436.3,3035.81,12393.36,915.34,1266.54,399.18,262.78,310.4,1365.27,1782.08,755.48,645.42,1875.44,1103.22,160.61,4045.62,1559.03,3578.48,,7443.05,11159.61,249.09
2024-10-08,3159.13,1411.68,6896.52,3049.82,1152.32,11595.23,1837.25,714.29,276.88,1643.71,1623.36,436.77,1322.82,4633.37,278.7,2728.27,1700.36,814.52,708.14,716.55,2735.88,1227.13,4595.18,1871.24,463.1,345.06,995.52,360.26,3499.76,3140.62,12397.76,954.75,1270.43,404.46,266.41,308.7,1391.79,1722.37,766.07,651.28,1887.15,1110.82,155.88,4027.07,1569.2,3482.87,,8034.99,11318.06,246.98
2024-10-09,3152.19,1401.33,6980.79,3040.74,1169.15,11525.99,1866.04,725.57,279.01,1664.19,1662.74,432.42,1324.57,4648.62,279.95,2705.91,1719.6,805.68,715.32,722.25,2687.49,1234.62,4700.36,1875.27,448.28,342.47,991.83,359.75,3454.88,3127.87,12624.07,961.19,1238.08,402.06,261.92,311.16,1369.13,1731.69,781.7,662.76,1900.64,1109.58,155.44,4026.78,1597.8,3482.97,,8213.73,11278.66,248.95
2024-10-10,3172.63,1410.34,6927.15,3021.23,1183.24,11539.54,1874.79,727.48,283.45,1664.19,1601.79,433.44,1308.32,4637.76,275.35,2712.58,1718.6,820.11,721.66,724.83,2673.66,1233.98,4657.28,1842.86,448.6,343.26,1004.69,374.79,3428.38,3168.84,12805.5,951.25,1236.33,406.14,262.15,315.5,1365.6,1728.8,781.41,652.92,1858.21,1105.95,156.08,4002.59,1560.14,3436.91,,8021.9,11358.05,246.07
2024-10-11,3135.65,1401.43,6955.39,2999.6,1171.45,11583.38,1875.49,725.72,282.46,1673.41,1578.88,437.75,1311.52,4667.53,277.55,2715.67,1748.06,814.49,721.85,741.91,2701.32,1213.64,4685.53,1858.32,445.09,340.97,1009.33,376.05,3450.37,3109.37,12639.84,938.72,1236.01,405.95,265.6,311.44,1366.64,1729.35,784.01,653.61,1872.19,1104.91,157.0,3928.55,1586.49,3463.98,,8227.82,11349.36,247.61
2024-10-14,3099.56,1403.47,7064.15,3001.53,1163.36,11605.18,1866.29,716.46,282.27,1681.54,1581.56,442.5,1323.59,4718.62,280.05,2717.02,1763.5,832.79,738.56,737.59,2707.05,1222.32,4671.06,1881.17,453.07,339.52,1009.78,381.72,3522.2,3129.76,12403.6,946.16,1231.21,407.87,260.11,312.05,1367.07,1732.59,789.3,664.19,1879.87,1105.36,154.71,3916.67,1630.26,3487.31,,8184.76,11229.12,257.57
2024-10-15,3103.16,1413.42,7111.51,3029.13,1152.86,11236.72,1853.05,697.39,285.38,1703.01,1555.14,439.08,1314.0,4661.65,279.55,2725.88,1776.99,830.82,712.28,721.66,2699.62,1245.89,4748.43,1881.56,454.53,336.23,998.16,378.6,3519.08,3130.65,12313.48,967.88,1222.45,409.89,257.56,311.25,1338.68,1718.09,788.81,665.34,1868.75,1107.05,152.08,3897.87,1613.74,3497.97,,8117.22,11344.99,249.79
2024-10-16,3084.37,1397.0,7042.94,3043.95,1152.22,11329.81,1861.14,691.37,282.27,1719.57,1545.69,440.23,1333.72,4618.37,274.25,2754.08,1772.39,838.57,724.8,727.76,2699.43,1233.63,4691.92,1843.91,449.65,333.13,986.69,374.84,3499.96,3043.55,12251.3,963.09,1211.63,407.63,259.11,308.75,1348.69,1728.05,789.6,663.24,1868.8,1105.75,151.7,3877.18,1599.25,3460.59,,7799.04,11250.98,249.42
2024-10-17,3012.26,1387.95,6961.26,3018.02,1130.88,9869.32,1814.92,685.72,281.13,1687.05,1542.23,435.04,1332.36,4564.66,270.55,2696.04,1774.81,825.42,724.1,729.45,2658.08,1221.82,4616.2,1890.01,445.73,328.64,976.87,372.38,3537.31,2940.97,12013.72,936.17,1170.51,401.39,255.66,312.48,1351.03,1696.41,795.09,637.45,1859.99,1082.13,148.93,3890.49,1636.52,3393.14,,7712.97,10947.9,247.83
2024-10-18,3000.51,1398.79,6954.89,2955.11,1195.83,9815.19,1819.01,685.72,283.7,1693.69,1535.3,437.08,1339.72,4704.65,257.45,2750.94,1765.21,829.71,740.4,748.01,2637.17,1254.82,4655.18,1805.02,443.72,329.84,989.93,373.78,3544.74,2940.62,11975.48,936.32,1156.51,408.3,257.2,313.33,1353.89,1700.45,804.25,654.29,1880.46,1085.21,151.85,3913.31,1625.83,3371.3,,7761.33,10999.58,257.15
2024-10-21,2936.19,1368.84,6958.38,3011.45,1189.28,10240.95,1757.54,673.93,278.91,1678.52,1507.64,431.04,1331.04,4748.87,265.7,2708.4,1751.81,852.82,743.79,734.22,2614.31,1249.41,4583.25,1779.24,440.94,326.69,978.81,357.43,3552.47,2974.3,12045.53,950.35,1158.68,408.35,251.12,312.48,1363.75,1706.23,797.93,648.15,1867.32,1009.57,151.5,3872.31,1638.64,3353.16,,7599.97,10800.84,256.89
2024-10-22,2822.4,1356.25,6864.3,2969.63,1174.75,10112.07,1721.76,663.69,268.39,1678.22,1494.39,415.9,1324.08,4698.13,256.35,2645.73,1743.35,845.84,726.19,715.01,2602.81,1257.79,4516.77,1778.13,439.25,313.56,961.06,352.22,3479.45,2864.19,11795.63,922.14,1156.51,399.47,245.85,304.55,1338.01,1692.57,774.84,636.65,1858.02,990.91,146.96,3811.23,1634.17,3319.81,,7490.86,10756.96,255.65
2024-10-23,2834.15,1333.96,6879.05,2952.69,1159.41,10325.07,1738.85,695.29,265.42,1671.82,1469.9,421.01,1313.25,4617.87,264.05,2623.66,1765.35,856.33,721.76,711.88,2581.07,1242.02,4512.37,1799.07,437.93,314.21,951.89,353.15,3423.47,2771.24,11828.18,913.15,1145.15,392.31,245.9,299.03,1333.2,1710.36,770.53,625.55,1810.57,1007.09,145.39,3859.4,1672.12,3278.73,,7504.8,10685.32,256.47
2024-10-24,2828.8,1347.84,6926.26,2935.21,1166.35,10047.85,1741.25,699.77,268.09,1664.53,1476.53,423.8,1308.24,4608.74,254.3,2657.03,1764.53,863.16,712.88,685.67,2431.4,1243.16,4512.23,1789.42,430.05,315.61,955.53,352.03,3410.84,2803.82,11637.74,905.11,1111.44,395.77,244.31,301.15,1334.47,1629.93,778.91,634.81,1819.97,989.12,145.58,3841.99,1671.92,3320.91,,7481.52,10974.04,256.33
2024-10-25,2692.12,1312.32,6916.99,2921.38,1188.33,9953.83,1706.57,686.78,269.08,1652.19,1473.16,409.46,1294.73,4532.83,253.8,2605.72,1771.66,860.07,707.49,673.81,2453.68,1245.84,4358.73,1788.17,439.71,310.72,941.32,353.36,3295.66,2699.16,11379.68,936.92,1112.45,383.28,239.72,297.99,1322.57,1611.44,765.58,604.99,1831.29,965.89,142.54,3851.15,1653.33,3256.75,,7355.08,10925.94,254.72
2024-10-28,2797.26,1345.65,6898.52,2964.69,1170.6,9763.8,1729.61,686.9,266.81,1649.56,1487.26,392.19,1303.23,4660.22,253.95,2637.36,1790.21,855.54,716.27,687.86,2500.02,1282.95,4008.68,1791.34,441.4,316.16,964.65,349.57,3309.93,2758.84,11360.29,966.88,1118.03,388.08,239.09,300.35,1329.04,1600.62,776.46,637.59,1873.13,968.72,145.98,3882.75,1639.94,3273.2,,7301.52,11022.73,261.82
2024-10-29,2847.19,1366.05,6959.42,2955.8,1185.84,9607.36,1765.84,697.94,280.24,1623.53,1461.93,395.65,1266.67,4835.45,252.25,2676.26,1790.21,864.24,740.35,688.55,2472.7,1321.65,4019.96,1786.43,444.86,325.69,956.23,351.63,3349.66,2725.01,10927.72,993.35,1115.75,396.01,240.59,302.48,1334.67,1655.89,816.31,638.86,1842.32,984.75,146.64,3867.94,1636.04,3273.55,,7403.89,11042.11,263.5
2024-10-30,2967.83,1389.44,6954.49,2959.56,1169.4,9694.94,1751.6,691.23,285.08,1619.81,1403.26,398.85,1241.97,4806.92,,2662.86,1758.7,855.73,725.05,683.39,2479.79,1302.1,4050.85,1750.3,448.14,,954.73,346.52,3376.86,2686.12,11135.92,991.21,1120.12,392.5,237.54,300.49,1338.55,1618.81,806.26,623.21,1823.12,1015.18,145.58,3876.87,1622.99,3298.52,,7246.17,11134.52,264.93
2024-10-31,2945.79,1369.29,6994.53,2899.31,1158.56,9593.17,1749.9,684.75,281.48,1599.23,1535.35,401.43,1266.17,4832.0,241.75,2686.08,1689.12,856.28,718.16,681.06,2453.87,1282.36,4045.66,1706.74,445.64,321.8,961.06,345.82,3588.83,2706.8,10957.85,1016.43,1113.56,394.58,241.63,302.71,1326.75,1616.82,804.05,614.04,1819.97,995.17,145.17,3766.58,1563.42,3257.25,,7122.18,10995.95,258.63
2024-11-01,2948.04,1387.65,7003.74,2903.46,1168.55,9631.84,1753.85,688.11,285.18,1603.05,1543.07,403.29,1251.66,4890.19,248.99,2689.12,1680.85,857.07,721.71,685.87,2462.85,1281.91,4062.68,1710.24,447.0,325.69,965.7,348.48,3592.84,2795.19,10991.04,1006.39,1123.08,397.67,246.71,303.89,1333.32,1623.5,805.04,616.39,1829.32,996.71,146.34,3781.53,1558.56,3283.82,,7142.81,11075.59,258.42
2024-11-04,2895.96,1342.72,6930.49,2879.21,1138.28,9290.1,1711.67,680.17,280.74,1578.06,1567.85,393.66,1260.31,4770.0,245.08,2581.21,1686.15,845.62,708.89,669.39,2450.52,1267.42,3956.41,1712.96,441.81,319.35,952.34,345.47,3541.42,2860.96,10934.11,1035.41,1105.31,387.62,240.86,297.66,1296.97,1603.51,813.51,615.8,1780.6,987.28,143.6,3762.5,1592.33,3212.33,,7057.64,10932.55,253.47
2024-11-05,2914.11,1322.91,6938.36,2851.56,1170.7,9630.77,1734.8,688.78,282.91,1565.31,1584.28,400.42,1264.18,4837.08,,2641.34,1696.29,867.2,715.27,692.47,2447.18,1286.77,3934.2,1703.78,437.8,,996.82,351.03,3541.77,2876.34,11050.5,1043.4,1113.31,389.7,242.76,298.75,1300.11,1627.83,832.48,618.62,1775.38,993.39,148.82,3769.33,1586.74,3220.56,,6962.32,11105.95,254.83
2024-11-06,3044.74,1363.37,6940.15,2861.44,1165.5,9772.82,1747.85,696.32,298.22,1585.55,1577.2,401.25,1293.89,4854.21,254.94,2636.36,1758.32,865.92,706.75,703.04,2455.37,1292.38,4055.1,1771.28,438.62,325.54,1005.94,352.11,3611.77,2911.16,11232.67,1078.66,1119.78,395.3,244.26,300.54,1320.08,1598.68,837.97,623.39,1798.86,999.64,150.12,3929.07,1645.93,3167.52,,6949.43,11203.39,264.3
2024-11-07,2968.63,1346.55,7395.07,2807.66,1158.91,9613.02,1728.86,686.22,296.74,1562.74,1559.49,400.84,1279.24,4815.56,255.22,2553.41,1752.15,861.63,709.74,643.38,2430.63,1268.91,3989.01,1751.22,435.7,321.05,987.14,348.98,3612.86,2868.31,11179.15,1077.51,1113.51,390.37,240.77,295.3,1300.46,1584.63,842.68,604.76,1762.93,977.6,147.51,3939.75,1604.57,3111.49,,6499.87,10981.19,264.07
2024-11-08,2927.65,1355.51,7391.63,2735.17,1159.96,9665.44,1738.9,685.37,294.17,1556.88,1575.77,390.43,1275.56,4724.0,248.73,2535.63,1757.46,865.53,706.55,645.71,2462.25,1249.21,3996.2,1777.35,435.84,315.56,993.72,348.76,3626.48,2951.19,11181.97,1078.01,1129.65,384.43,238.36,298.42,1278.64,1564.79,826.55,592.51,1781.29,985.65,144.21,3936.05,1634.07,3176.69,,6293.5,10973.79,266.69
2024-11-11,2902.21,1341.37,7126.75,2511.62,1170.0,9674.17,1716.61,673.72,296.15,1547.61,1536.39,388.13,1279.78,4732.09,258.62,2510.37,1785.96,871.37,703.41,650.58,2445.9,1259.58,4004.83,1806.63,434.83,311.51,976.37,348.4,3595.32,2907.24,11277.64,1023.82,1121.48,379.5,233.23,311.2,1267.64,1560.86,830.96,590.84,1766.52,968.77,141.71,3985.12,1656.23,3196.98,,6475.09,10901.35,268.8
2024-11-12,2868.58,1319.58,6991.39,2444.21,1157.16,9439.47,1690.93,659.75,286.66,1542.75,1509.03,381.23,1255.93,4677.55,260.99,2512.06,1791.27,847.64,698.07,646.91,2416.88,1260.87,3906.3,1815.08,431.1,309.77,954.68,343.88,3558.17,2875.45,11023.79,1029.51,1110.23,367.65,232.55,304.5,1269.18,1557.32,810.43,577.39,1772.67,960.43,140.88,3983.88,1639.56,3188.85,,6522.9,10823.39,267.46
2024-11-13,2815.3,1281.66,6831.34,2439.92,1138.18,9218.52,1663.64,652.57,278.17,1537.6,1489.69,374.64,1237.15,4529.96,258.4,2493.83,1783.52,829.46,683.16,622.04,2420.27,1244.1,3842.31,1814.7,430.5,298.93,933.44,337.18,3515.17,2776.64,10931.29,1000.75,1099.93,368.67,229.28,300.07,1247.07,1541.62,792.73,562.16,1751.17,945.74,136.0,3939.23,1628.48,3178.29,,6492.63,10714.29,266.69
2024-11-14,2825.4,1258.43,6833.13,2452.41,1139.73,9248.56,1639.0,650.9,277.57,1537.65,1483.9,377.27,1218.97,4821.19,269.66,2514.8,1777.97,835.09,692.09,622.78,2345.9,1247.33,3884.64,1810.96,424.8,317.85,936.53,341.19,3493.67,2784.83,10888.2,1005.09,1074.12,360.11,227.69,298.73,1262.56,1557.17,788.42,556.0,1740.53,918.19,134.84,3935.0,1640.05,3174.15,,6457.41,10660.92,265.61
2024-11-18,2817.3,1273.11,6714.86,2452.95,1125.24,9281.28,1615.21,652.77,274.71,1524.26,1449.76,380.58,1186.03,4813.24,270.79,2508.03,1755.07,841.18,688.6,646.31,2378.98,1243.85,3969.59,1759.38,425.35,318.3,947.3,344.15,3509.42,2824.21,10975.16,998.7,1089.07,354.51,227.56,298.68,1255.73,1557.47,798.27,561.03,1720.4,923.9,137.99,3815.03,1614.1,3162.78,,6296.2,10563.94,259.12
2024-11-19,2820.1,1283.41,6660.08,2457.16,1132.98,9309.75,1595.57,655.49,275.65,1512.85,1456.0,379.57,1205.8,4901.89,271.36,2499.06,1741.25,859.51,678.52,635.34,2366.66,1239.54,4039.07,1772.3,426.08,318.85,944.76,345.15,3473.5,2925.45,10841.95,996.65,1089.54,354.51,230.67,301.55,1236.71,1517.9,787.19,556.42,1749.44,910.4,136.28,3834.06,1651.86,3215.02,,6418.29,10701.71,263.41
2024-11-21,2182.57,1109.25,6715.45,2402.2,1138.18,9270.06,1568.49,642.6,272.14,1512.51,1450.01,373.81,1187.82,4819.61,266.81,2525.66,1756.36,858.99,672.54,643.33,2339.61,1240.97,4062.93,1781.33,416.78,313.71,941.61,347.02,3451.31,2912.85,10745.15,989.01,1088.09,344.31,225.23,311.94,1218.13,1473.09,765.38,551.98,1752.15,904.99,137.02,3865.67,1654.38,3168.91,,6454.86,10885.85,261.14
2024-11-22,2226.9,1131.25,6907.28,2445.78,1141.42,9247.29,1600.07,664.3,277.48,1556.29,1470.79,381.23,1206.8,4922.37,264.2,2589.23,1815.7,861.16,686.3,647.35,2400.93,1268.26,4135.66,1847.57,432.74,313.31,974.73,351.88,3570.2,2988.94,10945.14,998.8,1105.85,353.3,228.44,322.51,1260.37,1480.27,799.99,561.41,1767.21,938.25,139.53,4028.68,1698.31,3298.77,,6647.04,11303.65,267.93
2024-11-25,2256.38,1161.15,7046.62,2433.42,1154.91,9188.09,1604.12,664.44,288.84,1565.66,1487.41,384.36,1201.68,4938.32,273.31,2620.27,1809.3,880.89,682.91,655.05,2426.65,1290.99,4237.34,1835.38,434.7,322.75,950.74,357.74,3718.32,3021.33,10907.1,970.63,1110.6,356.15,239.88,328.07,1281.88,1490.29,827.83,580.66,1770.75,948.67,140.4,4095.59,1683.88,3299.17,,6769.09,11385.28,272.99
2024-11-26,2149.43,1123.38,7048.16,2478.23,1143.82,8911.59,1593.62,657.74,294.32,1564.17,1476.92,378.88,1201.03,4868.62,280.11,2607.71,1816.8,880.87,680.52,661.25,2434.26,1294.96,4222.46,1868.84,434.88,325.54,961.01,356.31,3668.39,2961.41,10826.77,984.61,1114.69,349.62,236.49,324.28,1290.55,1501.8,822.88,600.08,1734.04,956.46,141.18,4131.28,1696.32,3317.52,,6663.58,11051.0,276.06
2024-11-27,2396.61,1194.14,6954.69,2465.27,1148.67,8963.19,1599.27,666.41,303.66,1564.57,1475.39,384.08,1192.34,4854.55,284.72,2612.4,1808.67,894.06,678.67,656.29,2441.82,1290.74,4260.7,1869.18,434.83,328.39,966.25,356.23,3664.52,2980.85,10939.94,1004.99,1118.97,357.02,236.53,324.72,1288.06,1500.45,817.68,594.69,1722.08,952.99,141.24,4112.16,1707.4,3281.77,,6839.18,11069.73,273.21
2024-11-28,2435.89,1161.95,6813.66,2431.78,1131.53,8790.71,1574.28,646.95,302.08,1547.46,1476.97,382.28,1184.44,4754.06,286.13,2561.13,1760.71,884.62,655.89,645.52,2417.57,1276.5,4345.31,1803.28,432.96,324.94,951.59,351.43,3632.18,2875.6,10832.6,975.72,1100.42,350.01,234.58,319.36,1265.74,1423.91,822.34,599.55,1707.12,934.13,140.12,4028.97,1665.17,3202.71,,6737.36,10928.53,268.19
2024-11-29,2461.93,1184.29,6801.51,2453.1,1135.33,8810.36,1579.18,653.56,304.3,1613.66,1517.69,383.39,1194.72,4770.0,279.76,2596.8,1767.55,886.05,655.94,651.42,2450.91,1290.15,4371.51,1804.45,434.65,327.84,963.41,352.64,3690.38,2942.46,10955.62,978.62,1099.63,351.56,238.77,315.29,1287.06,1433.03,822.44,594.82,1753.04,951.6,141.25,4053.59,1664.15,3239.25,,6789.52,11131.59,270.84
2024-12-02,2455.83,1209.91,7037.46,2452.56,1136.13,8904.67,1595.87,660.99,303.21,1629.97,1491.76,388.27,1214.05,4758.99,282.5,2683.79,1789.98,890.32,638.44,657.78,2434.21,1294.66,4401.81,1825.77,435.06,329.19,987.14,350.39,3669.82,2992.36,11118.96,1018.03,1108.09,346.29,239.56,313.8,1303.94,1417.38,819.94,609.5,1780.25,949.96,143.07,4059.1,1696.85,3296.93,,6799.41,11575.18,273.98
2024-12-03,2512.95,1282.41,7097.96,2443.01,1159.51,8935.34,1606.32,663.45,308.35,1607.11,1517.69,388.64,1216.78,4782.34,279.85,2704.16,1808.39,900.97,632.25,662.69,2437.85,1298.38,4398.07,1837.71,430.82,339.82,996.12,349.58,3752.06,3003.17,11158.48,1033.16,1112.94,355.23,244.02,315.53,1318.04,1436.22,837.14,621.59,1771.89,947.97,143.2,4083.87,1700.3,3322.75,,6835.43,11777.69,273.39
2024-12-04,2493.51,1263.4,7203.34,2433.17,1158.46,8776.71,1627.31,669.87,309.09,1570.97,1484.99,383.62,1207.89,4735.65,286.25,2707.45,1814.99,917.65,648.46,658.22,2419.83,1305.97,4363.48,1834.95,425.85,344.66,992.18,351.1,3754.88,3007.59,11010.68,1063.02,1111.02,360.35,242.49,311.12,1303.74,1447.83,842.78,617.01,1772.03,954.13,142.53,4132.89,1710.12,3354.36,,6817.89,11692.68,275.6
2024-12-05,2521.3,1270.87,7245.57,2426.0,1165.4,8672.16,1643.3,680.84,310.72,1601.96,1482.41,385.23,1232.04,4775.63,299.35,2696.99,1840.19,920.43,641.38,665.97,2449.39,1326.27,4361.18,1879.24,426.22,340.97,996.52,354.62,3796.15,3047.12,11062.52,1095.64,1114.81,356.87,243.04,314.28,1316.79,1427.15,848.41,615.82,1785.08,959.34,143.72,4236.97,1736.7,3430.73,,6964.07,11857.64,280.56
2024-12-06,2505.16,1252.95,7204.29,2403.74,1183.54,8874.97,1634.4,680.83,309.98,1584.6,1461.78,384.08,1245.8,4814.62,302.95,2692.11,1838.95,915.55,634.75,665.27,2438.78,1318.58,4461.66,1867.14,429.55,338.37,1001.1,354.98,3830.97,3048.51,11196.76,1094.89,1115.94,357.21,241.88,314.81,1306.33,1443.79,846.65,615.83,1776.61,967.28,144.91,4219.36,1732.67,3459.69,,6993.89,11773.87,278.74
2024-12-09,2494.61,1260.72,7164.99,2366.29,1162.26,8853.08,1636.25,682.62,310.82,1589.26,1453.47,381.18,1247.24,4780.12,295.3,2671.68,1826.7,922.53,640.03,666.02,2357.24,1312.18,4481.88,1868.36,423.89,336.33,1009.18,356.84,3910.83,3026.93,11159.02,1115.66,1096.78,357.55,240.81,315.0,1290.0,1464.47,841.16,612.0,1778.38,927.08,146.46,4225.67,1727.86,3457.79,,6943.68,11740.38,284.74
2024-12-10,2465.98,1242.7,7229.19,2363.37,1152.66,8790.51,1662.59,689.37,311.07,1565.56,1439.82,381.23,1232.53,4751.44,295.85,2645.68,1852.0,921.59,631.55,664.03,2353.9,1320.26,4469.45,1892.54,424.35,334.58,1010.23,358.53,3886.9,3042.46,11078.3,1115.86,1089.69,356.87,238.95,313.85,1279.74,1457.05,850.42,627.68,1781.63,919.93,146.89,4207.07,1713.96,3465.32,,6872.1,11671.82,288.81
2024-12-11,2456.03,1227.83,7311.35,2391.47,1146.27,8845.67,1685.68,707.15,310.33,1572.85,1438.73,383.9,1230.74,4740.48,291.8,2661.07,1846.79,919.13,632.9,665.62,2357.82,1317.34,4458.02,1917.41,424.17,342.47,997.51,358.53,3880.56,3047.57,11156.99,1130.89,1102.78,353.35,238.67,313.52,1273.12,1451.37,844.64,639.85,1785.62,928.17,147.17,4202.23,1713.23,3462.68,,7057.19,11823.55,289.66
2024-12-12,2502.86,1237.98,7198.11,2364.02,1144.67,8741.7,1678.48,708.21,309.19,1597.2,1430.12,376.67,1237.55,4746.11,284.9,2650.41,1851.86,917.23,624.82,663.83,2302.45,1319.07,4456.82,1929.89,419.93,337.77,1003.1,353.33,3824.23,3043.0,11047.83,1166.35,1094.41,343.78,236.3,315.1,1257.88,1427.79,836.9,639.82,1777.2,914.47,147.34,4228.33,1739.28,3435.41,,7006.43,11782.27,289.75
2024-12-13,2526.3,1253.85,7230.33,2381.92,1147.17,8798.41,1678.88,713.88,311.86,1667.81,1432.0,377.77,1238.5,4764.13,288.25,2682.94,1883.04,923.39,630.81,657.28,2346.78,1334.6,4425.42,1942.22,428.5,339.22,997.16,360.71,3851.08,3056.84,11151.85,1178.69,1108.91,345.27,236.49,319.55,1267.79,1424.11,844.59,622.96,1785.08,922.86,145.56,4246.32,1745.89,3498.32,,6994.19,12007.79,290.55
2024-12-16,2511.16,1237.13,7230.08,2376.58,1149.92,8775.93,1672.83,716.42,312.4,1648.77,1433.14,377.91,1261.95,4776.56,294.15,2675.42,1869.26,920.16,633.2,648.74,2323.26,1335.79,4399.32,1923.14,428.59,339.82,987.69,360.47,3842.02,3060.26,11156.25,1183.43,1101.65,341.16,234.21,320.65,1263.25,1416.98,844.0,618.02,1781.48,913.58,144.42,4190.6,1725.62,3427.88,,6994.29,11867.28,289.84
2024-12-17,2486.37,1225.94,7189.79,2330.82,1135.28,8675.14,1642.35,710.89,306.87,1601.91,1435.52,370.96,1239.79,4681.94,296.8,2590.28,1865.63,904.4,625.02,634.79,2320.42,1323.54,4379.4,1919.79,428.09,336.58,964.25,356.4,3772.02,3017.26,10989.61,1207.36,1084.03,337.44,230.12,315.67,1240.35,1405.07,833.81,586.4,1761.06,898.24,142.36,4108.31,1720.96,3395.88,,6935.64,11700.78,289.52
2024-12-18,2456.18,1204.19,7208.37,2320.39,1121.29,8735.36,1629.96,703.11,300.15,1588.62,1456.84,364.42,1267.36,4689.05,291.9,2584.75,1874.96,893.28,622.83,628.39,2316.44,1304.09,4382.94,1922.26,428.95,324.09,944.31,355.59,3723.42,3026.88,10884.64,1191.92,1076.7,330.39,227.09,307.77,1248.26,1393.41,821.65,577.43,1772.87,902.66,141.17,4126.68,1728.88,3391.69,,7107.59,11689.85,293.03
2024-12-19,2418.15,1199.17,7268.28,2267.36,1107.95,8760.62,1588.78,687.61,294.91,1587.03,1490.63,360.88,1317.25,4710.87,288.5,2529.85,1849.99,884.79,621.83,624.77,2317.08,1277.05,4426.57,1890.26,425.35,312.51,923.46,352.01,3682.01,2990.62,10838.04,1179.34,1063.09,326.18,224.95,307.87,1225.56,1401.28,816.41,580.2,1794.77,900.43,140.0,4054.59,1705.02,3346.78,,7085.86,11597.29,293.17
2024-12-20,2343.79,1176.72,7222.61,2257.96,1070.93,8570.05,1568.89,680.63,287.36,1565.02,1456.49,351.72,1335.18,4673.9,282.1,2479.68,1828.09,873.94,622.08,618.12,2291.6,1278.53,4388.18,1866.9,423.62,303.83,914.89,348.31,3596.31,2883.19,10784.33,1163.86,1064.62,322.17,220.54,302.27,1200.51,1396.0,796.02,566.77,1780.55,882.91,137.47,3958.16,1638.64,3346.18,,6825.64,11350.85,286.09
2024-12-23,2337.79,1186.03,7235.96,2254.84,1078.23,8551.72,1562.64,682.46,290.81,1573.74,1460.45,352.59,1332.9,4689.74,273.95,2517.04,1820.1,888.49,620.83,629.53,2296.51,1286.87,4432.46,1868.99,432.37,304.23,934.53,348.67,3606.86,2886.11,10706.12,1139.78,1058.76,322.55,224.02,301.79,1217.44,1400.68,804.99,567.88,1786.21,896.11,138.48,3946.77,1664.25,3386.76,,6939.99,11400.34,288.63
2024-12-24,2371.27,1176.48,7210.96,2259.59,1077.98,8561.08,1563.79,676.64,288.94,1570.77,1460.15,354.02,1342.39,4731.55,274.85,2492.78,1814.32,887.06,620.78,622.88,2293.22,1287.32,4604.47,1854.18,436.2,304.23,919.37,349.41,3606.12,2905.36,10621.64,1137.74,1066.19,324.15,222.26,296.81,1217.89,1382.44,796.07,567.89,1790.54,900.63,137.18,3966.89,1656.96,3343.34,,7001.08,11318.6,286.19
2024-12-26,2399.06,1237.93,7232.02,2238.22,1075.78,8659.05,1558.54,677.4,291.65,1586.24,1474.8,355.95,1346.61,4739.89,273.2,2473.05,1817.95,883.43,624.67,624.17,2290.47,1287.42,4717.03,1852.57,434.83,305.07,911.99,350.16,3595.96,2951.93,10779.33,1154.37,1057.93,323.52,223.47,297.01,1211.71,1404.42,796.46,576.55,1812.54,894.32,137.16,3957.02,1650.93,3313.08,,7057.59,11388.46,285.95
2024-12-27,2408.76,1224.74,7217.23,2247.13,1076.53,8707.61,1578.53,686.54,288.54,1586.59,1490.68,350.34,1380.69,4814.47,271.25,2471.31,1809.58,887.13,620.19,612.91,2298.81,1297.54,4674.05,1861.66,436.34,304.48,910.85,351.57,3574.76,3025.15,10823.9,1125.1,1065.65,323.86,220.35,296.14,1216.19,1400.68,783.91,571.03,1832.13,901.27,135.74,3952.99,1663.52,3299.27,,7112.14,11334.7,289.75
2024-12-30,2591.07,1212.6,7284.91,2263.8,1069.04,8562.88,1575.93,684.6,281.48,1573.74,1505.32,347.94,1368.22,4793.64,282.1,2434.64,1844.92,877.09,615.7,596.72,2301.02,1284.74,4589.79,1851.21,434.88,305.77,896.54,347.74,3545.88,2978.97,10683.32,1160.76,1062.85,320.38,216.4,294.37,1205.88,1399.24,772.78,574.99,1854.42,896.85,133.76,3947.24,1691.9,3247.58,,6948.33,11217.25,284.69
